<?xml version="1.0"?>
<COLLADA xmlns="http://www.collada.org/2005/11/COLLADASchema" version="1.4.1">
  <asset>
    <contributor>
      <author>Assimp</author>
      <authoring_tool>Assimp Exporter</authoring_tool>
    </contributor>
    <created>2016-11-07T18:38:46</created>
    <modified>2016-11-07T18:38:46</modified>
    <unit name="meter" meter="1" />
    <up_axis>Y_UP</up_axis>
  </asset>
  <library_effects>
    <effect id="Material-fx" name="Material">
      <profile_COMMON>
        <technique sid="standard">
          <phong>
            <diffuse>
              <color sid="diffuse">0.8   0.8   0.8   1</color>
            </diffuse>
          </phong>
        </technique>
      </profile_COMMON>
    </effect>
  </library_effects>
  <library_materials>
    <material id="Material" name="Material">
      <instance_effect url="#Material-fx"/>
    </material>
  </library_materials>
  <library_geometries>
    <geometry id="meshId0" name="meshId0_name" >
      <mesh>
        <source id="meshId0-positions" name="meshId0-positions">
          <float_array id="meshId0-positions-array" count="8016"> 0.684933 0.0892118 -0.0727311 0.685842 0.0837401 -0.0686196 0.69618 0.0873779 -0.0745881 0.695628 0.0892884 -0.0755442 0.663739 0.0888754 -0.0940671 0.663739 0.0831189 -0.0940671 0.666579 0.0831191 -0.104664 0.666579 0.0888755 -0.104664 0.671379 0.0892274 -0.0784498 0.666456 0.0892118 -0.0833991 0.66335 0.0837401 -0.0805564 0.670258 0.0861707 -0.0765676 0.674336 0.0888754 -0.112422 0.674336 0.0831189 -0.112422 0.666579 0.088875 -0.0834698 0.671444 0.0888743 -0.0785996 0.671444 0.0831179 -0.0785996 0.666579 0.0831185 -0.0834698 0.663545 0.0892884 -0.0940671 0.666456 0.0892124 -0.104735 0.662441 0.0837401 -0.106004 0.662441 0.0873779 -0.0940671 0.66335 0.0693525 -0.107578 0.662441 0.0693525 -0.106004 0.66335 0.0837401 -0.107578 0.662441 0.0693525 -0.0821302 0.66335 0.0693525 -0.0805564 0.662441 0.0837401 -0.0821302 0.673687 0.0873779 -0.113546 0.684025 0.0837401 -0.119515 0.684025 0.0693524 -0.119515 0.673687 0.0693525 -0.113546 0.684933 0.0827413 -0.094067 0.684822 0.0824476 -0.114508 0.674634 0.082448 -0.111778 0.684933 0.0827413 -0.094067 0.667175 0.0824476 -0.0839426 0.672317 0.0824469 -0.0787958 0.667175 0.0824482 -0.10432 0.664445 0.082448 -0.0941312 0.685842 0.0693524 -0.119515 0.684934 0.0683032 -0.118828 0.684025 0.0693524 -0.119515 0.66335 0.0693525 -0.0805564 0.662441 0.0693525 -0.0821302 0.66349 0.0683032 -0.0816868 0.662441 0.0693525 -0.106004 0.66335 0.0693525 -0.107578 0.66349 0.0683032 -0.106447 0.684934 0.0892118 -0.115403 0.685842 0.0837401 -0.119515 0.66349 0.0683032 -0.0940671 0.662441 0.0693525 -0.0940671 0.671175 0.0862577 -0.0768151 0.671685 0.0831159 -0.078085 0.671685 0.0884929 -0.078085 0.674239 0.0892884 -0.11259 0.674212 0.0683032 -0.112638 0.673687 0.0693525 -0.113546 0.662441 0.0693525 -0.0940671 0.684025 0.0837401 -0.0686196 0.684025 0.0693525 -0.0686196 0.685842 0.0693525 -0.0686196 0.692774 0.0861786 -0.115513 0.691707 0.0892276 -0.113608 0.692148 0.0890477 -0.113572 0.693085 0.0862878 -0.115105 0.684933 0.0683032 -0.0693065 0.684025 0.0693525 -0.0686196 0.671175 0.0831091 -0.0768151 0.697532 0.0824469 -0.109357 0.691876 0.0824469 -0.112622 0.662441 0.0873779 -0.0940671 0.662441 0.0693525 -0.0940671 0.671444 0.0831179 -0.0785996 0.671444 0.0888743 -0.0785996 0.684934 0.0831185 -0.115262 0.684934 0.088875 -0.115262 0.692774 0.0861786 -0.115513 0.692774 0.0831052 -0.115513 0.697601 0.0824391 -0.110163 0.698073 0.0824265 -0.111665 0.693604 0.0824265 -0.114245 0.692539 0.0824391 -0.113086 0.664445 0.082448 -0.0941312 0.692176 0.0831159 -0.113525 0.693018 0.0862629 -0.114596 0.692176 0.0884938 -0.113525 0.671771 0.0824265 -0.0764824 0.676286 0.0824265 -0.073876 0.677353 0.0824391 -0.0750416 0.672247 0.0824391 -0.07799 0.678016 0.0824469 -0.0755054 0.693549 0.0822237 -0.114834 0.69861 0.0822237 -0.111912 0.699006 0.0817398 -0.111915 0.693354 0.0817398 -0.115178 0.69161 0.0888743 -0.113476 0.691707 0.0892276 -0.113608 0.671631 0.0890472 -0.0780858 0.670767 0.0862808 -0.0765013 0.671379 0.0892274 -0.0784498 0.699077 0.0831072 -0.111646 0.699586 0.0831052 -0.11158 0.693085 0.0831072 -0.115106 0.693018 0.0831091 -0.114596 0.670258 0.0831052 -0.0765676 0.670839 0.0817398 -0.0762326 0.671234 0.0822237 -0.0762351 0.670767 0.0831072 -0.0765013 0.691876 0.0824469 -0.112622 0.69161 0.0831179 -0.113476 0.672317 0.0824469 -0.0787958 0.695531 0.0888754 -0.0757122 0.695531 0.0831189 -0.0757122 0.684933 0.0831185 -0.0728727 0.684933 0.088875 -0.0728727 0.667175 0.0824476 -0.0839426 0.664445 0.082448 -0.0941312 0.663739 0.0831189 -0.0940671 0.670258 0.0861707 -0.0765676 0.69618 0.0693525 -0.0745881 0.697532 0.0824469 -0.109357 0.671379 0.0892274 -0.0784498 0.691707 0.0892276 -0.113608 0.692774 0.0831052 -0.115513 0.69161 0.0831179 -0.113476 0.69161 0.0888743 -0.113476 0.663545 0.0892884 -0.0940671 0.666456 0.0892118 -0.0833991 0.663739 0.0888754 -0.0940671 0.674239 0.0892884 -0.11259 0.666456 0.0892124 -0.104735 0.663545 0.0892884 -0.0940671 0.684934 0.0892118 -0.115403 0.691707 0.0892276 -0.113608 0.671379 0.0892274 -0.0784498 0.667175 0.0824482 -0.10432 0.674634 0.082448 -0.111778 0.664445 0.082448 -0.0941312 0.684822 0.0824476 -0.114508 0.691876 0.0824469 -0.112622 0.676536 0.0817398 -0.0729434 0.67634 0.0822237 -0.0732873 0.672317 0.0824469 -0.0787958 0.678016 0.0824469 -0.0755054 0.706517 0.0693525 -0.107578 0.706377 0.0683032 -0.106448 0.676804 0.0862808 -0.073016 0.677116 0.0861707 -0.0726084 0.678186 0.0892274 -0.0745196 0.677745 0.0890472 -0.0745559 0.703288 0.0888755 -0.08347 0.703288 0.0831191 -0.08347 0.678186 0.0892274 -0.0745196 0.677116 0.0861707 -0.0726084 0.706128 0.0888754 -0.0940672 0.706128 0.0831189 -0.0940672 0.678283 0.0831179 -0.0746512 0.678283 0.0888743 -0.0746512 0.706517 0.0837401 -0.0805565 0.703411 0.0892124 -0.0833992 0.706517 0.0693525 -0.0805565 0.707426 0.0693525 -0.0821304 0.707426 0.0837401 -0.0821304 0.685842 0.0693524 -0.119515 0.707426 0.0873779 -0.0940673 0.707426 0.0693525 -0.0940673 0.707426 0.0837401 -0.106004 0.707426 0.0873779 -0.0940673 0.707426 0.0693525 -0.0940673 0.707426 0.0693525 -0.106004 0.705422 0.082448 -0.0940031 0.702692 0.0824476 -0.104192 0.685044 0.0824476 -0.0736259 0.695233 0.082448 -0.0763559 0.702692 0.0824482 -0.0838145 0.695655 0.0683032 -0.0754967 0.707426 0.0693525 -0.106004 0.685842 0.0693525 -0.0686196 0.706517 0.0693525 -0.0805565 0.706377 0.0683032 -0.0816869 0.707426 0.0693525 -0.0821304 0.706517 0.0837401 -0.107578 0.703411 0.0892118 -0.104735 0.69618 0.0693525 -0.0745881 0.677116 0.0831052 -0.0726084 0.677716 0.0831159 -0.0746028 0.676872 0.0862577 -0.073526 0.677716 0.0884929 -0.0746028 0.706322 0.0892884 -0.0940672 0.707426 0.0693525 -0.0940673 0.706377 0.0683032 -0.0940673 0.706322 0.0892884 -0.0940672 0.706517 0.0693525 -0.107578 0.699077 0.0862879 -0.111646 0.698217 0.0890477 -0.110068 0.698469 0.0892276 -0.109704 0.699586 0.0861786 -0.11158 0.676872 0.0831091 -0.073526 0.678283 0.0831179 -0.0746512 0.678283 0.0888743 -0.0746512 0.703288 0.088875 -0.104665 0.703288 0.0831185 -0.104665 0.706128 0.0831189 -0.0940672 0.706128 0.0888754 -0.0940672 0.699586 0.0831052 -0.11158 0.699586 0.0861786 -0.11158 0.705422 0.082448 -0.0940031 0.698669 0.0862629 -0.111333 0.698163 0.0831159 -0.110068 0.698163 0.0884938 -0.110068 0.670839 0.0817398 -0.0762326 0.676536 0.0817398 -0.0729434 0.698404 0.0888743 -0.109554 0.698469 0.0892276 -0.109704 0.678186 0.0892274 -0.0745196 0.698669 0.0831092 -0.111333 0.677116 0.0831052 -0.0726084 0.676804 0.0831072 -0.0730159 0.698404 0.0831179 -0.109554 0.695233 0.082448 -0.0763559 0.685044 0.0824476 -0.0736259 0.698469 0.0892276 -0.109704 0.698404 0.0831179 -0.109554 0.698404 0.0888743 -0.109554 0.695628 0.0892884 -0.0755442 0.684933 0.0892118 -0.0727311 0.706322 0.0892884 -0.0940672 0.703411 0.0892124 -0.0833992 0.703411 0.0892118 -0.104735 0.706322 0.0892884 -0.0940672 0.698469 0.0892276 -0.109704 0.678186 0.0892274 -0.0745196 0.705422 0.082448 -0.0940031 0.702692 0.0824482 -0.0838145 0.702692 0.0824476 -0.104192 0.705422 0.082448 -0.0940031 0.697532 0.0824469 -0.109357 0.678016 0.0824469 -0.0755054 0.699006 0.0817398 -0.111915 0.693354 0.0817398 -0.115178 0.670258 0.0831052 -0.0765676 0.663545 0.0892884 -0.0940671 0.60912 0.0892118 0.115403 0.610028 0.0837401 0.119515 0.620366 0.0873779 0.113546 0.619814 0.0892884 0.11259 0.587925 0.0888754 0.0940671 0.587925 0.083119 0.0940671 0.590765 0.0831191 0.0834698 0.590765 0.0888756 0.0834698 0.595565 0.0892275 0.109684 0.590642 0.0892118 0.104735 0.587536 0.0837401 0.107578 0.594445 0.0861707 0.111567 0.598523 0.0888754 0.0757121 0.598523 0.083119 0.0757121 0.590765 0.088875 0.104664 0.59563 0.0888744 0.109535 0.59563 0.0831179 0.109535 0.590765 0.0831186 0.104664 0.587731 0.0892884 0.0940671 0.590642 0.0892124 0.0833991 0.586627 0.0837401 0.0821302 0.586627 0.0873779 0.0940671 0.587536 0.0693525 0.0805564 0.586627 0.0693525 0.0821302 0.587536 0.0837401 0.0805564 0.586627 0.0693525 0.106004 0.587536 0.0693525 0.107578 0.586627 0.0837401 0.106004 0.597874 0.0873779 0.074588 0.608211 0.0837401 0.0686195 0.608211 0.0693525 0.0686195 0.597874 0.0693525 0.074588 0.60912 0.0827413 0.0940672 0.609009 0.0824476 0.0736258 0.59882 0.082448 0.0763558 0.60912 0.0827413 0.0940672 0.591362 0.0824476 0.104192 0.596504 0.082447 0.109338 0.591362 0.0824482 0.0838144 0.588632 0.082448 0.094003 0.610029 0.0693525 0.0686195 0.60912 0.0683033 0.0693064 0.608211 0.0693525 0.0686195 0.587536 0.0693525 0.107578 0.586627 0.0693525 0.106004 0.587677 0.0683033 0.106447 0.586627 0.0693525 0.0821302 0.587536 0.0693525 0.0805564 0.587677 0.0683033 0.0816868 0.60912 0.0892118 0.072731 0.610029 0.0837401 0.0686195 0.587677 0.0683033 0.0940671 0.586627 0.0693525 0.0940671 0.595361 0.0862578 0.111319 0.595872 0.0831159 0.110049 0.595872 0.0884929 0.110049 0.598426 0.0892884 0.0755441 0.598398 0.0683033 0.0754966 0.597874 0.0693525 0.074588 0.586627 0.0693525 0.0940671 0.608211 0.0837401 0.119515 0.608211 0.0693525 0.119515 0.610028 0.0693525 0.119515 0.61696 0.0861786 0.0726213 0.615893 0.0892276 0.0745263 0.616335 0.0890477 0.0745627 0.617272 0.0862879 0.0730287 0.60912 0.0683033 0.118828 0.608211 0.0693525 0.119515 0.595361 0.0831092 0.111319 0.621718 0.082447 0.0787774 0.616062 0.082447 0.075512 0.586627 0.0873779 0.0940671 0.586627 0.0693525 0.0940671 0.59563 0.0831179 0.109535 0.59563 0.0888744 0.109535 0.60912 0.0831186 0.0728726 0.60912 0.088875 0.0728726 0.61696 0.0861786 0.0726213 0.61696 0.0831053 0.0726213 0.621788 0.0824391 0.0779711 0.622259 0.0824265 0.0764693 0.61779 0.0824265 0.073889 0.616725 0.0824391 0.0750483 0.588632 0.082448 0.094003 0.616363 0.0831159 0.0746096 0.617204 0.0862629 0.0735385 0.616363 0.0884938 0.0746096 0.595958 0.0824265 0.111652 0.600472 0.0824265 0.114258 0.60154 0.0824391 0.113093 0.596433 0.0824391 0.110144 0.602203 0.082447 0.112629 0.617736 0.0822238 0.0733002 0.622797 0.0822238 0.0762219 0.623192 0.0817399 0.0762195 0.61754 0.0817399 0.0729563 0.615797 0.0888744 0.0746581 0.615893 0.0892276 0.0745263 0.595817 0.0890473 0.110048 0.594954 0.0862808 0.111633 0.595565 0.0892275 0.109684 0.623264 0.0831072 0.076488 0.623772 0.0831053 0.0765544 0.617272 0.0831072 0.0730287 0.617204 0.0831092 0.0735385 0.594445 0.0831053 0.111567 0.595025 0.0817399 0.111902 0.595421 0.0822238 0.111899 0.594954 0.0831072 0.111633 0.616062 0.082447 0.075512 0.615797 0.0831179 0.0746581 0.596504 0.082447 0.109338 0.619717 0.0888754 0.112422 0.619717 0.083119 0.112422 0.60912 0.0831186 0.115262 0.60912 0.088875 0.115262 0.591362 0.0824476 0.104192 0.588632 0.082448 0.094003 0.587925 0.083119 0.0940671 0.594445 0.0861707 0.111567 0.620366 0.0693525 0.113546 0.621718 0.082447 0.0787774 0.595565 0.0892275 0.109684 0.615893 0.0892276 0.0745263 0.61696 0.0831053 0.0726213 0.615797 0.0831179 0.0746581 0.615797 0.0888744 0.0746581 0.587731 0.0892884 0.0940671 0.590642 0.0892118 0.104735 0.587925 0.0888754 0.0940671 0.598426 0.0892884 0.0755441 0.590642 0.0892124 0.0833991 0.587731 0.0892884 0.0940671 0.60912 0.0892118 0.072731 0.615893 0.0892276 0.0745263 0.595565 0.0892275 0.109684 0.591362 0.0824482 0.0838144 0.59882 0.082448 0.0763558 0.588632 0.082448 0.094003 0.609009 0.0824476 0.0736258 0.616062 0.082447 0.075512 0.600722 0.0817399 0.115191 0.600526 0.0822238 0.114847 0.596504 0.082447 0.109338 0.602203 0.082447 0.112629 0.630704 0.0693525 0.0805563 0.630563 0.0683033 0.0816866 0.60099 0.0862808 0.115118 0.601302 0.0861707 0.115526 0.602372 0.0892275 0.113615 0.601931 0.0890473 0.113578 0.627475 0.0888756 0.104664 0.627475 0.0831191 0.104664 0.602372 0.0892275 0.113615 0.601302 0.0861707 0.115526 0.630314 0.0888754 0.094067 0.630314 0.083119 0.094067 0.602469 0.0831179 0.113483 0.602469 0.0888744 0.113483 0.630704 0.0837401 0.107578 0.627597 0.0892124 0.104735 0.630704 0.0693525 0.107578 0.631612 0.0693525 0.106004 0.631612 0.0837401 0.106004 0.610029 0.0693525 0.0686195 0.631612 0.0873779 0.094067 0.631612 0.0693525 0.094067 0.631612 0.0837401 0.0821301 0.631612 0.0873779 0.094067 0.631612 0.0693525 0.094067 0.631612 0.0693525 0.0821301 0.629608 0.082448 0.0941311 0.626878 0.0824476 0.0839425 0.609231 0.0824476 0.114508 0.619419 0.082448 0.111778 0.626878 0.0824482 0.10432 0.619841 0.0683033 0.112638 0.631612 0.0693525 0.0821301 0.610028 0.0693525 0.119515 0.630704 0.0693525 0.107578 0.630563 0.0683033 0.106447 0.631612 0.0693525 0.106004 0.630704 0.0837401 0.0805563 0.627597 0.0892118 0.0833989 0.620366 0.0693525 0.113546 0.601302 0.0831053 0.115526 0.601903 0.0831159 0.113531 0.601058 0.0862578 0.114608 0.601903 0.0884929 0.113531 0.630508 0.0892884 0.094067 0.631612 0.0693525 0.094067 0.630563 0.0683033 0.094067 0.630508 0.0892884 0.094067 0.630704 0.0693525 0.0805563 0.623264 0.0862879 0.076488 0.622404 0.0890477 0.0780666 0.622656 0.0892276 0.0784305 0.623772 0.0861786 0.0765544 0.601058 0.0831092 0.114608 0.602469 0.0831179 0.113483 0.602469 0.0888744 0.113483 0.627475 0.088875 0.0834697 0.627475 0.0831186 0.0834697 0.630314 0.083119 0.094067 0.630314 0.0888754 0.094067 0.623772 0.0831053 0.0765544 0.623772 0.0861786 0.0765544 0.629608 0.082448 0.0941311 0.622856 0.0862629 0.0768015 0.622349 0.0831159 0.0780658 0.622349 0.0884938 0.0780658 0.595025 0.0817399 0.111902 0.600722 0.0817399 0.115191 0.62259 0.0888744 0.0785804 0.622656 0.0892276 0.0784305 0.602372 0.0892275 0.113615 0.622856 0.0831092 0.0768015 0.601302 0.0831053 0.115526 0.60099 0.0831072 0.115118 0.62259 0.0831179 0.0785804 0.619419 0.082448 0.111778 0.609231 0.0824476 0.114508 0.622656 0.0892276 0.0784305 0.62259 0.0831179 0.0785804 0.62259 0.0888744 0.0785804 0.619814 0.0892884 0.11259 0.60912 0.0892118 0.115403 0.630508 0.0892884 0.094067 0.627597 0.0892124 0.104735 0.627597 0.0892118 0.0833989 0.630508 0.0892884 0.094067 0.622656 0.0892276 0.0784305 0.602372 0.0892275 0.113615 0.629608 0.082448 0.0941311 0.626878 0.0824482 0.10432 0.626878 0.0824476 0.0839425 0.629608 0.082448 0.0941311 0.621718 0.082447 0.0787774 0.602203 0.082447 0.112629 0.623192 0.0817399 0.0762195 0.61754 0.0817399 0.0729563 0.594445 0.0831053 0.111567 0.587731 0.0892884 0.0940671 0.56465 0.0687062 0.0355311 0.605471 0.0687062 0.0418157 0.616728 0.0687062 0.0301486 0.568606 0.0687062 0.029959 0.567534 0.0687062 0.0842004 0.590116 0.0687062 0.0873087 0.575842 0.0687062 0.0614135 0.559542 0.0687062 0.059365 0.573625 0.0687062 0.101011 0.564208 0.0509193 -2.01676e-08 0.566449 0.0509193 0.0309412 0.566449 0.0665039 0.0309412 0.564208 0.0665039 -2.27067e-08 0.612769 0.0687062 0.113905 0.644825 0.0687062 0.114182 0.628124 0.0687062 0.100826 0.678621 0.0509193 0.0762756 0.705589 0.0509193 0.0585619 0.705589 0.0665039 0.0585619 0.678621 0.0665039 0.0762756 0.593765 0.0687062 0.107146 0.589693 0.0687062 0.112754 0.61459 0.0687062 0.122858 0.644825 0.0665039 0.12535 0.644825 0.0509193 0.12535 0.647027 0.0509193 0.123148 0.647027 0.0665039 0.123148 0.644825 0.0687062 0.122858 0.605471 0.0687062 0.0651372 0.649229 0.0687062 0.0801347 0.644825 0.0687062 0.0844905 0.647027 0.0665039 0.0850213 0.649183 0.0665039 0.0823724 0.644825 0.0665039 0.12535 0.647027 0.0665039 0.123148 0.624475 0.0687062 0.0809884 0.605471 0.0687062 0.0742299 0.564416 0.0665039 0.0333411 0.566449 0.0665039 0.0309412 0.55339 0.0665039 0.0343639 0.55172 0.0665039 0.0367066 0.553957 0.0687062 0.0365231 0.705589 0.0665039 0.0585619 0.704013 0.0687062 0.0569864 0.677771 0.0687062 0.0742235 0.678621 0.0665039 0.0762756 0.723302 0.0665039 0.0315944 0.72125 0.0687062 0.0307444 0.729846 0.0665039 2.40223e-08 0.727618 0.0687062 2.36635e-08 0.614875 0.0665039 0.12535 0.588613 0.0665039 0.114692 0.647027 0.0665039 0.113905 0.644825 0.0687062 0.0844905 0.624475 0.0687062 0.0809884 0.566436 0.0687062 -2.30655e-08 0.564208 0.0665039 -2.27067e-08 0.557317 0.0665039 0.0595929 0.565295 0.0665039 0.0844372 0.571783 0.0665039 0.102392 0.647027 0.0665039 0.0850213 0.647027 0.0509193 0.0850213 0.649183 0.0509193 0.0823724 0.649183 0.0665039 0.0823724 0.557317 0.0509193 0.0595929 0.565295 0.0509193 0.0844372 0.565295 0.0665039 0.0844372 0.557317 0.0665039 0.0595929 0.571783 0.0509193 0.102392 0.571783 0.0665039 0.102392 0.729404 0.0687062 -0.0355311 0.688583 0.0687062 -0.0418157 0.677327 0.0687062 -0.0301486 0.725448 0.0687062 -0.029959 0.588613 0.0509194 0.114692 0.588613 0.0665039 0.114692 0.647027 0.0665039 0.0850213 0.647027 0.0665039 0.113905 0.647027 0.0509193 0.113905 0.647027 0.0509193 0.0850213 0.647027 0.0665039 0.0850213 0.614875 0.0509194 0.12535 0.614875 0.0665039 0.12535 0.564416 0.0509193 0.0333411 0.564416 0.0665039 0.0333411 0.723302 0.0509193 0.0315944 0.729846 0.0509193 2.65613e-08 0.729846 0.0665039 2.40223e-08 0.723302 0.0665039 0.0315944 0.55339 0.0665039 0.0343639 0.55339 0.0509193 0.0343639 0.55172 0.0509193 0.0367066 0.55172 0.0665039 0.0367066 0.612769 0.0487171 0.113905 0.593765 0.0487171 0.107146 0.593765 0.0687062 0.107146 0.612769 0.0687062 0.113905 0.628124 0.0487171 0.100826 0.628124 0.0687062 0.100826 0.624475 0.0487171 0.0809884 0.624475 0.0687062 0.0809884 0.605471 0.0487171 0.0742299 0.624475 0.0487171 0.0809884 0.624475 0.0687062 0.0809884 0.605471 0.0687062 0.0742299 0.590116 0.0487171 0.0873087 0.590116 0.0687062 0.0873087 0.647027 0.0687062 -4.3739e-09 0.56465 0.0487171 0.0355311 0.568606 0.0487171 0.029959 0.616728 0.0487171 0.0301487 0.605471 0.0487171 0.0418157 0.567534 0.0487171 0.0842004 0.559542 0.0487171 0.059365 0.575842 0.0487171 0.0614135 0.590116 0.0487171 0.0873087 0.573625 0.0487171 0.101011 0.644871 0.0665039 -0.0823724 0.615433 0.0665039 -0.0762756 0.616283 0.0687062 -0.0742235 0.644825 0.0687062 -0.0801348 0.612769 0.0487171 0.113905 0.628124 0.0487171 0.100826 0.644825 0.0487171 0.114182 0.729639 0.0665039 -0.0333411 0.727605 0.0665039 -0.0309412 0.593765 0.0487171 0.107146 0.61459 0.0487171 0.122858 0.589693 0.0487171 0.112754 0.727605 0.0509193 -0.0309412 0.727605 0.0665039 -0.0309412 0.644825 0.0487171 0.122858 0.605471 0.0487171 0.0651372 0.649229 0.0487171 0.0801348 0.649183 0.0509193 0.0823724 0.647027 0.0509193 0.0850213 0.644825 0.0487171 0.0844905 0.647027 0.0509193 0.123148 0.644825 0.0509193 0.12535 0.624475 0.0487171 0.0809884 0.605471 0.0487171 0.0742299 0.564416 0.0509193 0.0333411 0.566449 0.0509193 0.0309412 0.55339 0.0509193 0.0343639 0.553957 0.0487171 0.0365231 0.55172 0.0509193 0.0367066 0.705589 0.0509193 0.0585619 0.678621 0.0509193 0.0762756 0.677771 0.0487171 0.0742235 0.704013 0.048717 0.0569864 0.72125 0.048717 0.0307444 0.723302 0.0509193 0.0315944 0.729846 0.0509193 2.65613e-08 0.727618 0.048717 2.69202e-08 0.614875 0.0509194 0.12535 0.588613 0.0509194 0.114692 0.647027 0.0509193 0.113905 0.624475 0.0487171 0.0809884 0.644825 0.0487171 0.0844905 0.564208 0.0509193 -2.01676e-08 0.566436 0.0487171 -1.98089e-08 0.557317 0.0509193 0.0595929 0.565295 0.0509193 0.0844372 0.571783 0.0509193 0.102392 0.740664 0.0665039 -0.0343639 0.742334 0.0665039 -0.0367066 0.740098 0.0687062 -0.0365231 0.588466 0.0665039 -0.0585619 0.590041 0.0687062 -0.0569864 0.570752 0.0665039 -0.0315944 0.572804 0.0687062 -0.0307444 0.72652 0.0687062 -0.0842004 0.703938 0.0687062 -0.0873087 0.718213 0.0687062 -0.0614135 0.734512 0.0687062 -0.059365 0.681285 0.0687062 -0.113905 0.64923 0.0687062 -0.114182 0.66593 0.0687062 -0.100826 0.647027 0.0509193 0.0850213 0.669579 0.0687062 -0.0809884 0.64923 0.0687062 -0.0844905 0.688583 0.0687062 -0.0742299 0.647027 0.0665039 -0.0850213 0.679464 0.0687062 -0.122858 0.64923 0.0687062 -0.122858 0.700289 0.0687062 -0.107146 0.704361 0.0687062 -0.112754 0.615433 0.0509193 -0.0762756 0.588466 0.0509193 -0.0585619 0.588466 0.0665039 -0.0585619 0.615433 0.0665039 -0.0762756 0.64923 0.0665039 -0.12535 0.64923 0.0509193 -0.12535 0.647027 0.0509193 -0.123148 0.647027 0.0665039 -0.123148 0.720429 0.0687062 -0.101011 0.688583 0.0687062 -0.0651372 0.647027 0.048717 -1.11726e-09 0.64923 0.0665039 -0.12535 0.647027 0.0665039 -0.123148 0.679179 0.0665039 -0.12535 0.705441 0.0665039 -0.114692 0.647027 0.0665039 -0.113905 0.64923 0.0687062 -0.0844905 0.669579 0.0687062 -0.0809884 0.736737 0.0665039 -0.0595929 0.728759 0.0665039 -0.0844372 0.722272 0.0665039 -0.102392 0.647027 0.0665039 -0.0850213 0.647027 0.0509193 -0.0850213 0.644871 0.0509193 -0.0823724 0.644871 0.0665039 -0.0823724 0.736737 0.0509193 -0.0595929 0.728759 0.0509193 -0.0844372 0.728759 0.0665039 -0.0844372 0.736737 0.0665039 -0.0595929 0.722272 0.0509193 -0.102392 0.722272 0.0665039 -0.102392 0.705441 0.0509193 -0.114692 0.705441 0.0665039 -0.114692 0.647027 0.0665039 -0.0850213 0.647027 0.0665039 -0.113905 0.647027 0.0509193 -0.113905 0.647027 0.0509193 -0.0850213 0.647027 0.0665039 -0.0850213 0.679179 0.0509193 -0.12535 0.679179 0.0665039 -0.12535 0.729639 0.0509193 -0.0333411 0.729639 0.0665039 -0.0333411 0.570752 0.0509193 -0.0315944 0.570752 0.0665039 -0.0315944 0.740664 0.0665039 -0.0343639 0.740664 0.0509193 -0.0343639 0.742334 0.0509193 -0.0367066 0.742334 0.0665039 -0.0367066 0.681285 0.048717 -0.113905 0.700289 0.048717 -0.107146 0.700289 0.0687062 -0.107146 0.681285 0.0687062 -0.113905 0.66593 0.048717 -0.100826 0.66593 0.0687062 -0.100826 0.669579 0.048717 -0.0809884 0.669579 0.0687062 -0.0809884 0.688583 0.048717 -0.0742299 0.669579 0.048717 -0.0809884 0.669579 0.0687062 -0.0809884 0.688583 0.0687062 -0.0742299 0.703938 0.048717 -0.0873087 0.703938 0.0687062 -0.0873087 0.729404 0.048717 -0.0355311 0.725448 0.048717 -0.029959 0.677327 0.048717 -0.0301486 0.688583 0.048717 -0.0418157 0.72652 0.048717 -0.0842004 0.734512 0.048717 -0.059365 0.718213 0.048717 -0.0614135 0.703938 0.048717 -0.0873087 0.720429 0.048717 -0.101011 0.681285 0.048717 -0.113905 0.66593 0.048717 -0.100826 0.64923 0.048717 -0.114182 0.700289 0.048717 -0.107146 0.679464 0.048717 -0.122858 0.704361 0.048717 -0.112754 0.64923 0.048717 -0.122858 0.688583 0.048717 -0.0651372 0.644825 0.048717 -0.0801347 0.644871 0.0509193 -0.0823724 0.647027 0.0509193 -0.0850213 0.64923 0.048717 -0.0844905 0.647027 0.0509193 -0.123148 0.64923 0.0509193 -0.12535 0.669579 0.048717 -0.0809884 0.688583 0.048717 -0.0742299 0.729639 0.0509193 -0.0333411 0.727605 0.0509193 -0.0309412 0.740664 0.0509193 -0.0343639 0.740098 0.048717 -0.0365231 0.742334 0.0509193 -0.0367066 0.588466 0.0509193 -0.0585619 0.615433 0.0509193 -0.0762756 0.616283 0.048717 -0.0742235 0.590041 0.048717 -0.0569864 0.572804 0.048717 -0.0307444 0.570752 0.0509193 -0.0315944 0.679179 0.0509193 -0.12535 0.705441 0.0509193 -0.114692 0.647027 0.0509193 -0.113905 0.669579 0.048717 -0.0809884 0.64923 0.048717 -0.0844905 0.736737 0.0509193 -0.0595929 0.728759 0.0509193 -0.0844372 0.722272 0.0509193 -0.102392 0.647027 0.0509193 -0.0850213 0.422717 0.00265024 -0.0278324 0.51852 0.00265 -0.0278325 0.51852 -0.0177381 -0.0482205 0.422717 -0.0177381 -0.0482208 0.375657 -0.00878452 0.0637595 0.365239 -0.0455887 0.0637593 0.42076 -0.0455887 0.0637593 0.42076 -0.00878452 0.0637594 0.375657 -0.119197 1.22599e-05 0.365239 -0.100795 -0.0318611 0.42076 -0.100795 -0.0318612 0.42076 -0.119197 1.22225e-05 0.42076 0.00961815 -0.0318609 0.42076 0.0280201 1.25163e-05 0.422717 0.0101126 1.82669e-05 0.422717 0.00265024 -0.0278324 0.375657 -0.082393 0.0637591 0.365239 -0.100795 0.0318857 0.42076 -0.100795 0.0318857 0.42076 -0.082393 0.0637591 0.375657 -0.0823928 -0.0637345 0.365239 -0.0455883 -0.0637344 0.42076 -0.0455883 -0.0637345 0.42076 -0.0823928 -0.0637346 0.375657 -0.00878386 -0.0637344 0.365239 0.00961815 -0.0318609 0.42076 0.00961815 -0.0318609 0.42076 -0.00878385 -0.0637344 0.422717 -0.0734393 -0.0482209 0.42076 -0.0823928 -0.0637346 0.42076 -0.0455883 -0.0637345 0.422717 -0.0455887 -0.0556834 0.422717 -0.10129 1.7743e-05 0.42076 -0.119197 1.22225e-05 0.42076 -0.100795 -0.0318612 0.422717 -0.0938274 -0.0278329 0.42076 0.00961782 0.031886 0.42076 -0.00878452 0.0637594 0.422717 -0.0177381 0.0482568 0.422717 0.00265 0.0278687 0.422717 -0.0734397 0.0482566 0.42076 -0.082393 0.0637591 0.42076 -0.100795 0.0318857 0.422717 -0.0938277 0.0278684 0.42076 -0.00878385 -0.0637344 0.422717 -0.0177381 -0.0482208 0.42076 0.00961782 0.031886 0.365239 0.00961782 0.031886 0.42076 0.0280201 1.25163e-05 0.375657 0.0280201 1.25537e-05 0.42076 -0.119197 1.22225e-05 0.375657 -0.119197 1.22599e-05 0.347121 -0.0180076 -0.0477714 0.347121 0.00218297 -0.0275808 0.347121 -0.0455885 -0.0551617 0.347121 -0.0731694 0.0477716 0.347121 -0.0455885 0.0551619 0.42076 -0.0455887 0.0637593 0.422717 -0.0455887 0.0557193 0.42076 -0.119197 1.22225e-05 0.422717 -0.10129 1.7743e-05 0.347121 -0.0180076 0.0477716 0.347121 0.00218299 0.027581 0.347121 0.00957326 9.87181e-08 0.347121 -0.0731694 -0.0477714 0.347121 -0.09336 -0.0275808 0.347121 -0.09336 0.027581 0.347121 -0.10075 1.26038e-07 0.347121 -0.10075 1.26038e-07 0.422717 -0.0734397 0.0482566 0.51852 -0.0734393 0.0482571 0.51852 -0.0455887 0.0557197 0.422717 -0.0455887 0.0557193 0.422717 -0.0938274 -0.0278329 0.51852 -0.0938277 -0.0278321 0.51852 -0.10129 1.8528e-05 0.422717 -0.10129 1.7743e-05 0.422717 0.0101126 1.82669e-05 0.51852 0.0101126 1.79585e-05 0.51852 -0.0455887 -0.0556831 0.422717 -0.0455887 -0.0556834 0.51852 -0.017738 0.0482571 0.422717 -0.0177381 0.0482568 0.422717 -0.10129 1.7743e-05 0.51852 -0.10129 1.8528e-05 0.51852 -0.0938274 0.0278691 0.422717 -0.0938277 0.0278684 0.51852 -0.0177381 -0.0482205 0.51852 0.00265 -0.0278325 0.518071 -0.0455887 1.82946e-05 0.51852 -0.0734397 -0.0482203 0.422717 -0.0734393 -0.0482209 0.51852 0.00265025 0.0278686 0.422717 0.00265 0.0278687 0.51852 0.00265025 0.0278686 0.51852 -0.017738 0.0482571 0.51852 -0.0734393 0.0482571 0.51852 -0.0938274 0.0278691 0.51852 -0.0938277 -0.0278321 0.51852 -0.0734397 -0.0482203 0.51852 0.0101126 1.79585e-05 0.51852 -0.0455887 0.0557197 0.51852 -0.10129 1.8528e-05 0.51852 -0.10129 1.8528e-05 0.51852 -0.0455887 -0.0556831 -0.853117 -0.115744 0.0637597 -0.89819 -0.117384 0.0637598 -0.897521 -0.135774 0.0318864 -0.842037 -0.133755 0.0318864 -0.844045 -0.0785846 0.0637597 -0.899529 -0.0806042 0.0637597 -0.855795 -0.0421841 -0.0637343 -0.844045 -0.0785851 -0.0637341 -0.899529 -0.0806047 -0.0637341 -0.900868 -0.0438248 -0.0637342 -0.89819 -0.117385 -0.0637339 -0.853117 -0.115744 -0.0637339 -0.842037 -0.133755 -0.0318605 -0.897521 -0.135774 -0.0318604 -0.900868 -0.0438241 0.0637596 -0.855795 -0.0421835 0.0637596 -0.846053 -0.0234147 0.0318861 -0.901537 -0.0254343 0.0318861 -0.900209 -0.136585 7.46833e-06 -0.896851 -0.154164 1.29946e-05 -0.897521 -0.135774 0.0318864 -0.90048 -0.129127 0.0278581 -0.901222 -0.108753 -0.0482314 -0.89819 -0.117385 -0.0637339 -0.897521 -0.135774 -0.0318604 -0.90048 -0.129127 -0.0278432 -0.896851 -0.154164 1.29946e-05 -0.900209 -0.136585 7.46833e-06 -0.851778 -0.152524 1.29756e-05 -0.896851 -0.154164 1.29946e-05 -0.900868 -0.0438241 0.0637596 -0.903248 -0.0530878 0.048246 -0.902235 -0.08092 0.0557086 -0.899529 -0.0806042 0.0637597 -0.901537 -0.0254343 0.0318861 -0.90399 -0.032713 0.0278576 -0.857133 -0.00540382 1.26339e-05 -0.902207 -0.00704448 1.26528e-05 -0.896851 -0.154164 1.29946e-05 -0.851778 -0.152524 1.29756e-05 -0.89819 -0.117384 0.0637598 -0.901222 -0.108752 0.0482461 -0.827945 -0.0228004 1.24591e-05 -0.827676 -0.0301858 -0.0275684 -0.846053 -0.023415 -0.0318608 -0.902235 -0.0809201 -0.0556941 -0.899529 -0.0806047 -0.0637341 -0.904261 -0.0252556 6.90813e-06 -0.902207 -0.00704448 1.26528e-05 -0.901537 -0.0254346 -0.0318608 -0.90399 -0.0327133 -0.0278436 -0.900868 -0.0438248 -0.0637342 -0.903248 -0.0530879 -0.0482316 -0.826942 -0.0503631 0.047784 -0.827676 -0.0301858 0.0275933 -0.825938 -0.0779257 0.0551742 -0.824935 -0.105488 -0.0477591 -0.825938 -0.0779257 -0.0551493 -0.901537 -0.0254346 -0.0318608 -0.826942 -0.0503631 -0.047759 -0.824935 -0.105488 0.047784 -0.8242 -0.125666 0.0275934 -0.8242 -0.125666 -0.0275684 -0.823932 -0.133051 1.24584e-05 -0.820037 -0.0777109 0.0588465 -0.802815 -0.077084 0.0551622 -0.803818 -0.0495214 0.0477719 -0.821107 -0.0483134 0.0509642 -0.827676 -0.0301858 -0.0275684 -0.827945 -0.0228004 1.24591e-05 -0.824687 -0.0190243 1.24492e-05 -0.824401 -0.026899 -0.029396 -0.824935 -0.105488 -0.0477591 -0.825938 -0.0779257 -0.0551493 -0.822548 -0.0778023 -0.0588045 -0.821478 -0.107191 -0.0509245 -0.821107 -0.0483134 -0.0509393 -0.803818 -0.0495214 -0.0477711 -0.802815 -0.0770841 -0.0551614 -0.820037 -0.0777109 -0.0588215 -0.824935 -0.105488 0.047784 -0.8242 -0.125666 0.0275934 -0.820695 -0.128706 0.0294209 -0.821478 -0.107191 0.0509494 -0.827676 -0.0301858 0.0275933 -0.826942 -0.0503631 0.047784 -0.823617 -0.0484133 0.0509494 -0.824401 -0.026899 0.0294209 -0.823932 -0.133051 1.24584e-05 -0.8242 -0.125666 -0.0275684 -0.820695 -0.128706 -0.029396 -0.820408 -0.13658 1.2459e-05 -0.825938 -0.0779257 0.0551742 -0.822548 -0.0778023 0.0588294 -0.826942 -0.0503631 -0.047759 -0.823617 -0.0484133 -0.0509245 -0.822177 -0.0189159 1.24492e-05 -0.804821 -0.0219588 3.84229e-07 -0.804553 -0.0293442 -0.0275805 -0.82189 -0.0267929 -0.0294045 -0.82189 -0.0267929 0.0294295 -0.804553 -0.0293442 0.0275813 -0.818184 -0.128629 0.0294295 -0.801077 -0.124824 0.0275813 -0.801812 -0.104647 0.0477719 -0.818967 -0.107108 0.0509642 -0.818967 -0.107108 -0.0509393 -0.801812 -0.104647 -0.0477711 -0.801077 -0.124824 -0.0275805 -0.818184 -0.128629 -0.0294045 -0.823932 -0.133051 1.24584e-05 -0.820408 -0.13658 1.2459e-05 -0.817897 -0.136506 1.2459e-05 -0.800809 -0.132209 4.11537e-07 -0.800809 -0.132209 4.11537e-07 -0.817897 -0.136506 1.2459e-05 0.341215 -0.0957356 -0.0289523 0.341215 -0.103493 1.26485e-07 0.307792 -0.10075 1.35384e-07 0.307792 -0.09336 -0.0275808 0.347121 0.00218299 0.027581 0.347121 0.00957326 9.87181e-08 0.343728 0.0132284 9.81226e-08 0.343728 0.00534847 0.0294086 0.347121 -0.0731694 0.0477716 0.347121 -0.0455885 0.0551619 0.343728 -0.0455885 0.0588171 0.343728 -0.074997 0.0509371 0.341215 -0.074541 0.0501472 0.341215 -0.0455885 0.057905 0.307792 -0.0455885 0.0551619 0.307792 -0.0731694 0.0477716 0.347121 -0.0731694 -0.0477714 0.347121 -0.09336 -0.0275808 0.343728 -0.0965255 -0.0294083 0.343728 -0.074997 -0.0509369 0.347121 0.00218297 -0.0275808 0.347121 -0.0180076 -0.0477714 0.343728 -0.0161801 -0.0509369 0.343728 0.00534845 -0.0294084 0.347121 -0.10075 1.26038e-07 0.347121 -0.09336 0.027581 0.343728 -0.0965255 0.0294086 0.343728 -0.104405 1.26633e-07 0.341215 0.0045586 -0.0289523 0.341215 -0.0166361 -0.050147 0.307792 -0.0180076 -0.0477714 0.307792 0.00218299 -0.0275808 0.347121 -0.0455885 -0.0551617 0.343728 -0.0455885 -0.0588168 0.347121 -0.0180076 0.0477716 0.343728 -0.01618 0.0509371 0.341215 -0.0166361 0.0501472 0.341215 0.00455861 0.0289526 0.307792 0.00218299 0.027581 0.307792 -0.0180076 0.0477716 0.341215 -0.0455885 -0.0579048 0.341215 -0.074541 -0.050147 0.307792 -0.0731694 -0.0477714 0.307792 -0.0455885 -0.0551617 0.0157604 -0.0748872 0.0477717 0.014757 -0.0473245 0.055162 0.109733 -0.0180076 0.0477717 0.110176 -0.0455885 0.055162 0.341215 0.0123164 9.82712e-08 0.307792 0.00957326 1.08064e-07 0.0167637 -0.10245 2.10427e-07 0.0164949 -0.0950644 0.0275811 0.341215 -0.0957356 0.0289526 0.307792 -0.09336 0.027581 0.110176 -0.0731694 0.0477717 0.110176 -0.09336 0.0275811 0.0157604 -0.0748872 -0.0477713 0.0164946 -0.0950645 -0.0275807 0.110176 -0.10075 1.82113e-07 0.110176 -0.09336 -0.0275807 0.341215 -0.103493 1.26485e-07 0.307792 -0.10075 1.35384e-07 0.0142211 -0.0197618 -0.0477713 0.014757 -0.0473246 -0.0551616 0.347121 -0.10075 1.26038e-07 0.343728 -0.104405 1.26633e-07 0.110176 -0.0731694 -0.0477713 0.110176 -0.0455885 -0.0551616 0.0167637 -0.10245 2.10427e-07 0.0167632 0.000416799 -0.0275807 0.0320499 -0.0179725 0.0477717 0.0326145 -0.0466772 0.055162 0.0538407 -0.045911 0.055162 0.0538464 -0.0143861 0.0477717 -0.823932 -0.133051 1.24584e-05 -0.901222 -0.108753 -0.0482314 -0.996961 -0.112237 -0.048232 -0.997974 -0.0844049 -0.0556945 -0.902235 -0.0809201 -0.0556941 -0.90048 -0.129127 0.0278581 -0.996219 -0.132612 0.0278573 -0.995948 -0.140069 6.65581e-06 -0.900209 -0.136585 7.46833e-06 -0.904261 -0.0252556 6.90813e-06 -1 -0.0287405 7.18908e-06 -0.999729 -0.0361981 0.0278577 -0.90399 -0.032713 0.0278576 -0.903248 -0.0530878 0.048246 -0.998987 -0.0565728 0.0482457 -0.997974 -0.084405 0.0557082 -0.902235 -0.08092 0.0557086 -0.998987 -0.0565727 -0.0482319 -0.903248 -0.0530879 -0.0482316 -0.900209 -0.136585 7.46833e-06 -0.995948 -0.140069 6.65581e-06 -0.996219 -0.132612 -0.0278439 -0.90048 -0.129127 -0.0278432 -0.998815 -0.0597662 -0.0426936 -0.997919 -0.0844029 -0.0492994 -0.962886 -0.0831277 -0.0492994 -0.963783 -0.058491 -0.0426936 -0.996961 -0.112238 0.0482455 -0.901222 -0.108752 0.0482461 -0.999729 -0.0361979 -0.0278435 -0.90399 -0.0327133 -0.0278436 -0.997919 -0.0844029 0.0493131 -0.998815 -0.0597662 0.0427074 -0.963783 -0.058491 0.0427074 -0.962886 -0.0831278 0.0493131 -0.999472 -0.0417308 0.0246601 -0.999712 -0.0351293 7.16208e-06 -0.96468 -0.0338542 7.16187e-06 -0.964439 -0.0404556 0.0246601 -0.996125 -0.133677 6.68281e-06 -0.996365 -0.127075 0.0246598 -0.961333 -0.1258 0.0246598 -0.961093 -0.132401 6.6826e-06 -0.997022 -0.10904 -0.0426936 -0.961989 -0.107764 -0.0426936 -0.999472 -0.0417306 -0.024646 -0.964439 -0.0404554 -0.024646 -0.997022 -0.10904 0.0427072 -0.961989 -0.107765 0.0427072 -0.996365 -0.127075 -0.0246464 -0.961333 -0.1258 -0.0246464 -0.996125 -0.133677 6.68281e-06 -0.961093 -0.132401 6.6826e-06 0.109733 -0.0180076 -0.0477713 0.106672 0.00218299 -0.0275807 0.101271 0.00957326 1.64139e-07 0.106672 0.00218299 0.027581 0.0222635 0.00780442 1.83118e-07 0.0167632 0.000416807 0.0275811 0.110176 -0.10075 1.82113e-07 0.0142211 -0.0197617 0.0477717 0.0320499 -0.0179725 -0.0477713 0.0345898 0.00230796 -0.0275807 0.0538551 0.00570213 -0.0275807 0.0538464 -0.0143861 -0.0477713 0.0400535 0.00996017 1.73421e-07 0.0539023 0.0128272 1.72954e-07 0.0345898 0.00230797 0.0275811 0.0538551 0.00570214 0.0275811 0.0326307 -0.0466767 -0.0551616 0.0538419 -0.045911 -0.0551616 0.0717254 -0.0455885 -0.0551616 0.0717033 -0.0141127 -0.0477713 0.0918513 -0.0168099 -0.0477713 0.09229 -0.0455885 -0.0551616 0.0330661 -0.0981971 6.66021e-05 0.0331567 -0.0922731 -0.0258164 0.0549132 -0.0857743 -0.0208531 0.0553958 -0.0881167 0.000267684 0.0701891 -0.0854042 -0.0208104 0.071354 -0.0753995 -0.0368426 0.0928086 -0.073016 -0.0446879 0.0933239 -0.0910565 -0.0258545 0.0713193 -0.0754727 0.0368303 0.0704873 -0.0853634 0.0210884 0.0933508 -0.0910822 0.0259153 0.0928403 -0.0730487 0.0446997 0.0331555 -0.092222 0.0258999 0.0330661 -0.0981971 6.66021e-05 0.0553958 -0.0881167 0.000267684 0.0552346 -0.0856651 0.0210991 0.0330658 -0.0741595 0.0446777 0.0542908 -0.0757838 0.0368384 0.0717033 -0.0141127 0.0477717 0.0717075 -0.0455885 0.055162 0.0923068 -0.0455885 0.055162 0.0918513 -0.0168099 0.0477717 0.0697576 -0.0877449 0.000269198 0.0936311 -0.0970157 6.52094e-05 0.0697576 -0.0877449 0.000269198 0.0936311 -0.0970157 6.52094e-05 0.0330963 -0.0741619 -0.044666 0.0542932 -0.0757207 -0.0368371 0.0716961 0.00597433 0.0275811 0.0887901 0.00348565 0.0275811 0.071662 0.0131331 1.63559e-07 0.0834132 0.0111097 1.63888e-07 0.0716961 0.00597432 -0.0275807 0.0887901 0.00348564 -0.0275807 0.872461 -0.0455887 -0.0556943 0.776659 -0.0455887 -0.0556947 0.776659 -0.0177381 -0.0482321 0.872461 -0.0177381 -0.0482318 0.872461 -0.0177381 0.0482458 0.776659 -0.0177381 0.0482455 0.776659 -0.0455887 0.0557081 0.872461 -0.0455887 0.0557084 0.872461 -0.0938274 0.0278579 0.776659 -0.0938277 0.0278572 0.776659 -0.10129 6.49996e-06 0.872461 -0.10129 7.31305e-06 0.872461 -0.0734398 -0.0482316 0.776659 -0.0734393 -0.0482321 0.872461 0.00265023 0.0278574 0.776659 0.00265 0.0278575 0.872461 -0.0734393 0.0482459 0.776659 -0.0734397 0.0482453 0.872461 -0.0938277 -0.0278433 0.776659 -0.0938275 -0.0278441 0.872461 0.0101126 6.74349e-06 0.776659 0.0101126 7.02387e-06 0.776659 0.00265022 -0.0278436 0.872461 0.00265 -0.0278437 0.872461 -0.10129 7.31305e-06 0.776659 -0.10129 6.49996e-06 0.874236 -0.011536 -0.058969 0.874236 0.00549052 -0.0294784 0.925501 0.00549082 -0.0294877 0.925501 -0.0115354 -0.0589783 0.874236 -0.0796415 -0.0589687 0.874236 -0.0455888 -0.0589689 0.925501 -0.0455884 -0.0589784 0.925501 -0.0796413 -0.0589784 0.874236 -0.113694 1.24366e-05 0.874236 -0.0966677 -0.0294781 0.925501 -0.0966676 -0.0294879 0.925501 -0.113694 2.59544e-06 0.874236 0.0225171 1.21247e-05 0.874236 0.00549083 0.0295027 0.925501 0.00549053 0.0294934 0.925501 0.0225171 2.86297e-06 0.925501 0.00549082 -0.0294877 0.925501 0.0225171 2.86297e-06 0.927276 0.0101126 8.24817e-06 0.927276 0.00265022 -0.0278424 0.872461 -0.0734393 0.0482459 0.874236 -0.0796413 0.0589934 0.874236 -0.0455883 0.0589934 0.872461 -0.0455887 0.0557084 0.872461 -0.10129 7.31305e-06 0.874236 -0.113694 1.24366e-05 0.874236 -0.0966676 0.0295029 0.872461 -0.0938274 0.0278579 0.874236 0.00549052 -0.0294784 0.874236 -0.011536 -0.058969 0.872461 -0.0177381 -0.0482318 0.872461 0.00265 -0.0278437 0.874236 -0.0796413 0.0589934 0.874236 -0.0966676 0.0295029 0.925501 -0.0966677 0.0294931 0.925501 -0.0796414 0.0589837 0.872461 -0.0734398 -0.0482316 0.874236 -0.0796415 -0.0589687 0.874236 -0.0966677 -0.0294781 0.872461 -0.0938277 -0.0278433 0.874236 -0.0115354 0.0589933 0.872461 -0.0177381 0.0482458 0.874236 -0.0115354 0.0589933 0.925501 -0.011536 0.058984 0.872461 0.0101126 6.74349e-06 0.874236 0.0225171 1.21247e-05 0.874236 0.00549083 0.0295027 0.872461 0.00265023 0.0278574 0.874236 -0.0455883 0.0589934 0.925501 -0.0455887 0.0589839 0.874236 -0.0455888 -0.0589689 0.872461 -0.0455887 -0.0556943 0.874236 -0.113694 1.24366e-05 0.872461 -0.10129 7.31305e-06 0.776659 -0.0177381 0.0482455 0.776659 0.00265 0.0278575 0.776659 -0.0455887 6.72453e-06 0.776659 0.00265022 -0.0278436 0.776659 -0.0177381 -0.0482321 0.776659 -0.0734393 -0.0482321 0.776659 -0.0938275 -0.0278441 0.776659 -0.0938277 0.0278572 0.776659 -0.0734397 0.0482453 0.776659 -0.0455887 -0.0556947 0.776659 -0.10129 6.49996e-06 0.776659 0.0101126 7.02387e-06 0.776659 -0.0455887 0.0557081 0.925501 -0.0455887 0.0589839 0.927276 -0.0455887 0.0557093 0.927276 -0.0177381 0.0482467 0.925501 -0.011536 0.058984 0.874236 -0.113694 1.24366e-05 0.925501 -0.113694 2.59544e-06 0.925501 -0.0966677 0.0294931 0.925501 -0.113694 2.59544e-06 0.927276 -0.10129 7.71492e-06 0.927276 -0.0938277 0.0278584 0.925501 0.00549053 0.0294934 0.927276 0.00265 0.0278587 0.925501 -0.0796414 0.0589837 0.927276 -0.0734397 0.0482466 0.927276 0.00265022 -0.0278424 1 0.00265 -0.0278425 1 -0.0177381 -0.0482305 0.927276 -0.0177381 -0.0482308 0.925501 -0.0796413 -0.0589784 0.925501 -0.0455884 -0.0589784 0.927276 -0.0455887 -0.0556934 0.927276 -0.0734393 -0.0482309 0.925501 -0.0966676 -0.0294879 0.927276 -0.0938275 -0.0278429 0.925501 -0.113694 2.59544e-06 0.927276 -0.10129 7.71492e-06 0.925501 -0.0115354 -0.0589783 0.927276 -0.0177381 -0.0482308 0.927276 -0.0734397 0.0482466 1 -0.0734393 0.0482471 1 -0.0455887 0.0557096 0.927276 -0.0455887 0.0557093 0.927276 -0.0938275 -0.0278429 1 -0.0938277 -0.0278421 1 -0.10129 8.528e-06 0.927276 -0.10129 7.71492e-06 0.927276 0.0101126 8.24817e-06 1 0.0101126 7.96779e-06 1 -0.0455887 -0.0556931 0.927276 -0.0455887 -0.0556934 1 -0.0177381 0.0482471 0.927276 -0.0177381 0.0482467 0.927276 -0.10129 7.71492e-06 1 -0.10129 8.528e-06 1 -0.0938274 0.0278591 0.927276 -0.0938277 0.0278584 1 -0.0177381 -0.0482305 1 0.00265 -0.0278425 0.999551 -0.00412453 -0.0239312 0.999551 -0.0216494 -0.041456 1 -0.0734398 -0.0482303 0.927276 -0.0734393 -0.0482309 1 0.00265023 0.0278586 0.927276 0.00265 0.0278587 0.999551 -0.0216493 0.0414725 0.999551 -0.00412432 0.0239474 1 0.00265023 0.0278586 1 -0.0177381 0.0482471 0.999551 -0.0870529 0.0239478 0.999551 -0.0695281 0.0414726 1 -0.0734393 0.0482471 1 -0.0938274 0.0278591 0.999551 -0.0695284 -0.0414558 0.999551 -0.0870532 -0.0239309 1 -0.0938277 -0.0278421 1 -0.0734398 -0.0482303 0.999551 0.00229007 8.0158e-06 1 0.0101126 7.96779e-06 0.999551 -0.0455887 0.0478871 1 -0.0455887 0.0557096 0.999551 -0.0934676 8.49869e-06 1 -0.10129 8.528e-06 0.999551 -0.0216494 -0.041456 0.999551 -0.00412453 -0.0239312 0.965111 -0.0049296 -0.0234664 0.965111 -0.0221142 -0.0406509 0.999551 -0.0934676 8.49869e-06 1 -0.10129 8.528e-06 0.999551 -0.0455887 -0.0478705 1 -0.0455887 -0.0556931 0.999551 -0.0695284 -0.0414558 0.999551 -0.0455887 -0.0478705 0.965111 -0.0455887 -0.0469409 0.965111 -0.0690636 -0.0406508 0.999551 0.00229007 8.0158e-06 0.965111 0.00136047 8.02529e-06 0.999551 -0.00412432 0.0239474 0.965111 -0.00492937 0.0234826 0.999551 -0.0216493 0.0414725 0.965111 -0.0221141 0.0406675 0.999551 -0.0455887 0.0478871 0.965111 -0.0455887 0.0469575 0.999551 -0.0695281 0.0414726 0.965111 -0.0690633 0.0406676 0.999551 -0.0870529 0.0239478 0.965111 -0.0862479 0.023483 0.999551 -0.0934676 8.49869e-06 0.965111 -0.092538 8.50788e-06 0.999551 -0.0934676 8.49869e-06 0.999551 -0.0870532 -0.0239309 0.965111 -0.0862481 -0.0234661 0.965111 -0.092538 8.50788e-06 0.965111 -0.0221142 -0.0406509 0.965111 -0.0049296 -0.0234664 0.964662 -0.0455888 8.29463e-06 0.965111 -0.0455887 -0.0469409 0.965111 -0.0690636 -0.0406508 0.965111 -0.0862481 -0.0234661 0.965111 -0.092538 8.50788e-06 0.965111 -0.0862479 0.023483 0.965111 -0.092538 8.50788e-06 0.965111 -0.0690633 0.0406676 0.965111 -0.0455887 0.0469575 0.965111 -0.0221141 0.0406675 0.965111 -0.00492937 0.0234826 0.965111 0.00136047 8.02529e-06 0.534027 -0.0464512 -0.0810672 0.534027 -0.0773774 -0.0746622 0.444185 -0.0738391 -0.0661202 0.444185 -0.0464513 -0.0717924 0.444185 -0.0190633 0.0661202 0.534028 -0.0155251 0.0746623 0.534027 0.010872 0.0573232 0.444185 0.00431365 0.0507649 0.444185 -0.112571 -0.0273878 0.534028 -0.121113 -0.0309261 0.534028 -0.127518 3.69409e-08 0.444185 -0.118244 2.60841e-08 0.444185 -0.0464512 0.0717924 0.534028 -0.0464512 0.0810673 0.444185 -0.112571 0.0273879 0.534027 -0.121113 0.0309262 0.534027 -0.103774 0.0573232 0.444185 -0.0972161 0.0507649 0.568 -0.0135965 0.06391 0.587777 -0.00903388 0.0666408 0.588465 0.0211999 0.0597741 0.566364 0.0124306 0.0524559 0.546119 -0.0180657 0.0685286 0.546119 -0.0464512 0.0744074 0.568 -0.0464512 0.0666822 0.546119 0.0220773 0.0283855 0.561457 0.0248025 0.0291828 0.558185 0.0275747 2.32728e-09 0.546119 0.0279561 2.26515e-09 0.615432 -0.0464512 0.0762756 0.587777 -0.0464512 0.0673339 0.587777 -0.0838684 0.0666408 0.615432 -0.0853893 0.0762756 0.546119 -0.11498 0.0283855 0.561457 -0.117705 0.0291828 0.566364 -0.105333 0.052456 0.546119 -0.0990652 0.052614 0.561457 -0.117705 -0.0291827 0.566364 -0.105333 -0.0524559 0.584527 -0.118802 -0.059774 0.568427 -0.126087 -0.0309914 0.562702 -0.12678 3.68207e-08 0.558185 -0.120477 3.57938e-08 0.546119 -0.11498 -0.0283854 0.546119 -0.0990652 -0.052614 0.561457 0.0248025 -0.0291828 0.568427 0.0292786 -0.0309915 0.584527 0.0227957 -0.0597741 0.566364 0.0124304 -0.052456 0.546119 0.0220773 -0.0283855 0.546119 0.0279561 2.26515e-09 0.558185 0.0275747 2.32728e-09 0.562702 0.0299717 1.12826e-08 0.568427 -0.126087 0.0309915 0.584527 -0.118802 0.0597741 0.558185 -0.120477 3.57938e-08 0.562702 -0.12678 3.68207e-08 0.546119 -0.120859 3.58559e-08 0.56617 -0.0123047 -0.0635507 0.580018 -0.0231807 -0.066659 0.575948 -0.0319323 -0.0666686 0.572912 -0.0428754 -0.0666789 0.565258 -0.0464512 -0.0683543 0.595239 -0.0820945 -0.0680788 0.615432 -0.0853894 -0.0762755 0.615432 -0.118008 -0.0762755 0.546119 -0.120859 3.58559e-08 0.546119 -0.0180658 -0.0685286 0.546119 0.00616274 -0.052614 0.568427 0.0292787 0.0309915 0.562702 0.0299717 1.12826e-08 0.546119 0.00616276 0.052614 0.568 -0.0793058 0.06391 0.581531 -0.0240669 -0.0727836 0.587146 -0.0157408 -0.0666477 0.588204 -0.0171563 -0.0728352 0.615432 -0.00751316 -0.0762756 0.615432 0.0211997 -0.0762756 0.647027 0.0211999 -0.082819 0.647027 -0.00751304 -0.082819 0.595239 -0.0108079 -0.0680788 0.616004 -0.00903776 -0.0822423 0.596195 -0.0123627 -0.0742912 0.546119 -0.0748367 0.0685286 0.615432 -0.00751301 0.0762756 0.647027 -0.0464512 0.082819 0.647027 -0.00751301 0.082819 0.647027 0.0211999 0.082819 0.615432 0.0198793 0.0762756 0.647027 -0.0853894 -0.082819 0.647027 -0.118008 -0.082819 0.5874 -0.0776448 -0.0666471 0.580018 -0.0697218 -0.066659 0.581531 -0.0688356 -0.0727836 0.588335 -0.0761093 -0.0728351 0.444185 0.0196689 0.0273879 0.534027 0.0282109 0.0309261 0.534028 0.0346158 1.18013e-09 0.444185 0.0253412 2.69117e-09 0.444185 -0.0190634 -0.0661202 0.534027 -0.0155251 -0.0746623 0.444185 -0.0738391 0.0661202 0.534028 -0.0773773 0.0746623 0.444185 0.00431364 -0.0507649 0.534028 0.0108719 -0.0573232 0.444185 -0.118244 2.60841e-08 0.534028 -0.127518 3.69409e-08 0.444185 -0.0190634 -0.0661202 0.440297 -0.0464512 1.43876e-08 0.444185 0.00431364 -0.0507649 0.709526 -0.118802 0.0597741 0.678621 -0.118008 0.0762756 0.678621 -0.144264 0.0762756 0.705588 -0.144264 0.0585619 0.705588 -0.144264 -0.0585619 0.723302 -0.144264 -0.0315944 0.647027 -0.144264 3.03233e-08 0.615432 -0.118008 0.0762756 0.647027 -0.118008 0.082819 0.647027 -0.0853893 0.082819 0.588465 -0.144264 -0.0585619 0.615432 -0.144264 -0.0762755 0.615432 -0.144264 0.0762756 0.588465 -0.144264 0.0585619 0.647027 -0.144264 3.03233e-08 0.849868 -0.0738391 0.0661202 0.760026 -0.0773773 0.0746623 0.760026 -0.103774 0.0573232 0.849868 -0.0972161 0.0507649 0.444185 -0.0738391 -0.0661202 0.444185 -0.0464513 -0.0717924 0.444185 -0.0972162 -0.0507649 0.534028 -0.103774 -0.0573232 0.444185 -0.0972162 -0.0507649 0.570751 -0.144264 -0.0315943 0.570751 -0.144264 0.0315944 0.444185 0.0196689 -0.0273879 0.534028 0.0282109 -0.0309261 0.570751 -0.144264 -0.0315943 0.564207 -0.144264 3.96691e-08 0.615432 -0.144264 0.0762756 0.647027 -0.144264 0.082819 0.570751 -0.144264 0.0315944 0.588465 -0.144264 0.0585619 0.588465 -0.144264 -0.0585619 0.444185 -0.112571 0.0273879 0.444185 -0.118244 2.60841e-08 0.564207 -0.144264 3.96691e-08 0.725626 -0.126087 0.0309915 0.723302 -0.144264 0.0315944 0.546119 -0.0464512 -0.0744074 0.546119 -0.0748367 -0.0685286 0.444185 -0.0972161 0.0507649 0.678621 -0.144264 -0.0762755 0.678621 -0.118008 -0.0762755 0.709526 -0.118802 -0.059774 0.705588 -0.144264 -0.0585619 0.444185 0.0196689 0.0273879 0.444185 0.00431365 0.0507649 0.534028 0.0346158 1.18013e-09 0.444185 0.0253412 2.69117e-09 0.444185 0.0253412 2.69117e-09 0.444185 -0.112571 -0.0273878 0.444185 -0.0190633 0.0661202 0.444185 -0.0464512 0.0717924 0.444185 -0.0738391 0.0661202 0.444185 0.0196689 -0.0273879 0.688582 0.0487292 -0.0742299 0.669578 0.0487292 -0.0809884 0.668451 0.0487292 -0.0790887 0.688024 0.0487292 -0.0720387 0.647027 -0.144264 0.082819 0.647027 0.0487292 1.75724e-08 0.647027 0.0487292 -0.082819 0.615432 0.0487292 -0.0762756 0.588465 0.0487292 -0.0585619 0.570751 0.0487292 -0.0315944 0.564207 0.0487292 8.22658e-09 0.647027 0.0487292 1.75724e-08 0.564207 0.0487292 8.22658e-09 0.570751 0.0487292 0.0315944 0.588465 0.0487292 0.0585619 0.615432 0.0487292 -0.0762756 0.647027 0.0487292 -0.082819 0.638128 0.0211999 0.0821321 0.635231 0.0211999 0.0837527 0.624475 0.0211999 0.0809884 0.615432 0.0198793 0.0762756 0.595391 0.0211999 0.0695764 0.595391 0.0487292 0.0695764 0.594929 0.0487292 0.0652598 0.594929 0.0211999 0.065792 0.606029 0.0487292 0.0720387 0.605471 0.0487292 0.0742299 0.624475 0.0487292 0.0809884 0.625602 0.0487292 0.0790888 0.605471 0.0211999 0.0742299 0.620446 0.0487292 0.107365 0.626982 0.0487292 0.115038 0.635493 0.0487292 0.103446 0.625844 0.0487292 0.100015 0.588465 0.0487292 0.0585619 0.570751 0.0487292 0.0315944 0.595608 0.0487292 0.105577 0.59194 0.0487292 0.0972274 0.582028 0.0487292 0.0990508 0.587811 0.0487292 0.112217 0.59989 0.0487292 0.120021 0.603267 0.0487292 0.110525 0.564207 0.0487292 8.22658e-09 0.570751 0.0487292 -0.0315944 0.6263 0.0487292 0.0909071 0.63716 0.0487292 0.094239 0.635231 0.0487292 0.0837527 0.564207 0.0487292 8.22658e-09 0.587271 0.0487292 0.0764928 0.597793 0.0487292 0.0807693 0.595391 0.0487292 0.0695764 0.638128 0.0487292 0.0821321 0.594929 0.0487292 0.0652598 0.6263 0.0211999 0.0909071 0.6263 0.0487292 0.0909071 0.624475 0.0487292 0.0809884 0.624475 0.0211999 0.0809884 0.595608 0.0211999 0.105577 0.595608 0.0487292 0.105577 0.603267 0.0487292 0.110525 0.603267 0.0211999 0.110525 0.625844 0.0211999 0.100015 0.625844 0.0487292 0.100015 0.582747 0.0211999 0.0846881 0.582747 0.0487292 0.0846881 0.587271 0.0487292 0.0764928 0.587271 0.0211999 0.0764928 0.624475 0.0211999 0.0809884 0.624475 0.0487292 0.0809884 0.605471 0.0487292 0.0742299 0.605471 0.0211999 0.0742299 0.582028 0.0487292 0.0990508 0.582028 0.0211999 0.0990508 0.638128 0.0211999 0.0821321 0.638128 0.0487292 0.0821321 0.635231 0.0487292 0.0837527 0.635231 0.0211999 0.0837527 0.587811 0.0211999 0.112217 0.587811 0.0487292 0.112217 0.626982 0.0487292 0.115038 0.614184 0.0487292 0.121597 0.614184 0.0211999 0.121597 0.626982 0.0211999 0.115038 0.59989 0.0487292 0.120021 0.59989 0.0211999 0.120021 0.597793 0.0211999 0.0807693 0.597793 0.0487292 0.0807693 0.592396 0.0487292 0.0881198 0.592396 0.0211999 0.0881198 0.63716 0.0487292 0.094239 0.635493 0.0487292 0.103446 0.635493 0.0211999 0.103446 0.63716 0.0211999 0.094239 0.592396 0.0487292 0.0881198 0.582747 0.0487292 0.0846881 0.588465 0.0487292 0.0585619 0.588465 0.0211999 0.0597741 0.647027 -0.144264 -0.0828189 0.615432 -0.144264 -0.0762755 0.647027 0.0211999 0.082819 0.594929 0.0211999 0.065792 0.588465 0.0211999 0.0597741 0.597793 0.0211999 0.0807693 0.587271 0.0211999 0.0764928 0.595391 0.0211999 0.0695764 0.587811 0.0211999 0.112217 0.582028 0.0211999 0.0990508 0.59194 0.0211999 0.0972274 0.595608 0.0211999 0.105577 0.582747 0.0211999 0.0846881 0.592396 0.0211999 0.0881198 0.603267 0.0211999 0.110525 0.59989 0.0211999 0.120021 0.620446 0.0211999 0.107365 0.626982 0.0211999 0.115038 0.614184 0.0211999 0.121597 0.612331 0.0211999 0.111524 0.760026 -0.0464512 0.0810673 0.849868 -0.0464512 0.0717924 0.849869 -0.0190633 -0.0661202 0.760026 -0.0155251 -0.0746623 0.760026 0.010872 -0.0573232 0.849869 0.00431368 -0.0507649 0.849868 -0.0464512 -0.0717924 0.760026 -0.0464512 -0.0810672 0.849868 -0.112571 -0.0273878 0.760026 -0.121113 -0.0309261 0.760026 -0.103774 -0.0573232 0.849869 -0.0972161 -0.0507649 0.731351 -0.12678 2.74749e-08 0.729846 -0.144264 3.03233e-08 0.725626 -0.126087 -0.0309914 0.731351 -0.12678 2.74749e-08 0.729846 -0.144264 3.03233e-08 0.723302 -0.144264 -0.0315944 0.747934 0.0220773 -0.0283855 0.732596 0.0248025 -0.0291828 0.735868 0.0275747 2.32728e-09 0.747934 0.0279561 2.26515e-09 0.747934 -0.11498 -0.0283854 0.732596 -0.117705 -0.0291827 0.727689 -0.105333 -0.0524559 0.747934 -0.0990652 -0.052614 0.732596 -0.117705 0.0291828 0.727689 -0.105333 0.052456 0.735868 -0.120477 2.6448e-08 0.747934 -0.11498 0.0283855 0.747934 -0.0990652 0.052614 0.732596 0.0248025 0.0291828 0.725626 0.0292786 0.0309915 0.709526 0.0227957 0.0597741 0.727689 0.0124305 0.0524559 0.747934 0.0220773 0.0283855 0.747934 0.0279561 2.26515e-09 0.735868 0.0275747 2.32728e-09 0.747934 -0.0180657 0.0685286 0.726053 -0.0135966 0.06391 0.726053 -0.0464512 0.0666822 0.747934 -0.0464512 0.0744074 0.731351 0.0299717 1.93677e-09 0.735868 -0.120477 2.6448e-08 0.747934 -0.120859 2.65101e-08 0.706276 -0.0464512 0.0673339 0.678621 -0.0464512 0.0762756 0.678621 -0.0853893 0.0762756 0.706276 -0.0838684 0.0666408 0.726053 -0.0793058 0.06391 0.747934 -0.0748367 0.0685286 0.747934 -0.120859 2.65101e-08 0.706276 -0.00903399 0.0666408 0.678621 -0.00751313 0.0762756 0.747934 0.00616277 0.052614 0.725626 0.0292787 -0.0309915 0.731351 0.0299717 1.93677e-09 0.747934 0.00616274 -0.052614 0.727689 0.0124304 -0.052456 0.705588 0.0211999 -0.0597741 0.678621 0.0211997 0.0762756 0.728795 -0.0464512 -0.0683543 0.725917 -0.0791011 -0.0632274 0.714035 -0.0697218 -0.066659 0.718105 -0.0609702 -0.0666686 0.721141 -0.0500271 -0.0666789 0.849868 -0.0738391 0.0661202 0.853756 -0.0464512 1.43876e-08 0.849868 -0.0464512 0.0717924 0.849868 -0.0190633 0.0661202 0.760026 -0.0155251 0.0746623 0.721141 -0.0428754 -0.0666789 0.849868 0.00431369 0.0507649 0.760026 0.010872 0.0573232 0.849869 -0.0190633 -0.0661202 0.853756 -0.0464512 1.43876e-08 0.849868 -0.0464512 -0.0717924 0.849869 -0.0738391 -0.0661201 0.760026 -0.0773773 -0.0746622 0.849868 -0.0190633 0.0661202 0.849868 0.00431369 0.0507649 0.647027 -0.144264 -0.0828189 0.678621 -0.144264 -0.0762755 0.727883 -0.0123047 -0.0635507 0.714035 -0.0231807 -0.066659 0.706907 -0.0157408 -0.0666477 0.747934 -0.0464512 -0.0744074 0.747934 -0.0180658 -0.0685286 0.705588 -0.144264 0.0585619 0.678621 -0.144264 0.0762756 0.729846 -0.144264 3.03233e-08 0.723302 -0.144264 0.0315944 0.849868 -0.112571 0.0273879 0.760026 -0.121113 0.0309261 0.760026 -0.127518 2.75951e-08 0.849868 -0.118244 2.60841e-08 0.760026 0.0346158 1.18013e-09 0.760026 0.0282109 -0.0309261 0.849868 -0.0972161 0.0507649 0.564207 -0.144264 3.96691e-08 0.729846 -0.144264 3.03233e-08 0.849868 0.019669 -0.0273879 0.849868 0.0253412 2.69117e-09 0.760026 -0.127518 2.75951e-08 0.849868 -0.112571 -0.0273878 0.849868 -0.118244 2.60841e-08 0.849869 -0.0972161 -0.0507649 0.564207 -0.144264 3.96691e-08 0.849868 0.019669 -0.0273879 0.849869 0.00431368 -0.0507649 0.760026 0.0282109 0.0309261 0.760026 0.0346158 1.18013e-09 0.849868 0.019669 0.0273879 0.849868 0.0253412 2.69117e-09 0.849868 0.0253412 2.69117e-09 0.849868 -0.112571 0.0273879 0.849868 -0.118244 2.60841e-08 0.747934 -0.0748367 -0.0685286 0.849869 -0.0738391 -0.0661201 0.849868 0.019669 0.0273879 0.849868 0.0253412 2.69117e-09 0.849868 -0.118244 2.60841e-08 0.723302 0.0487292 0.0315944 0.729846 0.0487292 -1.0465e-08 0.705588 0.0487292 0.0585619 0.729846 0.0487292 -1.0465e-08 0.723302 0.0487292 -0.0315944 0.705588 0.0487292 -0.0585619 0.655925 0.0211999 -0.0821321 0.658822 0.0211999 -0.0837527 0.669578 0.0211999 -0.0809884 0.678621 0.0198793 -0.0762756 0.655925 0.0487292 -0.0821321 0.688582 0.0211999 -0.0742299 0.655925 0.0487292 -0.0821321 0.655925 0.0211999 -0.0821321 0.647027 0.0211999 -0.082819 0.647027 0.0487292 -0.082819 0.699124 0.0211999 -0.065792 0.698662 0.0211999 -0.0695764 0.698662 0.0487292 -0.0695764 0.699124 0.0487292 -0.0652598 0.705588 0.0487292 0.0585619 0.678621 0.0487292 0.0762756 0.729846 0.0487292 -1.0465e-08 0.723302 0.0487292 0.0315944 0.705588 0.0487292 -0.0585619 0.723302 0.0487292 -0.0315944 0.729846 0.0487292 -1.0465e-08 0.647027 0.0487292 0.082819 0.658822 0.0487292 -0.0837527 0.699124 0.0487292 -0.0652598 0.698662 0.0487292 -0.0695764 0.678621 0.0487292 0.0762756 0.694163 0.0487292 -0.120021 0.690786 0.0487292 -0.110525 0.698446 0.0487292 -0.105577 0.706242 0.0487292 -0.112217 0.673607 0.0487292 -0.107365 0.667071 0.0487292 -0.115038 0.65856 0.0487292 -0.103446 0.668209 0.0487292 -0.100015 0.668209 0.0211999 -0.100015 0.668209 0.0487292 -0.100015 0.667754 0.0487292 -0.0909071 0.667754 0.0211999 -0.0909071 0.706782 0.0211999 -0.0764927 0.706782 0.0487292 -0.0764927 0.669578 0.0211999 -0.0809884 0.669578 0.0487292 -0.0809884 0.688582 0.0487292 -0.0742299 0.688582 0.0211999 -0.0742299 0.681722 0.0211999 -0.111524 0.681722 0.0487292 -0.111524 0.673607 0.0487292 -0.107365 0.673607 0.0211999 -0.107365 0.647027 0.0487292 0.082819 0.711306 0.0211999 -0.0846881 0.711306 0.0487292 -0.0846881 0.658822 0.0211999 -0.0837527 0.658822 0.0487292 -0.0837527 0.656893 0.0487292 -0.094239 0.656893 0.0211999 -0.094239 0.65856 0.0211999 -0.103446 0.65856 0.0487292 -0.103446 0.667071 0.0487292 -0.115038 0.667071 0.0211999 -0.115038 0.679869 0.0211999 -0.121596 0.679869 0.0487292 -0.121596 0.694163 0.0487292 -0.120021 0.694163 0.0211999 -0.120021 0.701657 0.0487292 -0.0881197 0.702113 0.0487292 -0.0972274 0.702113 0.0211999 -0.0972274 0.701657 0.0211999 -0.0881197 0.702113 0.0487292 -0.0972274 0.712025 0.0487292 -0.0990508 0.701657 0.0487292 -0.0881197 0.711306 0.0487292 -0.0846881 0.69626 0.0487292 -0.0807693 0.706782 0.0487292 -0.0764927 0.698446 0.0211999 -0.105577 0.698446 0.0487292 -0.105577 0.690786 0.0487292 -0.110525 0.690786 0.0211999 -0.110525 0.706242 0.0211999 -0.112217 0.706242 0.0487292 -0.112217 0.712025 0.0487292 -0.0990508 0.712025 0.0211999 -0.0990508 0.705588 0.0487292 -0.0585619 0.705588 0.0211999 -0.0597741 0.647027 -0.0090008 -0.0886488 0.647027 0.0211999 -0.082819 0.699124 0.0211999 -0.065792 0.705588 0.0211999 -0.0597741 0.69626 0.0211999 -0.0807693 0.706782 0.0211999 -0.0764927 0.698662 0.0211999 -0.0695764 0.65856 0.0211999 -0.103446 0.667071 0.0211999 -0.115038 0.673607 0.0211999 -0.107365 0.668209 0.0211999 -0.100015 0.702113 0.0211999 -0.0972274 0.712025 0.0211999 -0.0990508 0.711306 0.0211999 -0.0846881 0.701657 0.0211999 -0.0881197 0.690786 0.0211999 -0.110525 0.694163 0.0211999 -0.120021 0.706242 0.0211999 -0.112217 0.698446 0.0211999 -0.105577 0.679869 0.0211999 -0.121596 0.681722 0.0211999 -0.111524 0.615602 -0.0147952 -0.0838602 0.599592 -0.0178125 -0.0762809 0.596195 -0.0805398 -0.0742911 0.616004 -0.0838648 -0.0822423 0.577511 -0.0325812 -0.0727742 0.582345 -0.0350746 -0.0748726 0.580814 -0.0428694 -0.0749392 0.574663 -0.0428748 -0.0727888 0.706653 -0.0776448 -0.0666471 0.701316 -0.0242348 -0.0729946 0.706396 -0.0292735 -0.0729952 0.700811 -0.046913 -0.0734829 0.693954 -0.0196944 -0.0746347 0.647027 -0.0781073 -0.0903169 0.615602 -0.0781073 -0.0838602 0.6153 -0.0759683 -0.0819493 0.647027 -0.0759556 -0.088416 0.698814 -0.0820945 -0.0680788 0.647027 -0.0147951 -0.0903169 0.647027 -0.0169468 -0.088416 0.6153 -0.0169342 -0.0819493 0.712522 -0.0688356 -0.0727836 0.716542 -0.0603213 -0.0727742 0.6001 -0.0732081 -0.0746347 0.593242 -0.046913 -0.0734829 0.615432 -0.0464512 -0.0800074 0.599592 -0.0750899 -0.0762809 0.708198 -0.0645687 -0.0748011 0.711708 -0.0578279 -0.0748725 0.647027 -0.0839016 -0.0886488 0.587658 -0.063629 -0.0729952 0.584117 -0.0564702 -0.0730622 0.582843 -0.0500426 -0.0731568 0.591944 -0.0225066 -0.0747201 0.585855 -0.0283338 -0.0748011 0.592526 -0.0684584 -0.0729946 0.584117 -0.0364323 -0.0730622 0.582843 -0.0428598 -0.0731568 0.587658 -0.0292735 -0.0729952 0.716542 -0.0325812 -0.0727742 0.712522 -0.0240669 -0.0727836 0.718105 -0.0319323 -0.0666686 0.59197 -0.0704213 -0.0747197 0.585855 -0.0645687 -0.0748011 0.713239 -0.0500331 -0.0749392 0.713239 -0.0428694 -0.0749392 0.71939 -0.0428748 -0.0727888 0.71939 -0.0500276 -0.0727888 0.705718 -0.0761093 -0.0728351 0.697858 -0.0805398 -0.0742911 0.694461 -0.0750899 -0.0762809 0.702082 -0.0704213 -0.0747197 0.702109 -0.0225066 -0.0747201 0.694461 -0.0178125 -0.0762809 0.697858 -0.0123627 -0.0742912 0.705849 -0.0171563 -0.0728352 0.706396 -0.063629 -0.0729952 0.709936 -0.0564702 -0.0730622 0.580814 -0.0500331 -0.0749392 0.582345 -0.0578279 -0.0748725 0.577511 -0.0603213 -0.0727742 0.574663 -0.0500276 -0.0727888 0.711708 -0.0350746 -0.0748726 0.708198 -0.0283338 -0.0748011 0.6001 -0.0196944 -0.0746347 0.709936 -0.0364323 -0.0730622 0.647027 -0.0464512 -0.0865509 0.698814 -0.0108079 -0.0680788 0.693954 -0.0732081 -0.0746347 0.701527 -0.0684584 -0.0729946 0.71121 -0.0500426 -0.0731568 0.71121 -0.0428598 -0.0731568 0.575948 -0.0609702 -0.0666686 0.572912 -0.0500271 -0.0666789 0.678753 -0.0759683 -0.0819493 0.678621 -0.0464512 -0.0800074 0.678753 -0.0169342 -0.0819493 0.592737 -0.0242348 -0.0729946 0.678451 -0.0147952 -0.0838602 0.678451 -0.0781073 -0.0838602 0.678049 -0.0838648 -0.0822423 0.678049 -0.00903776 -0.0822423 0.678621 -0.00751316 -0.0762756 0.678621 0.0198793 -0.0762756 0.678621 -0.0853894 -0.0762755 0.568136 -0.0791011 -0.0632274 0.681722 0.0487292 -0.111524 0.679869 0.0487292 -0.121596 0.69626 0.0211999 -0.0807693 0.69626 0.0487292 -0.0807693 0.667754 0.0211999 -0.0909071 0.656893 0.0211999 -0.094239 0.688582 0.0211999 -0.0742299 0.688582 0.0487292 -0.0742299 0.656893 0.0487292 -0.094239 0.667754 0.0487292 -0.0909071 0.647027 0.0487292 0.082819 0.647027 0.0211999 0.082819 0.588465 0.0487292 -0.0585619 0.59194 0.0487292 0.0972274 0.59194 0.0211999 0.0972274 0.635493 0.0211999 0.103446 0.625844 0.0211999 0.100015 0.612331 0.0211999 0.111524 0.612331 0.0487292 0.111524 0.620446 0.0487292 0.107365 0.620446 0.0211999 0.107365 0.612331 0.0487292 0.111524 0.614184 0.0487292 0.121597 0.6263 0.0211999 0.0909071 0.63716 0.0211999 0.094239 0.612349 0.0275323 0.111617 0.625933 0.0275323 0.100046 0.628124 0.0315128 0.100826 0.612769 0.0315128 0.113905 0.595536 0.0275323 0.105638 0.612349 0.0275323 0.111617 0.612769 0.0315128 0.113905 0.593765 0.0315128 0.107146 0.622705 0.0275323 0.0824964 0.624475 0.0315128 0.0809884 0.592307 0.0275323 0.088088 0.590116 0.0315128 0.0873087 0.605892 0.0275323 0.0765171 0.605471 0.0315128 0.0742299 0.625933 0.0234649 0.100046 0.612349 0.0234649 0.111617 0.60912 0.0234649 0.0940672 0.592307 0.0234649 0.088088 0.605892 0.0234649 0.0765171 0.622705 0.0234649 0.0824964 0.595536 0.0234649 0.105638 0.622705 0.0275323 0.0824964 0.625933 0.0275323 0.100046 0.625933 0.0234649 0.100046 0.622705 0.0234649 0.0824964 0.612349 0.0275323 0.111617 0.595536 0.0275323 0.105638 0.595536 0.0234649 0.105638 0.612349 0.0234649 0.111617 0.612349 0.0275323 0.111617 0.612349 0.0234649 0.111617 0.592307 0.0275323 0.088088 0.592307 0.0234649 0.088088 0.605892 0.0275323 0.0765171 0.605892 0.0234649 0.0765171 0.688162 0.0275323 -0.0765171 0.701746 0.0275323 -0.0880879 0.703938 0.0315128 -0.0873087 0.688582 0.0315128 -0.0742299 0.671349 0.0275323 -0.0824963 0.688162 0.0275323 -0.0765171 0.688582 0.0315128 -0.0742299 0.669578 0.0315128 -0.0809884 0.698518 0.0275323 -0.105638 0.700288 0.0315128 -0.107146 0.66812 0.0275323 -0.100046 0.665929 0.0315128 -0.100826 0.681705 0.0275323 -0.111617 0.681284 0.0315128 -0.113905 0.701746 0.0234649 -0.0880879 0.688162 0.0234648 -0.0765171 0.684933 0.0234649 -0.0940672 0.66812 0.0234648 -0.100046 0.681705 0.0234648 -0.111617 0.698518 0.0234649 -0.105638 0.671349 0.0234648 -0.0824963 0.703938 0.0315128 -0.0873087 0.700288 0.0315128 -0.107146 0.684933 0.0315128 -0.0940672 0.688582 0.0315128 -0.0742299 0.669578 0.0315128 -0.0809884 0.665929 0.0315128 -0.100826 0.681284 0.0315128 -0.113905 0.698518 0.0275323 -0.105638 0.701746 0.0275323 -0.0880879 0.701746 0.0234649 -0.0880879 0.698518 0.0234649 -0.105638 0.688162 0.0275323 -0.0765171 0.671349 0.0275323 -0.0824963 0.671349 0.0234648 -0.0824963 0.688162 0.0234648 -0.0765171 0.688162 0.0275323 -0.0765171 0.688162 0.0234648 -0.0765171 0.66812 0.0275323 -0.100046 0.66812 0.0234648 -0.100046 0.681705 0.0275323 -0.111617 0.681705 0.0234648 -0.111617 0.624475 0.0315128 0.0809884 0.605471 0.0315128 0.0742299 0.60912 0.0315128 0.0940672 0.590116 0.0315128 0.0873087 0.593765 0.0315128 0.107146 0.612769 0.0315128 0.113905 0.628124 0.0315128 0.100826 0.532417 0.132524 0.047553 0.532782 0.132918 1.3202e-08 0.514535 0.147694 1.07947e-08 0.514273 0.147216 0.047553 0.495104 0.153628 0.047553 0.495191 0.154164 9.7406e-09 0.524166 0.12363 -0.047553 0.540443 0.106317 -0.047553 0.540052 0.105949 1.75959e-08 0.523801 0.123236 2.41253e-08 0.743522 0.0733536 0.0308862 0.755105 0.0570945 0.0308765 0.755622 0.057286 3.48699e-08 0.743868 0.073785 3.21819e-08 0.726953 0.080947 -0.0309226 0.727074 0.0814818 2.15821e-08 0.743522 0.0733535 -0.0308862 0.580207 0.0851285 -0.047553 0.580463 0.0856129 2.09091e-08 0.594206 0.0816717 2.15512e-08 0.594131 0.0811354 -0.047553 0.495104 0.153628 -0.047553 0.514273 0.147216 -0.047553 0.726953 0.080947 0.0309226 0.54928 0.114632 -0.047553 0.549671 0.114999 1.61214e-08 0.565752 0.0978793 1.89106e-08 0.565383 0.0974882 -0.047553 0.756435 0.0390766 3.78366e-08 0.756297 0.0392147 -0.0306 0.755105 0.0570945 -0.0308764 0.532417 0.132524 -0.047553 0.69122 0.0816717 2.15512e-08 0.691151 0.0812372 -0.047553 0.704432 0.0811354 -0.0305446 0.704435 0.0816717 2.15512e-08 0.0698267 0.153628 -0.0248511 0.0878502 0.153628 -0.0432933 0.0878502 0.141494 -0.0433407 0.0698401 0.141494 -0.024899 0.743956 0.0529593 0.0311725 0.74446 0.0392166 0.0307877 0.756297 0.0392147 0.0306001 0.755105 0.0570945 0.0308765 0.54928 0.114632 0.047553 0.565383 0.0974883 0.047553 0.580207 0.0851286 0.047553 0.704432 0.0811354 0.0305447 0.574537 0.0744252 -0.047553 0.592443 0.0691296 -0.047553 0.592368 0.0685936 2.36818e-08 0.574281 0.0739425 2.28104e-08 0.495104 0.153628 0.047553 0.493156 0.141666 0.047553 0.508446 0.136594 0.047553 0.514273 0.147216 0.047553 0.743522 0.0733536 0.0308862 0.726953 0.080947 0.0309226 0.724281 0.0691316 0.0312186 0.736009 0.0639922 0.0311822 0.726953 0.080947 -0.0309226 0.743522 0.0733535 -0.0308862 0.736013 0.0639974 -0.0308844 0.724283 0.069138 -0.0309207 0.704371 0.0689983 0.0307464 0.691159 0.0688995 0.047553 0.69122 0.068465 2.37028e-08 0.704352 0.0684653 2.37027e-08 0.565383 0.0974882 -0.047553 0.580207 0.0851285 -0.047553 0.574537 0.0744252 -0.047553 0.557061 0.0886597 -0.047553 0.0698267 0.153628 0.0248511 0.0640664 0.153628 9.828e-09 0.0640664 0.141494 1.18048e-08 0.0698078 0.141494 0.0247846 0.0640664 0.153628 9.828e-09 0.0640664 0.141494 1.18048e-08 0.592443 0.0691296 0.047553 0.495104 0.153628 -0.047553 0.514273 0.147216 -0.047553 0.508446 0.136594 -0.047553 0.493156 0.141666 -0.047553 0.743963 0.0529617 -0.0308746 0.744464 0.0392175 -0.0306003 0.744316 0.0390764 3.78366e-08 0.743435 0.0527763 3.56046e-08 0.532417 0.132524 -0.047553 0.54928 0.114632 -0.047553 0.540443 0.106317 -0.047553 0.524166 0.12363 -0.047553 0.724283 0.069138 -0.0309207 0.736013 0.0639974 -0.0308844 0.735662 0.0635616 3.38475e-08 0.724178 0.0685967 2.36813e-08 0.0640664 0.141494 1.18048e-08 0.0698401 0.141494 -0.024899 0.0878502 0.141494 -0.0433407 0.0878502 0.140958 1.18923e-08 0.691144 0.0688994 -0.047553 0.532417 0.132524 0.047553 0.524166 0.12363 0.047553 0.704371 0.0690015 -0.0305428 0.704432 0.0811354 -0.0305446 0.704432 0.0811354 0.0305447 0.704371 0.0689983 0.0307464 0.54928 0.114632 0.047553 0.540443 0.106317 0.047553 0.557061 0.0886597 0.047553 0.565383 0.0974883 0.047553 0.594131 0.0811354 -0.047553 0.592443 0.0691296 -0.047553 0.557061 0.0886597 -0.047553 0.556693 0.0882688 2.04763e-08 0.574537 0.0744252 0.047553 0.580207 0.0851286 0.047553 0.0908653 0.154164 -0.0292132 0.0802578 0.154164 -0.0176629 0.0824164 0.151894 -0.016137 0.091569 0.151915 -0.0262967 0.594131 0.0811354 0.047553 0.0765266 0.154164 9.7406e-09 0.0802578 0.154164 0.0176629 0.0824164 0.151894 0.016137 0.0791237 0.151905 1.01087e-08 0.493156 0.141666 -0.047553 0.508446 0.136594 -0.047553 0.508184 0.136115 1.26812e-08 0.493069 0.141129 1.18643e-08 0.0698267 0.153628 -0.0248511 0.0640664 0.153628 9.828e-09 0.744316 0.0390764 3.78366e-08 0.744464 0.0392175 -0.0306003 0.756297 0.0392147 -0.0306 0.756435 0.0390766 3.78366e-08 0.691151 0.0812372 0.047553 0.756297 0.0392147 0.0306001 0.592443 0.0691296 0.047553 0.691159 0.0688995 0.047553 0.691151 0.0812372 0.047553 0.594131 0.0811354 0.047553 0.691144 0.0688994 -0.047553 0.691151 0.0812372 -0.047553 0.0698267 0.153628 0.0248511 0.755105 0.0570945 -0.0308764 0.756297 0.0392147 -0.0306 0.744464 0.0392175 -0.0306003 0.743963 0.0529617 -0.0308746 0.756297 0.0392147 0.0306001 0.74446 0.0392166 0.0307877 0.0878502 0.153628 0.0432933 0.0878502 0.141494 0.0432274 0.0698078 0.141494 0.0247846 0.0878502 0.141494 0.0432274 0.574537 0.0744252 0.047553 0.704371 0.0690015 -0.0305428 0.74446 0.0392166 0.0307877 0.743956 0.0529593 0.0311725 0.524166 0.12363 0.047553 0.508446 0.136594 0.047553 0.0908653 0.154164 0.0292133 0.0878502 0.153628 0.0432933 0.0878502 0.153628 -0.0432933 0.45956 0.141631 0.047553 0.45956 0.153628 0.047553 0.100435 0.153628 0.047553 0.100435 0.141494 0.047553 0.724281 0.0691316 0.0312186 0.736009 0.0639922 0.0311822 0.557061 0.0886597 0.047553 0.540443 0.106317 0.047553 0.493156 0.141666 0.047553 0.103451 0.154164 -0.0334729 0.104137 0.152037 -0.0305998 0.455857 0.152035 -0.0305989 0.456544 0.154164 -0.0334729 0.091569 0.151915 0.0262967 0.0915962 0.150361 1.03602e-08 0.455856 0.149729 1.04633e-08 0.104138 0.149729 1.04633e-08 0.104137 0.152037 0.0305998 0.455857 0.152035 0.0305989 0.480551 0.154164 0.0154551 0.483346 0.154164 9.7406e-09 0.480749 0.151905 1.01087e-08 0.478338 0.151895 0.0141199 0.100435 0.153628 0.047553 0.45956 0.153628 0.047553 0.456544 0.154164 0.0334729 0.103451 0.154164 0.0334729 0.480551 0.154164 -0.0154551 0.469329 0.154164 -0.0289759 0.468625 0.151914 -0.0260598 0.478338 0.151895 -0.0141198 0.45956 0.153628 -0.047553 0.100435 0.153628 -0.047553 0.468597 0.150397 1.03544e-08 0.468625 0.151914 0.0260599 0.469329 0.154164 0.0289759 0.473435 0.153628 0.047553 0.473434 0.14164 0.047553 0.473435 0.14164 -0.047553 0.473435 0.153628 -0.047553 0.473434 0.141103 1.18685e-08 0.473435 0.14164 -0.047553 0.45956 0.141094 1.187e-08 0.100435 0.140958 1.18923e-08 0.100435 0.141494 -0.047553 0.45956 0.141631 -0.047553 0.45956 0.141631 -0.047553 0.100435 0.141494 -0.047553 0.100435 0.153628 -0.047553 0.45956 0.153628 -0.047553 0.473435 0.153628 -0.047553 0.473434 0.14164 0.047553 0.473435 0.153628 0.047553 0.45956 0.141631 0.047553 0.100435 0.141494 0.047553 0.612246 0.081834 -0.0200804 0.612246 0.0840236 -0.0200804 0.626946 0.0840236 -0.0347802 0.626946 0.081834 -0.0347803 0.681807 0.081834 0.0200804 0.681807 0.0840236 0.0200804 0.667107 0.0840236 0.0347803 0.667107 0.081834 0.0347803 0.647027 0.081834 0.0401608 0.647027 0.0840236 0.0401608 0.626946 0.0840236 0.0347803 0.626946 0.081834 0.0347803 0.612246 0.081834 0.0200804 0.612246 0.0840236 0.0200804 0.606866 0.0840236 1.18222e-08 0.606866 0.081834 1.21789e-08 0.681807 0.081834 -0.0200804 0.681807 0.0840236 -0.0200804 0.687187 0.0840236 1.18222e-08 0.687187 0.081834 1.21789e-08 0.647027 0.081834 -0.0401608 0.647027 0.0840236 -0.0401608 0.667107 0.0840236 -0.0347803 0.667107 0.081834 -0.0347803 0.666033 0.0857647 -0.0329197 0.679946 0.0857647 -0.0190062 0.681807 0.0840236 -0.0200804 0.667107 0.0840236 -0.0347803 0.685039 0.0800929 1.24626e-08 0.679946 0.0800929 -0.0190062 0.681807 0.081834 -0.0200804 0.687187 0.081834 1.21789e-08 0.685039 0.0857647 1.15385e-08 0.679946 0.0857647 0.0190062 0.681807 0.0840236 0.0200804 0.687187 0.0840236 1.18222e-08 0.666033 0.0800929 0.0329197 0.679946 0.0800929 0.0190062 0.681807 0.081834 0.0200804 0.667107 0.081834 0.0347803 0.666033 0.0857647 0.0329197 0.647027 0.0857647 0.0380124 0.647027 0.0840236 0.0401608 0.667107 0.0840236 0.0347803 0.62802 0.0800929 0.0329197 0.647027 0.0800929 0.0380124 0.647027 0.081834 0.0401608 0.626946 0.081834 0.0347803 0.62802 0.0857647 0.0329197 0.614107 0.0857647 0.0190062 0.612246 0.0840236 0.0200804 0.626946 0.0840236 0.0347803 0.609014 0.0800929 1.24626e-08 0.614107 0.0800929 0.0190062 0.612246 0.081834 0.0200804 0.606866 0.081834 1.21789e-08 0.609014 0.0857647 1.15385e-08 0.614107 0.0857647 -0.0190062 0.612246 0.0840236 -0.0200804 0.606866 0.0840236 1.18222e-08 0.62802 0.0800929 -0.0329197 0.614107 0.0800929 -0.0190062 0.612246 0.081834 -0.0200804 0.626946 0.081834 -0.0347803 0.62802 0.0857647 -0.0329197 0.647027 0.0857647 -0.0380124 0.647027 0.0840236 -0.0401608 0.626946 0.0840236 -0.0347802 0.647027 0.0800929 -0.0380124 0.647027 0.0800929 1.24626e-08 0.647027 0.0857647 1.15385e-08 0.647027 0.081834 -0.0401608 0.647027 0.0840236 -0.0401608 0.647027 0.081834 -0.0401608 0.666033 0.0800929 -0.0329197 0.667107 0.081834 -0.0347803 0.627332 0.0849972 0.00482048 0.626773 0.0849972 1.16636e-08 0.647027 0.0849972 1.16636e-08 0.629114 0.0849972 0.00964097 0.632565 0.0849972 0.0144615 0.62725 0.0905659 1.07563e-08 0.627754 0.0903682 0.00487829 0.631466 0.0955549 0.00431559 0.63117 0.0958514 9.89519e-09 0.62935 0.0897514 0.00975659 0.632392 0.0946297 0.00863118 0.632392 0.088626 0.0146349 0.63408 0.0929416 0.0129468 0.637386 0.0849972 0.0179123 0.64484 0.090358 1.07902e-08 0.64399 0.0911632 1.0659e-08 0.643985 0.0911632 0.0181026 0.644839 0.0904074 0.0185787 0.63727 0.0897514 0.017677 0.638395 0.0946297 0.0146349 0.642379 0.0849972 0.0197713 0.643643 0.100353 0.00518669 0.643643 0.100954 9.0638e-09 0.636455 0.0997714 9.25655e-09 0.636653 0.0992679 0.00487829 0.643147 0.0895472 0.0193662 0.64302 0.0954175 0.0154226 0.642866 0.0990733 0.0102982 0.63727 0.0976718 0.00975658 0.647027 0.0905258 0.0189632 0.647027 0.090358 1.07902e-08 0.642867 0.10157 8.96353e-09 0.642867 0.100973 0.00515244 0.643643 0.0984348 0.0103734 0.643643 0.100353 0.00518669 0.6438 0.0947218 0.0155601 0.643643 0.100954 9.0638e-09 0.643985 0.0911632 0.0181026 0.644839 0.0904074 0.0185787 0.647027 0.0898212 0.0200461 0.647027 0.0905258 0.0189632 0.647027 0.0849972 0.020254 0.628236 0.0864348 0.0101869 0.631832 0.0864315 0.0151944 0.63684 0.0864348 0.0187905 0.642296 0.0863848 0.0206917 0.647027 0.086422 0.0212768 0.62635 0.0864371 0.00510401 0.647027 0.086422 0.0212768 0.642296 0.0863848 0.0206917 0.62635 0.0864371 0.00510401 0.625755 0.0864379 1.14289e-08 0.63684 0.0864348 0.0187905 0.628236 0.0864348 0.0101869 0.631832 0.0864315 0.0151944 0.625755 0.0864379 1.14289e-08 0.6438 0.0947218 0.0155601 0.643643 0.0984348 0.0103734 0.666721 0.0849972 0.00482048 0.647027 0.0849972 1.16636e-08 0.66728 0.0849972 1.16636e-08 0.664939 0.0849972 0.00964097 0.661488 0.0849972 0.0144615 0.666803 0.0905659 1.07563e-08 0.662883 0.0958514 9.89519e-09 0.662587 0.0955549 0.00431559 0.6663 0.0903682 0.00487829 0.661661 0.0946297 0.00863118 0.664703 0.0897514 0.00975659 0.659973 0.0929416 0.0129468 0.661661 0.088626 0.0146349 0.656667 0.0849972 0.0179123 0.649213 0.090358 1.07902e-08 0.649214 0.0904074 0.0185787 0.650068 0.0911632 0.0181026 0.650063 0.0911632 1.0659e-08 0.655658 0.0946297 0.0146349 0.656783 0.0897514 0.017677 0.651674 0.0849972 0.0197713 0.65041 0.100353 0.00518669 0.65041 0.100954 9.0638e-09 0.657597 0.0997714 9.25655e-09 0.6574 0.0992679 0.00487829 0.651033 0.0954175 0.0154226 0.650906 0.0895472 0.0193662 0.651187 0.0990733 0.0102982 0.656783 0.0976718 0.00975658 0.647027 0.090358 1.07902e-08 0.647027 0.0905258 0.0189632 0.651186 0.10157 8.96353e-09 0.651186 0.100973 0.00515244 0.65041 0.100353 0.00518669 0.65041 0.0984348 0.0103734 0.650253 0.0947218 0.0155601 0.65041 0.100954 9.0638e-09 0.650068 0.0911632 0.0181026 0.649214 0.0904074 0.0185787 0.647027 0.0898212 0.0200461 0.647027 0.0905258 0.0189632 0.647027 0.0849972 0.020254 0.665817 0.0864348 0.0101869 0.662221 0.0864315 0.0151944 0.657213 0.0864348 0.0187905 0.651757 0.0863848 0.0206917 0.647027 0.086422 0.0212768 0.667703 0.0864371 0.00510401 0.651757 0.0863848 0.0206917 0.647027 0.086422 0.0212768 0.668298 0.0864379 1.14289e-08 0.667703 0.0864371 0.00510401 0.657213 0.0864348 0.0187905 0.665817 0.0864348 0.0101869 0.662221 0.0864315 0.0151944 0.668298 0.0864379 1.14289e-08 0.650253 0.0947218 0.0155601 0.65041 0.0984348 0.0103734 0.627332 0.0849972 -0.00482046 0.647027 0.0849972 1.16636e-08 0.626773 0.0849972 1.16636e-08 0.629114 0.0849972 -0.00964095 0.632565 0.0849972 -0.0144614 0.62725 0.0905659 1.07563e-08 0.63117 0.0958514 9.89519e-09 0.631466 0.0955549 -0.00431557 0.627754 0.0903682 -0.00487827 0.632392 0.0946297 -0.00863116 0.62935 0.0897514 -0.00975656 0.63408 0.0929416 -0.0129468 0.632392 0.088626 -0.0146349 0.637386 0.0849972 -0.0179123 0.64484 0.090358 1.07902e-08 0.644839 0.0904074 -0.0185787 0.643985 0.0911632 -0.0181026 0.64399 0.0911632 1.0659e-08 0.638395 0.0946297 -0.0146349 0.63727 0.0897514 -0.0176769 0.642379 0.0849972 -0.0197713 0.643643 0.100353 -0.00518668 0.643643 0.100954 9.0638e-09 0.636455 0.0997714 9.25655e-09 0.636653 0.0992679 -0.00487827 0.64302 0.0954175 -0.0154226 0.643147 0.0895472 -0.0193662 0.642866 0.0990733 -0.0102982 0.63727 0.0976718 -0.00975657 0.647027 0.090358 1.07902e-08 0.647027 0.0905258 -0.0189632 0.642867 0.10157 8.96353e-09 0.642867 0.100973 -0.00515242 0.643643 0.100353 -0.00518668 0.643643 0.0984348 -0.0103734 0.6438 0.0947218 -0.0155601 0.643643 0.100954 9.0638e-09 0.643985 0.0911632 -0.0181026 0.644839 0.0904074 -0.0185787 0.647027 0.0898212 -0.0200461 0.647027 0.0905258 -0.0189632 0.647027 0.0849972 -0.020254 0.628236 0.0864348 -0.0101869 0.631832 0.0864315 -0.0151944 0.63684 0.0864348 -0.0187904 0.642296 0.0863848 -0.0206917 0.647027 0.086422 -0.0212768 0.62635 0.0864371 -0.00510399 0.642296 0.0863848 -0.0206917 0.647027 0.086422 -0.0212768 0.625755 0.0864379 1.14289e-08 0.62635 0.0864371 -0.00510399 0.63684 0.0864348 -0.0187904 0.628236 0.0864348 -0.0101869 0.631832 0.0864315 -0.0151944 0.625755 0.0864379 1.14289e-08 0.6438 0.0947218 -0.0155601 0.643643 0.0984348 -0.0103734 0.666721 0.0849972 -0.00482046 0.66728 0.0849972 1.16636e-08 0.647027 0.0849972 1.16636e-08 0.664939 0.0849972 -0.00964095 0.661488 0.0849972 -0.0144614 0.666803 0.0905659 1.07563e-08 0.6663 0.0903682 -0.00487827 0.662587 0.0955549 -0.00431557 0.662883 0.0958514 9.89519e-09 0.664703 0.0897514 -0.00975656 0.661661 0.0946297 -0.00863116 0.661661 0.088626 -0.0146349 0.659973 0.0929416 -0.0129468 0.656667 0.0849972 -0.0179123 0.649213 0.090358 1.07902e-08 0.650063 0.0911632 1.0659e-08 0.650068 0.0911632 -0.0181026 0.649214 0.0904074 -0.0185787 0.656783 0.0897514 -0.0176769 0.655658 0.0946297 -0.0146349 0.651674 0.0849972 -0.0197713 0.65041 0.100353 -0.00518668 0.65041 0.100954 9.0638e-09 0.657597 0.0997714 9.25655e-09 0.6574 0.0992679 -0.00487827 0.650906 0.0895472 -0.0193662 0.651033 0.0954175 -0.0154226 0.651187 0.0990733 -0.0102982 0.656783 0.0976718 -0.00975657 0.647027 0.0905258 -0.0189632 0.647027 0.090358 1.07902e-08 0.651186 0.10157 8.96353e-09 0.651186 0.100973 -0.00515242 0.65041 0.0984348 -0.0103734 0.65041 0.100353 -0.00518668 0.650253 0.0947218 -0.0155601 0.65041 0.100954 9.0638e-09 0.650068 0.0911632 -0.0181026 0.649214 0.0904074 -0.0185787 0.647027 0.0898212 -0.0200461 0.647027 0.0905258 -0.0189632 0.647027 0.0849972 -0.020254 0.665817 0.0864348 -0.0101869 0.662221 0.0864315 -0.0151944 0.657213 0.0864348 -0.0187904 0.651757 0.0863848 -0.0206917 0.647027 0.086422 -0.0212768 0.667703 0.0864371 -0.00510399 0.647027 0.086422 -0.0212768 0.651757 0.0863848 -0.0206917 0.667703 0.0864371 -0.00510399 0.668298 0.0864379 1.14289e-08 0.657213 0.0864348 -0.0187904 0.665817 0.0864348 -0.0101869 0.662221 0.0864315 -0.0151944 0.668298 0.0864379 1.14289e-08 0.650253 0.0947218 -0.0155601 0.65041 0.0984348 -0.0103734 -0.999472 -0.0417308 0.0246601 -0.998815 -0.0597662 0.0427074 -0.998987 -0.0565728 0.0482457 -0.999729 -0.0361981 0.0278577 -0.997919 -0.0844029 0.0493131 -0.997974 -0.084405 0.0557082 -0.997022 -0.10904 0.0427072 -0.996961 -0.112238 0.0482455 -0.996365 -0.127075 0.0246598 -0.996219 -0.132612 0.0278573 -0.996125 -0.133677 6.68281e-06 -0.995948 -0.140069 6.65581e-06 -0.996365 -0.127075 -0.0246464 -0.996219 -0.132612 -0.0278439 -0.997022 -0.10904 -0.0426936 -0.996961 -0.112237 -0.048232 -0.997919 -0.0844029 -0.0492994 -0.997974 -0.0844049 -0.0556945 -0.998815 -0.0597662 -0.0426936 -0.998987 -0.0565727 -0.0482319 -0.999472 -0.0417306 -0.024646 -0.999729 -0.0361979 -0.0278435 -0.999712 -0.0351293 7.16208e-06 -1 -0.0287405 7.18908e-06 -0.963783 -0.058491 0.0427074 -0.964439 -0.0404556 0.0246601 -0.962493 -0.0831135 6.88018e-06 -0.964439 -0.0404554 -0.024646 -0.963783 -0.058491 -0.0426936 -0.961989 -0.107764 -0.0426936 -0.961333 -0.1258 -0.0246464 -0.962493 -0.0831135 6.88018e-06 -0.961333 -0.1258 0.0246598 -0.961989 -0.107765 0.0427072 -0.96468 -0.0338542 7.16187e-06 -0.962886 -0.0831277 -0.0492994 -0.961093 -0.132401 6.6826e-06 -0.961093 -0.132401 6.6826e-06 -0.962886 -0.0831278 0.0493131 -0.962886 -0.0831278 0.0493131 </float_array>
          <technique_common>
            <accessor count="2672" offset="0" source="#meshId0-positions-array" stride="3">
              <param name="X" type="float" />
              <param name="Y" type="float" />
              <param name="Z" type="float" />
            </accessor>
          </technique_common>
        </source>
        <source id="meshId0-normals" name="meshId0-normals">
          <float_array id="meshId0-normals-array" count="8016"> 0.00224804 0.999741 0.0226437 0.213219 0.274544 0.937637 0.465708 0.36394 0.806637 0.016647 0.999446 0.0288284 0.976285 0.21649 4.70523e-06 0.927881 0.372862 -0.00325442 0.805393 0.367585 0.464999 0.845606 0.215862 0.488215 0.344972 0.933282 0.099898 -0.0207527 0.999741 0.00938969 -0.704944 0.277991 0.652514 -0.413356 0.311668 0.85557 0.488138 0.216529 0.84548 0.461119 0.372863 0.805197 0.84612 0.212883 -0.488632 0.80631 0.16911 -0.566803 0.759263 0.432472 -0.486301 0.796248 0.386377 -0.465512 -0.0333164 0.999445 1.69266e-05 -0.0251482 0.999578 -0.0145313 -0.918638 0.274524 -0.284148 -0.931425 0.363932 5.13685e-06 -0.646886 -0.339983 -0.682605 -0.91461 -0.339967 -0.218887 -0.705423 0.274525 -0.653464 -0.91461 -0.339967 0.218884 -0.646888 -0.339978 0.682606 -0.918633 0.274543 0.284147 -0.465709 0.363938 -0.806638 -0.213215 0.274543 -0.937638 -0.267723 -0.339991 -0.901516 -0.461939 -0.382689 -0.800101 -3.92917e-07 1 4.54939e-07 0.0091481 0.916191 0.400637 0.213037 0.909163 0.357823 -3.92917e-07 1 4.54939e-07 0.351534 0.91619 -0.192406 0.232819 0.967497 -0.0987203 0.365713 0.906461 0.211146 0.416404 0.909163 0.0055811 0.267731 -0.339987 -0.901515 1.61823e-06 -0.868788 -0.495184 -0.267723 -0.339991 -0.901516 -0.646888 -0.339978 0.682606 -0.91461 -0.339967 0.218884 -0.428862 -0.868779 0.24759 -0.91461 -0.339967 -0.218887 -0.646886 -0.339983 -0.682605 -0.428859 -0.868781 -0.247588 -0.00223004 0.99974 -0.0226967 0.212649 0.277975 -0.936755 -0.382706 -0.92387 1.50518e-07 -0.923889 -0.382661 6.23435e-08 0.797651 0.0647793 0.59963 0.902452 0.429606 0.0319326 0.983495 0.128941 0.126933 -0.01665 0.999443 -0.0289066 -0.191339 -0.923882 -0.331409 -0.461939 -0.382689 -0.800101 -0.923889 -0.382661 6.23435e-08 -0.212639 0.27799 0.936753 -0.267722 -0.339981 0.90152 0.267727 -0.339987 0.901516 0.534123 0.311682 -0.785855 0.259148 0.93326 0.248734 0.702485 0.663377 0.257771 0.904912 0.263161 -0.334486 -6.25303e-06 -0.868788 0.495184 -0.267722 -0.339981 0.90152 0.704585 0.351437 0.616484 -0.232918 0.967461 0.0988397 0.0308647 0.967469 0.251101 -0.931425 0.363932 5.13685e-06 -0.923889 -0.382661 6.23435e-08 0.759263 0.432472 -0.486301 0.80631 0.16911 -0.566803 -0.00502391 0.386383 0.922325 -9.5191e-05 0.212911 0.977072 0.534123 0.311682 -0.785855 0.632299 0.0338897 -0.773983 -0.350688 0.935289 -0.0474623 -0.175759 0.914607 -0.364147 0.403228 0.914613 -0.0298432 0.21646 0.935289 0.279965 0.416404 0.909163 0.0055811 0.478562 0.429427 0.765879 0.918016 0.0645146 0.391259 0.60159 0.128901 0.788337 0.175777 0.91453 0.364332 -0.403402 0.914533 0.0299516 -0.216509 0.935362 -0.279683 0.35047 0.935361 0.0476594 -0.0309143 0.967502 -0.250967 0.663705 0.486375 -0.568274 0.160279 0.486335 -0.858946 0.44484 0.0929721 -0.890771 0.549011 0.0929709 -0.830629 -0.0877436 0.169176 0.981672 0.259148 0.93326 0.248734 0.574532 0.66349 0.479264 0.162668 0.26343 0.950865 0.344972 0.933282 0.099898 -0.145869 0.182665 -0.972294 0.354117 0.0338941 -0.934587 0.914963 0.182685 -0.359818 0.886103 0.351434 0.302184 -0.354034 0.0339137 0.934618 -0.444818 0.0929968 0.890779 -0.160236 0.486449 0.85889 0.146078 0.182776 0.972242 0.0308647 0.967469 0.251101 -0.0414671 0.432414 0.900721 0.232819 0.967497 -0.0987203 -0.488168 0.21645 -0.845483 -0.461123 0.372868 -0.805192 0.00502728 0.386383 -0.922325 0.000101809 0.212868 -0.977081 0.351534 0.91619 -0.192406 0.416404 0.909163 0.0055811 0.927881 0.372862 -0.00325442 -0.413356 0.311668 0.85557 0.46194 -0.382681 0.800104 -0.232918 0.967461 0.0988397 0.344972 0.933282 0.099898 0.259148 0.93326 0.248734 0.632299 0.0338897 -0.773983 -0.0414671 0.432414 0.900721 -0.0877436 0.169176 0.981672 -0.0333164 0.999445 1.69266e-05 -0.0207527 0.999741 0.00938969 0.976285 0.21649 4.70523e-06 -0.01665 0.999443 -0.0289066 -0.0251482 0.999578 -0.0145313 -0.0333164 0.999445 1.69266e-05 -0.00223004 0.99974 -0.0226967 0.259148 0.93326 0.248734 0.344972 0.933282 0.099898 0.365713 0.906461 0.211146 0.213037 0.909163 0.357823 0.416404 0.909163 0.0055811 0.0091481 0.916191 0.400637 0.0308647 0.967469 0.251101 -0.549025 0.0929979 0.830616 -0.663689 0.486449 0.56823 0.232819 0.967497 -0.0987203 -0.0309143 0.967502 -0.250967 0.646864 -0.339988 -0.682623 0.428833 -0.868792 -0.247594 -0.90477 0.263445 0.334647 -0.534275 0.311664 0.785758 -0.258989 0.933287 -0.248798 -0.702316 0.663525 -0.257851 -0.845636 0.215753 -0.488212 -0.805395 0.36759 -0.464991 -0.258989 0.933287 -0.248798 -0.534275 0.311664 0.785758 -0.976295 0.216445 -5.58837e-06 -0.927886 0.37285 0.00326111 0.041521 0.432486 -0.900684 0.0876754 0.169116 -0.981689 0.705402 0.274529 0.653485 0.0250582 0.999582 0.0144541 0.646867 -0.339984 0.682623 0.914594 -0.339993 0.218912 0.918628 0.27453 0.284176 0.267731 -0.339987 -0.901515 0.93142 0.363946 -5.60291e-06 0.923875 -0.382694 6.23488e-08 0.918622 0.274547 -0.28418 0.93142 0.363946 -5.60291e-06 0.923875 -0.382694 6.23488e-08 0.914593 -0.339994 -0.218915 -0.416415 0.909158 -0.0055771 -0.351559 0.916179 0.19241 -0.0091452 0.916191 -0.400637 -0.213022 0.909168 -0.35782 -0.36571 0.906463 -0.211142 0.191343 -0.923878 0.331416 0.914593 -0.339994 -0.218915 0.267727 -0.339987 0.901516 0.646867 -0.339984 0.682623 0.428836 -0.86879 0.247596 0.914594 -0.339993 0.218912 0.704924 0.277976 -0.652542 0.0207701 0.99974 -0.00943652 0.46194 -0.382681 0.800104 -0.632385 0.0339183 0.773911 -0.478868 0.429617 -0.765582 -0.918162 0.0648241 -0.390866 -0.601739 0.129027 -0.788202 0.0332763 0.999446 -2.27623e-05 0.923875 -0.382694 6.23488e-08 0.382673 -0.923884 1.5052e-07 0.0332763 0.999446 -2.27623e-05 0.646864 -0.339988 -0.682623 -0.162733 0.263175 -0.950924 -0.574437 0.663414 -0.479483 -0.34493 0.933276 -0.100099 0.413492 0.311675 -0.855502 -0.886207 0.351452 -0.301858 0.041521 0.432486 -0.900684 0.0876754 0.169116 -0.981689 -0.846118 0.212921 0.488619 -0.796252 0.386362 0.465519 -0.927886 0.37285 0.00326111 -0.976295 0.216445 -5.58837e-06 0.354117 0.0338941 -0.934587 0.413492 0.311675 -0.855502 -0.416415 0.909158 -0.0055771 -0.79779 0.0645597 -0.599469 -0.90256 0.429411 -0.0314996 -0.983486 0.128997 -0.126945 -0.444818 0.0929968 0.890779 -0.549025 0.0929979 0.830616 -0.806294 0.169239 0.566788 -0.34493 0.933276 -0.100099 -0.258989 0.933287 -0.248798 -0.704719 0.351409 -0.616346 -0.632385 0.0339183 0.773911 -0.914993 0.182763 0.359701 -0.759322 0.432388 0.486282 -0.213022 0.909168 -0.35782 -0.0091452 0.916191 -0.400637 -0.34493 0.933276 -0.100099 -0.759322 0.432388 0.486282 -0.806294 0.169239 0.566788 0.016647 0.999446 0.0288284 0.00224804 0.999741 0.0226437 0.0332763 0.999446 -2.27623e-05 0.0250582 0.999582 0.0144541 0.0207701 0.99974 -0.00943652 0.0332763 0.999446 -2.27623e-05 -0.34493 0.933276 -0.100099 -0.258989 0.933287 -0.248798 -0.416415 0.909158 -0.0055771 -0.36571 0.906463 -0.211142 -0.351559 0.916179 0.19241 -0.416415 0.909158 -0.0055771 -0.232918 0.967461 0.0988397 -0.0309143 0.967502 -0.250967 0.44484 0.0929721 -0.890771 0.549011 0.0929709 -0.830629 -0.354034 0.0339137 0.934618 -0.0333164 0.999445 1.69266e-05 0.00224479 0.99974 0.0226704 0.213213 0.274543 0.937639 0.465705 0.363937 0.806641 0.016661 0.999445 0.0288504 0.976284 0.216493 -7.42157e-06 0.92788 0.372866 -0.00325439 0.805401 0.367587 0.464983 0.845605 0.215878 0.488209 0.345029 0.933264 0.0998684 -0.0206197 0.999745 0.00926027 -0.704903 0.277995 0.652557 -0.413357 0.311666 0.85557 0.488162 0.21649 0.845477 0.461116 0.372872 0.805195 0.846164 0.212755 -0.488612 0.806288 0.169067 -0.566847 0.759189 0.432518 -0.486375 0.796249 0.3864 -0.465493 -0.0333433 0.999444 3.82115e-06 -0.0251644 0.999578 -0.0145413 -0.91862 0.274523 -0.284207 -0.93142 0.363946 8.64699e-06 -0.646847 -0.33999 -0.682639 -0.914578 -0.34002 -0.218939 -0.705382 0.274521 -0.65351 -0.914577 -0.340021 0.21894 -0.646844 -0.33999 0.682642 -0.918611 0.274552 0.28421 -0.465709 0.363932 -0.80664 -0.213216 0.274543 -0.937638 -0.267721 -0.33998 -0.90152 -0.461942 -0.382677 -0.800105 -3.69178e-07 1 4.56496e-07 0.00913553 0.916193 0.400633 0.213031 0.909168 0.357815 -3.69178e-07 1 4.56496e-07 0.351512 0.916201 -0.192391 0.23277 0.967509 -0.0987128 0.365708 0.906464 0.211143 0.416403 0.909163 0.00558146 0.267719 -0.339992 -0.901516 -2.82486e-06 -0.868791 -0.495178 -0.267721 -0.33998 -0.90152 -0.646844 -0.33999 0.682642 -0.914577 -0.340021 0.21894 -0.428809 -0.868802 0.247601 -0.914578 -0.34002 -0.218939 -0.646847 -0.33999 -0.682639 -0.428811 -0.868801 -0.2476 -0.00223285 0.99974 -0.0226794 0.212641 0.277975 -0.936757 -0.38264 -0.923898 1.50522e-07 -0.923862 -0.382727 6.23541e-08 0.797657 0.0647827 0.599623 0.902411 0.429697 0.0318541 0.983502 0.128986 0.126835 -0.0166686 0.999445 -0.0288547 -0.191346 -0.923876 -0.33142 -0.461942 -0.382677 -0.800105 -0.923862 -0.382727 6.23541e-08 -0.212641 0.277988 0.936753 -0.267724 -0.339983 0.901518 0.267721 -0.339979 0.901521 0.534132 0.311681 -0.785848 0.259136 0.933268 0.248715 0.702469 0.663383 0.257798 0.904873 0.263183 -0.334575 -1.97346e-07 -0.868788 0.495185 -0.267724 -0.339983 0.901518 0.704545 0.35147 0.616511 -0.232865 0.967479 0.098786 0.0308777 0.967474 0.251078 -0.93142 0.363946 8.64699e-06 -0.923862 -0.382727 6.23541e-08 0.759189 0.432518 -0.486375 0.806288 0.169067 -0.566847 -0.00501576 0.386384 0.922324 -9.58549e-05 0.212887 0.977077 0.534132 0.311681 -0.785848 0.632308 0.0338906 -0.773975 -0.350657 0.935299 -0.0474918 -0.175727 0.914621 -0.364126 0.403248 0.914602 -0.0298859 0.216495 0.935267 0.28001 0.416403 0.909163 0.00558146 0.478581 0.429386 0.76589 0.918063 0.064587 0.391139 0.601696 0.129012 0.788237 0.175736 0.914555 0.364288 -0.403409 0.914532 0.0298759 -0.216503 0.935367 -0.279669 0.35041 0.935384 0.0476335 -0.0309152 0.967501 -0.25097 0.663753 0.486308 -0.568275 0.160272 0.486367 -0.85893 0.44483 0.0929808 -0.890776 0.549013 0.0929886 -0.830625 -0.0877008 0.16916 0.981679 0.259136 0.933268 0.248715 0.574521 0.66352 0.479236 0.162708 0.263407 0.950864 0.345029 0.933264 0.0998684 -0.145845 0.182667 -0.972297 0.354119 0.0338881 -0.934586 0.914947 0.182621 -0.35989 0.886161 0.351379 0.302077 -0.354044 0.0339121 0.934614 -0.444823 0.0929822 0.890779 -0.160242 0.486425 0.858902 0.146026 0.182757 0.972253 0.0308777 0.967474 0.251078 -0.0414347 0.432413 0.900723 0.23277 0.967509 -0.0987128 -0.488162 0.216487 -0.845477 -0.461116 0.372871 -0.805195 0.00502221 0.386377 -0.922327 9.99763e-05 0.212903 -0.977073 0.351512 0.916201 -0.192391 0.416403 0.909163 0.00558146 0.92788 0.372866 -0.00325439 -0.413357 0.311666 0.85557 0.461936 -0.382683 0.800105 -0.232865 0.967479 0.098786 0.345029 0.933264 0.0998684 0.259136 0.933268 0.248715 0.632308 0.0338906 -0.773975 -0.0414347 0.432413 0.900723 -0.0877008 0.16916 0.981679 -0.0333433 0.999444 3.82115e-06 -0.0206197 0.999745 0.00926027 0.976284 0.216493 -7.42157e-06 -0.0166686 0.999445 -0.0288547 -0.0251644 0.999578 -0.0145413 -0.0333433 0.999444 3.82115e-06 -0.00223285 0.99974 -0.0226794 0.259136 0.933268 0.248715 0.345029 0.933264 0.0998684 0.365708 0.906464 0.211143 0.213031 0.909168 0.357815 0.416403 0.909163 0.00558146 0.00913553 0.916193 0.400633 0.0308777 0.967474 0.251078 -0.549035 0.0929608 0.830614 -0.663697 0.48647 0.568202 0.23277 0.967509 -0.0987128 -0.0309152 0.967501 -0.25097 0.646887 -0.340008 -0.682592 0.428795 -0.868817 -0.247572 -0.904841 0.263432 0.334463 -0.534362 0.311658 0.785701 -0.259115 0.933247 -0.248816 -0.702358 0.663431 -0.257977 -0.845605 0.215875 -0.488211 -0.805402 0.367586 -0.464982 -0.259115 0.933247 -0.248816 -0.534362 0.311658 0.785701 -0.976265 0.216577 -4.38876e-06 -0.92788 0.372864 0.00325494 0.0415493 0.432479 -0.900686 0.0877306 0.169156 -0.981677 0.705421 0.274527 0.653465 0.025159 0.999578 0.0145342 0.646886 -0.340008 0.682593 0.914587 -0.340031 0.218883 0.918638 0.274528 0.284146 0.267719 -0.339992 -0.901516 0.931423 0.363938 -5.08174e-06 0.923862 -0.382725 6.23539e-08 0.918632 0.274546 -0.284147 0.931423 0.363938 -5.08174e-06 0.923862 -0.382725 6.23539e-08 0.914587 -0.340032 -0.218883 -0.416405 0.909162 -0.00558266 -0.35152 0.916197 0.192397 -0.00913273 0.91619 -0.400641 -0.213032 0.909167 -0.357816 -0.365709 0.906463 -0.211144 0.191342 -0.923879 0.331415 0.914587 -0.340032 -0.218883 0.267721 -0.339979 0.901521 0.646886 -0.340008 0.682593 0.428796 -0.868817 0.247572 0.914587 -0.340031 0.218883 0.704944 0.277977 -0.65252 0.0208013 0.999739 -0.00941854 0.461936 -0.382683 0.800105 -0.632443 0.0339065 0.773865 -0.478882 0.429632 -0.765564 -0.918131 0.0647851 -0.390945 -0.601703 0.128964 -0.78824 0.033399 0.999442 -1.64112e-05 0.923862 -0.382725 6.23539e-08 0.382641 -0.923897 1.50522e-07 0.033399 0.999442 -1.64112e-05 0.646887 -0.340008 -0.682592 -0.162753 0.263169 -0.950922 -0.574585 0.663281 -0.479489 -0.345078 0.933226 -0.100057 0.41349 0.311687 -0.855498 -0.886171 0.35145 -0.301967 0.0415493 0.432479 -0.900686 0.0877306 0.169156 -0.981677 -0.846113 0.212929 0.488625 -0.796251 0.38639 0.465497 -0.92788 0.372864 0.00325494 -0.976265 0.216577 -4.38876e-06 0.354119 0.0338881 -0.934586 0.41349 0.311687 -0.855498 -0.416405 0.909162 -0.00558266 -0.797827 0.0645109 -0.599425 -0.902535 0.429456 -0.0316033 -0.983506 0.12884 -0.126948 -0.444823 0.0929822 0.890779 -0.549035 0.0929608 0.830614 -0.806309 0.169075 0.566816 -0.345078 0.933226 -0.100057 -0.259115 0.933247 -0.248816 -0.70469 0.351455 -0.616354 -0.632443 0.0339065 0.773865 -0.915062 0.182771 0.359523 -0.759341 0.432465 0.486184 -0.213032 0.909167 -0.357816 -0.00913273 0.91619 -0.400641 -0.345078 0.933226 -0.100057 -0.759341 0.432465 0.486184 -0.806309 0.169075 0.566816 0.016661 0.999445 0.0288504 0.00224479 0.99974 0.0226704 0.033399 0.999442 -1.64112e-05 0.025159 0.999578 0.0145342 0.0208013 0.999739 -0.00941854 0.033399 0.999442 -1.64112e-05 -0.345078 0.933226 -0.100057 -0.259115 0.933247 -0.248816 -0.416405 0.909162 -0.00558266 -0.365709 0.906463 -0.211144 -0.35152 0.916197 0.192397 -0.416405 0.909162 -0.00558266 -0.232865 0.967479 0.098786 -0.0309152 0.967501 -0.25097 0.44483 0.0929808 -0.890776 0.549013 0.0929886 -0.830625 -0.354044 0.0339121 0.934614 -0.0333433 0.999444 3.82115e-06 -0.134778 0.952154 -0.274295 -1.68615e-07 1 -2.93402e-07 -1.2102e-07 1 -2.42646e-07 -0.320013 0.945418 -0.0614497 -0.366136 0.922021 0.125787 0.513218 0.838626 0.182518 -1.2806e-07 1 -1.51924e-07 -0.37461 0.920986 0.107014 -0.344059 0.902842 0.257876 -0.925731 -0.373433 -0.0597544 -0.874286 -0.350949 -0.33535 -0.874286 0.350948 -0.33535 -0.925731 0.373433 -0.0597544 -0.098543 0.838628 -0.535717 0.382679 0.923881 -8.34207e-08 -0.513216 0.838627 -0.182519 0.355638 -0.369254 0.858588 0.657282 -0.368726 0.657284 0.657281 0.368726 0.657284 0.355638 0.369255 0.858588 0.414672 0.838629 -0.353198 -0.19752 0.913954 0.354504 -0.0900126 0.914898 0.393522 0.338105 0.366453 0.866831 0.338104 -0.366453 0.866832 0.870339 -0.34982 0.346607 0.870339 0.34982 0.346606 0.337834 0.888251 0.311254 -1.08898e-07 1 -2.75003e-07 0.142615 0.943898 0.297856 0.281575 0.953532 0.107203 0.852732 0.400638 0.335169 0.495735 0.38783 0.777068 0.338105 0.366453 0.866831 0.870339 0.34982 0.346606 -0.414671 0.838629 0.353198 0.0985468 0.838628 0.535716 -0.480678 0.365727 -0.79699 -0.874286 0.350948 -0.33535 -0.455308 0.348502 -0.819293 -0.922765 0.349289 -0.162791 -0.377662 0.885577 -0.270415 0.657281 0.368726 0.657284 0.297428 0.907234 0.297428 0.160109 0.908272 0.386533 0.355638 0.369255 0.858588 0.858585 0.369259 0.355639 0.386528 0.908274 0.160106 0.925732 0.37343 0.0597508 0.407447 0.912776 0.0287677 -0.168148 0.386255 0.906936 -0.451363 0.374176 0.810101 0.923878 0.382688 -2.42755e-08 0.281575 0.953532 0.107203 -0.414671 0.838629 0.353198 -0.407445 0.912776 -0.0287699 -0.925731 0.373433 -0.0597544 -0.890316 0.380286 0.250438 -0.875454 0.380473 0.298029 -0.743931 0.36835 0.557571 0.852732 0.400638 0.335169 0.852732 -0.400638 0.335169 0.495734 -0.38783 0.777069 0.495735 0.38783 0.777068 -0.890316 -0.380286 0.250439 -0.875454 -0.380472 0.298029 -0.875454 0.380473 0.298029 -0.890316 0.380286 0.250438 -0.743931 -0.368349 0.557571 -0.743931 0.36835 0.557571 0.134779 0.952153 0.274298 1.68614e-07 1 -3.24391e-08 8.79279e-08 1 -1.94274e-07 0.320026 0.945413 0.0614546 -0.451364 -0.374176 0.810101 -0.451363 0.374176 0.810101 0.852732 0.400638 0.335169 0.923878 0.382688 -2.42755e-08 0.923878 -0.382687 8.02908e-08 0.852732 -0.400638 0.335169 0.852732 0.400638 0.335169 -0.168147 -0.386255 0.906937 -0.168148 0.386255 0.906936 -0.480677 -0.365727 -0.79699 -0.480678 0.365727 -0.79699 0.858586 -0.369259 0.355639 0.925732 -0.373429 0.0597509 0.925732 0.37343 0.0597508 0.858585 0.369259 0.355639 -0.455308 0.348502 -0.819293 -0.455308 -0.348501 -0.819293 -0.922765 -0.34929 -0.162791 -0.922765 0.349289 -0.162791 -0.098543 -0.838628 -0.535717 0.414673 -0.838629 -0.353198 0.414672 0.838629 -0.353198 -0.098543 0.838628 -0.535717 -0.513216 -0.838627 -0.182519 -0.513216 0.838627 -0.182519 -0.414671 -0.838629 0.353198 -0.414671 0.838629 0.353198 0.0985469 -0.838628 0.535716 -0.414671 -0.838629 0.353198 -0.414671 0.838629 0.353198 0.0985468 0.838628 0.535716 0.513218 -0.838626 0.182518 0.513218 0.838626 0.182518 -3.2649e-08 1 -1.17876e-07 -0.134778 -0.952154 -0.274295 -0.320013 -0.945418 -0.0614495 -7.36892e-08 -1 1.07116e-07 -6.54991e-08 -1 1.12863e-07 -0.366136 -0.922021 0.125787 -0.37461 -0.920986 0.107014 -1.42481e-07 -1 1.68419e-07 0.513218 -0.838626 0.182518 -0.344059 -0.902842 0.257877 -0.495735 0.387831 -0.777068 -0.355641 0.369259 -0.858584 -0.160102 0.908275 -0.386529 -0.142615 0.943898 -0.297855 -0.098543 -0.838628 -0.535717 -0.513216 -0.838627 -0.182519 0.38268 -0.923881 1.83093e-07 0.480669 0.365718 0.796999 0.874284 0.350934 0.335368 0.414673 -0.838629 -0.353198 -0.0900122 -0.914898 0.393523 -0.197521 -0.913954 0.354504 0.874284 -0.350934 0.33537 0.874284 0.350934 0.335368 0.337834 -0.88825 0.311255 -1.27913e-08 -1 1.30985e-07 0.142615 -0.943897 0.297857 0.495734 -0.38783 0.777069 0.852732 -0.400638 0.335169 0.281576 -0.953532 0.107204 0.870339 -0.34982 0.346607 0.338104 -0.366453 0.866832 -0.414671 -0.838629 0.353198 0.0985469 -0.838628 0.535716 -0.480677 -0.365727 -0.79699 -0.874286 -0.350949 -0.33535 -0.455308 -0.348501 -0.819293 -0.377662 -0.885577 -0.270415 -0.922765 -0.34929 -0.162791 0.657282 -0.368726 0.657284 0.355638 -0.369254 0.858588 0.160109 -0.908272 0.386533 0.297428 -0.907234 0.297428 0.386528 -0.908274 0.160106 0.858586 -0.369259 0.355639 0.925732 -0.373429 0.0597509 0.407448 -0.912775 0.028768 -0.168147 -0.386255 0.906937 -0.451364 -0.374176 0.810101 0.923878 -0.382687 8.02908e-08 -0.414671 -0.838629 0.353198 0.281576 -0.953532 0.107204 -0.925731 -0.373433 -0.0597544 -0.407445 -0.912776 -0.0287696 -0.890316 -0.380286 0.250439 -0.875454 -0.380472 0.298029 -0.743931 -0.368349 0.557571 0.455324 0.3485 0.819285 0.922771 0.349282 0.162777 0.377671 0.885574 0.270412 -0.657285 0.368724 -0.657282 -0.297431 0.907233 -0.297428 -0.858585 0.36925 -0.355649 -0.386537 0.908269 -0.160113 0.366148 0.922015 -0.125792 -0.513216 0.838628 -0.182517 2.6345e-07 1 -1.73918e-07 0.374621 0.920981 -0.107017 0.098544 0.838628 0.535716 -0.382679 0.923881 -2.08788e-07 0.513217 0.838628 0.182516 0.852732 -0.400638 0.335169 0.414673 0.838627 -0.3532 -0.281575 0.953532 -0.107203 -0.0985439 0.838628 -0.535717 -0.852732 0.400639 -0.335168 0.0900127 0.914898 -0.393521 -0.337835 0.88825 -0.311255 -0.414672 0.838628 0.3532 0.197516 0.913957 -0.354498 -0.355641 -0.36926 -0.858584 -0.657285 -0.368724 -0.657282 -0.657285 0.368724 -0.657282 -0.355641 0.369259 -0.858584 -0.338105 0.366452 -0.866832 -0.338104 -0.366453 -0.866832 -0.870339 -0.34982 -0.346607 -0.870339 0.34982 -0.346606 0.344057 0.902843 -0.257876 1.28328e-07 1 -5.08395e-08 -3.61462e-08 -1 1.96704e-07 -0.338105 0.366452 -0.866832 -0.870339 0.34982 -0.346606 0.168148 0.386256 -0.906936 0.451364 0.374181 -0.810098 -0.923878 0.382688 -9.05286e-08 -0.281575 0.953532 -0.107203 0.414673 0.838627 -0.3532 0.890321 0.380275 -0.250439 0.875458 0.380461 -0.298031 0.743934 0.368349 -0.557567 -0.852732 0.400639 -0.335168 -0.852732 -0.400638 -0.335168 -0.495734 -0.387831 -0.777068 -0.495735 0.387831 -0.777068 0.890321 -0.380275 -0.250439 0.875458 -0.380461 -0.298031 0.875458 0.380461 -0.298031 0.890321 0.380275 -0.250439 0.743935 -0.368348 -0.557567 0.743934 0.368349 -0.557567 0.451364 -0.374181 -0.810098 0.451364 0.374181 -0.810098 -0.852732 0.400639 -0.335168 -0.923878 0.382688 -9.05286e-08 -0.923878 -0.382687 5.33761e-08 -0.852732 -0.400638 -0.335168 -0.852732 0.400639 -0.335168 0.168148 -0.386256 -0.906936 0.168148 0.386256 -0.906936 0.480668 -0.365718 0.797 0.480669 0.365718 0.796999 -0.858585 -0.369251 -0.355649 -0.858585 0.36925 -0.355649 0.455324 0.3485 0.819285 0.455324 -0.348498 0.819286 0.92277 -0.349282 0.162778 0.922771 0.349282 0.162777 0.0985441 -0.838628 0.535716 -0.414673 -0.838628 0.3532 -0.414672 0.838628 0.3532 0.098544 0.838628 0.535716 0.513217 -0.838628 0.182516 0.513217 0.838628 0.182516 0.414672 -0.838628 -0.3532 0.414673 0.838627 -0.3532 -0.098544 -0.838628 -0.535716 0.414672 -0.838628 -0.3532 0.414673 0.838627 -0.3532 -0.0985439 0.838628 -0.535717 -0.513216 -0.838628 -0.182516 -0.513216 0.838628 -0.182517 0.134778 -0.952153 0.274299 0.320026 -0.945413 0.0614553 4.45007e-08 -1 1.35417e-07 7.25615e-08 -1 2.12978e-07 0.366148 -0.922015 -0.125792 0.374621 -0.920981 -0.107017 9.21589e-08 -1 1.57422e-07 -0.513216 -0.838628 -0.182516 0.344058 -0.902842 -0.257876 0.0985441 -0.838628 0.535716 0.513217 -0.838628 0.182516 -0.38268 -0.923881 1.25955e-07 -0.414673 -0.838628 0.3532 0.0900124 -0.914898 -0.393521 0.197517 -0.913957 -0.354498 -0.337834 -0.88825 -0.311255 7.00133e-08 -1 1.94856e-07 -0.142615 -0.943898 -0.297855 -0.495734 -0.387831 -0.777068 -0.852732 -0.400638 -0.335168 -0.281576 -0.953532 -0.107203 -0.870339 -0.34982 -0.346607 -0.338104 -0.366453 -0.866832 0.414672 -0.838628 -0.3532 -0.098544 -0.838628 -0.535716 0.480668 -0.365718 0.797 0.874284 -0.350934 0.33537 0.455324 -0.348498 0.819286 0.377671 -0.885574 0.270413 0.92277 -0.349282 0.162778 -0.657285 -0.368724 -0.657282 -0.355641 -0.36926 -0.858584 -0.160102 -0.908275 -0.386529 -0.297431 -0.907233 -0.297428 -0.386537 -0.908269 -0.160113 -0.858585 -0.369251 -0.355649 0.168148 -0.386256 -0.906936 0.451364 -0.374181 -0.810098 -0.923878 -0.382687 5.33761e-08 0.414672 -0.838628 -0.3532 -0.281576 -0.953532 -0.107203 0.890321 -0.380275 -0.250439 0.875458 -0.380461 -0.298031 0.743935 -0.368348 -0.557567 -0.852732 -0.400638 -0.335168 0.706697 0.61273 -0.353753 0.655827 0.653772 -0.377455 0.655828 0.377456 -0.653772 0.711988 0.351102 -0.608112 -0.203307 0.489545 0.847946 -0.296104 -3.77961e-06 0.955156 0.649058 -3.41335e-06 0.760739 0.56549 0.412377 0.714259 -0.203187 -0.97914 1.86723e-05 -0.295767 -0.827297 -0.4776 0.649097 -0.658789 -0.380356 0.565505 -0.824745 -5.45432e-06 0.6491 0.658788 -0.380353 0.565507 0.824744 -1.24927e-06 0.711965 0.702215 1.70145e-05 0.706697 0.61273 -0.353753 -0.203306 -0.489552 0.847942 -0.295991 -0.827203 0.477624 0.64907 -0.658813 0.380359 0.565489 -0.412383 0.714257 -0.203068 -0.489591 -0.847977 -0.295657 1.88063e-06 -0.955294 0.649111 1.6495e-06 -0.760693 0.565522 -0.412364 -0.714241 -0.203069 0.489594 -0.847975 -0.29577 0.827298 -0.477596 0.6491 0.658788 -0.380353 0.565523 0.412367 -0.714239 0.711987 -0.351104 -0.608113 0.565522 -0.412364 -0.714241 0.649111 1.6495e-06 -0.760693 0.706711 -3.198e-07 -0.707502 0.711963 -0.702217 1.45234e-05 0.565505 -0.824745 -5.45432e-06 0.649097 -0.658789 -0.380356 0.706694 -0.612732 -0.353755 0.649072 0.65881 0.380362 0.56549 0.412377 0.714259 0.711942 0.351113 0.60816 0.706664 0.612753 0.353778 0.711941 -0.351115 0.608159 0.565489 -0.412383 0.714257 0.64907 -0.658813 0.380359 0.706662 -0.612756 0.353778 0.565523 0.412367 -0.714239 0.711988 0.351102 -0.608112 0.649072 0.65881 0.380362 -0.295992 0.8272 0.477628 0.565507 0.824744 -1.24927e-06 -0.203188 0.97914 2.38058e-05 0.565505 -0.824745 -5.45432e-06 -0.203187 -0.97914 1.86723e-05 0.166682 0.492977 -0.853927 0.170729 0.853295 -0.492686 0.170842 -2.55824e-07 -0.985298 0.166324 -0.493066 0.853945 0.170408 -2.76831e-07 0.985373 0.649058 -3.41335e-06 0.760739 0.706648 -4.92449e-07 0.707565 0.565505 -0.824745 -5.45432e-06 0.711963 -0.702217 1.45234e-05 0.166322 0.493065 0.853946 0.1705 0.85336 0.492652 0.166492 0.986043 -6.07422e-05 0.166677 -0.492981 -0.853926 0.170718 -0.853297 -0.492686 0.170502 -0.853361 0.49265 0.166489 -0.986043 -6.38572e-05 0.166489 -0.986043 -6.38572e-05 0.711941 -0.351115 0.608159 0.655825 -0.377456 0.653773 0.655825 5.57976e-08 0.754913 0.706648 -4.92449e-07 0.707565 0.706694 -0.612732 -0.353755 0.655827 -0.653773 -0.377454 0.655827 -0.754912 9.29309e-07 0.711963 -0.702217 1.45234e-05 0.711965 0.702215 1.70145e-05 0.655827 0.754912 -5.8331e-07 0.655828 -3.54433e-07 -0.754911 0.706711 -3.198e-07 -0.707502 0.655825 0.377457 0.653773 0.711942 0.351113 0.60816 0.711963 -0.702217 1.45234e-05 0.655827 -0.754912 9.29309e-07 0.655826 -0.653773 0.377456 0.706662 -0.612756 0.353778 0.655828 0.377456 -0.653772 0.655827 0.653772 -0.377455 1 -5.37346e-10 2.81646e-08 0.655827 -0.377457 -0.653771 0.711987 -0.351104 -0.608113 0.655826 0.653774 0.377455 0.706664 0.612753 0.353778 0.655826 0.653774 0.377455 0.655825 0.377457 0.653773 0.655825 -0.377456 0.653773 0.655826 -0.653773 0.377456 0.655827 -0.653773 -0.377454 0.655827 -0.377457 -0.653771 0.655827 0.754912 -5.8331e-07 0.655825 5.57976e-08 0.754913 0.655827 -0.754912 9.29309e-07 0.655827 -0.754912 9.29309e-07 0.655828 -3.54433e-07 -0.754911 0.220862 -0.481853 0.847961 -0.531888 -0.437881 0.724814 -0.59987 -0.698349 0.390467 0.325778 -0.815937 0.477615 0.295689 0.0107657 0.955224 -0.62576 -0.0225469 0.77969 0.18524 0.496634 -0.847963 0.295677 0.0107589 -0.955228 -0.625693 -0.0225497 -0.779743 -0.56331 0.398027 -0.724055 -0.531839 -0.437902 -0.724837 0.220855 -0.481859 -0.847959 0.325771 -0.815942 -0.47761 -0.599829 -0.698381 -0.390474 -0.563352 0.39801 0.724032 0.185248 0.49664 0.847958 0.265597 0.837465 0.47761 -0.651504 0.651167 0.389261 -0.660127 -0.751154 -2.11098e-05 -0.516086 -0.856537 6.57706e-06 -0.59987 -0.698349 0.390467 -0.655889 -0.659788 0.366728 -0.674006 -0.388386 -0.628389 -0.531839 -0.437902 -0.724837 -0.599829 -0.698381 -0.390474 -0.655841 -0.659818 -0.366759 -0.516086 -0.856537 6.57706e-06 -0.660127 -0.751154 -2.11098e-05 0.238669 -0.971101 2.19556e-06 -0.516086 -0.856537 6.57706e-06 -0.563352 0.39801 0.724032 -0.701829 0.336424 0.627897 -0.680482 -0.0250457 0.732336 -0.62576 -0.0225469 0.77969 -0.651504 0.651167 0.389261 -0.70493 0.607779 0.365621 0.167435 0.985883 -3.77603e-06 -0.579029 0.815307 3.25913e-06 -0.516086 -0.856537 6.57706e-06 0.238669 -0.971101 2.19556e-06 -0.531888 -0.437881 0.724814 -0.674071 -0.388371 0.628328 -0.202267 0.97933 -4.851e-06 -0.201549 0.846554 -0.492671 0.265588 0.837464 -0.477616 -0.6804 -0.0250439 -0.732413 -0.625693 -0.0225497 -0.779743 -0.715655 0.698454 -2.08649e-05 -0.579029 0.815307 3.25913e-06 -0.651468 0.651196 -0.389272 -0.704887 0.607809 -0.365653 -0.56331 0.398027 -0.724055 -0.70177 0.336441 -0.627954 -0.184298 0.486638 0.853942 -0.201533 0.846556 0.492674 -0.170494 -0.00620267 0.985339 -0.148489 -0.498749 -0.853932 -0.17052 -0.00620462 -0.985335 -0.651468 0.651196 -0.389272 -0.184325 0.486636 -0.853938 -0.148457 -0.498751 0.853936 -0.139465 -0.858969 0.492667 -0.139491 -0.858967 -0.492664 -0.130519 -0.991446 7.67421e-08 0.0999088 0.00363549 0.99499 0.106901 0.00391016 0.994262 0.0887859 0.501049 0.860852 0.0817715 0.500781 0.861703 -0.201549 0.846554 -0.492671 -0.202267 0.97933 -4.851e-06 -0.413998 0.910278 -1.55306e-06 -0.409492 0.78647 -0.462366 -0.148489 -0.498749 -0.853932 -0.17052 -0.00620462 -0.985335 -0.380365 -0.0138441 -0.924733 -0.363561 -0.475899 -0.800839 0.0812087 0.500834 -0.861726 0.0881889 0.501007 -0.860938 0.106212 0.00388499 -0.994336 0.0992648 0.00361446 -0.995054 -0.148457 -0.498751 0.853936 -0.139465 -0.858969 0.492667 -0.351227 -0.814159 0.462369 -0.363544 -0.475903 0.800845 -0.201533 0.846556 0.492674 -0.184298 0.486638 0.853942 -0.397162 0.448218 0.800851 -0.409486 0.78647 0.46237 -0.130519 -0.991446 7.67421e-08 -0.139491 -0.858967 -0.492664 -0.351243 -0.814155 -0.462364 -0.346722 -0.937968 5.6465e-07 -0.170494 -0.00620267 0.985339 -0.380356 -0.0138438 0.924737 -0.184325 0.486636 -0.853938 -0.397176 0.448216 -0.800846 0.063395 0.997988 5.18066e-05 0.0704843 0.997513 -5.9577e-05 0.0751431 0.864988 -0.496134 0.0680816 0.864801 -0.497478 0.0684069 0.86474 0.497539 0.0754874 0.86502 0.496026 0.131091 -0.857476 0.497543 0.13805 -0.856643 0.497096 0.124938 -0.492941 0.861046 0.117961 -0.493507 0.861705 0.117406 -0.493601 -0.861727 0.124341 -0.492944 -0.861131 0.137705 -0.856637 -0.497203 0.130771 -0.857561 -0.497481 -0.130519 -0.991446 7.67421e-08 -0.346722 -0.937968 5.6465e-07 0.135781 -0.990739 5.14924e-05 0.142724 -0.989763 -5.88135e-05 0.142724 -0.989763 -5.88135e-05 0.135781 -0.990739 5.14924e-05 -0.218129 -0.845172 -0.487959 -0.21813 -0.97592 1.00916e-07 -0.0412113 -0.999151 2.99455e-07 -0.0412115 -0.86529 -0.499575 0.1705 0.85336 0.492652 0.166492 0.986043 -6.07422e-05 0.216502 0.976282 1.67103e-07 0.216501 0.845486 0.48814 0.166324 -0.493066 0.853945 0.170408 -2.76831e-07 0.985373 0.216531 3.76496e-07 0.976276 0.216522 -0.48814 0.845481 -0.218114 -0.48796 0.845175 -0.218109 3.52603e-07 0.975924 -0.0412113 3.09218e-07 0.999151 -0.0412112 -0.499575 0.86529 0.166677 -0.492981 -0.853926 0.170718 -0.853297 -0.492686 0.216493 -0.845487 -0.488142 0.2165 -0.488143 -0.845485 0.170729 0.853295 -0.492686 0.166682 0.492977 -0.853927 0.21651 0.488138 -0.845485 0.216515 0.845481 -0.488142 0.166489 -0.986043 -6.38572e-05 0.170502 -0.853361 0.49265 0.216501 -0.845486 0.488141 0.216493 -0.976284 -2.00115e-08 -0.218118 0.845172 -0.487963 -0.218119 0.487959 -0.845174 -0.0412117 0.499575 -0.86529 -0.0412116 0.86529 -0.499575 0.170842 -2.55824e-07 -0.985298 0.216512 -3.18939e-07 -0.97628 0.166322 0.493065 0.853946 0.216522 0.488141 0.84548 -0.218113 0.487963 0.845174 -0.218124 0.845173 0.48796 -0.0412113 0.86529 0.499575 -0.0412113 0.499575 0.86529 -0.21812 -2.94522e-07 -0.975922 -0.218125 -0.487961 -0.845172 -0.0412116 -0.499575 -0.86529 -0.0412116 -2.06713e-07 -0.99915 0.0761563 -0.504436 0.860084 0.0202868 -0.0133272 0.999705 0.0138589 0.495368 0.868573 -0.019577 -0.0141202 0.999709 -0.218124 0.975921 -1.6788e-06 -0.0412114 0.999151 -1.96951e-07 0.128264 -0.99174 -3.21439e-05 0.114914 -0.861845 0.493982 -0.218125 -0.845171 0.487962 -0.0412113 -0.865289 0.499576 -0.0577288 -0.506967 0.86003 -0.0841557 -0.865577 0.493654 0.0763479 -0.504507 -0.860025 0.11506 -0.861773 -0.494074 -0.0937525 -0.995596 -0.000285134 -0.085205 -0.865468 -0.493665 -0.21813 -0.97592 1.00916e-07 -0.0412113 -0.999151 2.99455e-07 -0.0312243 0.495815 -0.867867 0.0203296 -0.0133619 -0.999704 0.166489 -0.986043 -6.38572e-05 0.216493 -0.976284 -2.00115e-08 -0.0584329 -0.507214 -0.859837 -0.019701 -0.0142041 -0.999705 0.128264 -0.99174 -3.21439e-05 -0.0614638 0.866041 -0.49618 -0.0589874 0.490971 0.869177 0.0552305 -0.0677508 0.996172 0.0360027 -0.13205 0.990589 -0.0432169 0.499102 0.865465 -0.130519 -0.991446 7.67421e-08 -0.674006 -0.388386 -0.628389 -0.641849 -0.400988 -0.653634 -0.655577 -0.023863 -0.754751 -0.6804 -0.0250439 -0.732413 -0.655889 -0.659788 0.366728 -0.631808 -0.67706 0.37737 -0.628126 -0.778111 -1.32951e-06 -0.660127 -0.751154 -2.11098e-05 -0.715655 0.698454 -2.08649e-05 -0.68303 0.73039 1.91627e-07 -0.679351 0.629341 0.377376 -0.70493 0.607779 0.365621 -0.701829 0.336424 0.627897 -0.669305 0.353266 0.653631 -0.655582 -0.0238631 0.754747 -0.680482 -0.0250457 0.732336 -0.669298 0.353264 -0.65364 -0.70177 0.336441 -0.627954 -0.660127 -0.751154 -2.11098e-05 -0.628126 -0.778111 -1.32951e-06 -0.631805 -0.677059 -0.377377 -0.655841 -0.659818 -0.366759 -0.754813 -0.348519 0.555691 -0.766476 -0.0278997 0.641666 -0.650214 -0.0236674 0.759382 -0.6364 -0.403109 0.657645 -0.641853 -0.40099 0.653629 -0.674071 -0.388371 0.628328 -0.679348 0.629341 -0.377381 -0.704887 0.607809 -0.365653 -0.766473 -0.027898 -0.64167 -0.754807 -0.348516 -0.5557 -0.636402 -0.40311 -0.657643 -0.650214 -0.0236656 -0.759382 -0.746266 -0.583227 -0.320832 -0.743141 -0.669135 -2.52916e-06 -0.622588 -0.78255 -3.35032e-06 -0.626292 -0.680877 -0.379689 -0.789817 0.613343 2.65701e-06 -0.786683 0.527441 -0.320835 -0.674139 0.633542 -0.379686 -0.677831 0.735218 3.9836e-06 -0.778147 0.292721 0.555699 -0.664022 0.355771 0.657648 -0.746269 -0.583229 0.320823 -0.626292 -0.680879 0.379688 -0.778145 0.292724 -0.555701 -0.664021 0.355776 -0.657648 -0.786685 0.527439 0.320834 -0.67414 0.633538 0.379691 -0.789817 0.613343 2.65701e-06 -0.677831 0.735218 3.9836e-06 0.0138576 0.495367 -0.868573 0.0312443 0.865772 -0.499463 0.0446364 0.999003 -1.33522e-07 0.0312445 0.865772 0.499463 -0.0797182 0.996817 -1.52668e-07 -0.0614636 0.866041 0.49618 -0.0937525 -0.995596 -0.000285134 -0.0312251 0.495816 0.867866 -0.0589877 0.49097 -0.869177 -0.123854 0.863223 -0.489393 -0.0848331 0.870053 -0.485603 -0.0432182 0.4991 -0.865466 -0.154749 0.987954 -2.04679e-07 -0.0999214 0.994995 -1.32208e-07 -0.123854 0.863224 0.489393 -0.0848328 0.870054 0.485603 0.0554177 -0.0679 -0.996152 0.0361072 -0.132388 -0.99054 -0.0321398 -0.13282 -0.990619 0.0272791 0.499596 -0.865829 0.0428886 0.491022 -0.870091 -0.0529862 -0.06951 -0.996173 0.292475 -0.956273 0.000631145 0.260156 -0.856695 -0.445413 0.181249 -0.914795 -0.360969 0.199324 -0.979931 0.00228931 -0.134219 -0.922652 -0.361522 -0.096796 -0.676461 -0.730089 -0.151154 -0.559734 -0.81477 -0.224882 -0.865938 -0.446744 -0.0962935 -0.676119 0.730473 -0.136852 -0.920868 0.365066 -0.223815 -0.8658 0.447547 -0.150143 -0.559347 0.815223 0.258425 -0.856528 0.446739 0.292475 -0.956273 0.000631145 0.199324 -0.979931 0.00228931 0.176408 -0.914587 0.363883 0.170972 -0.554071 0.814723 0.12284 -0.672527 0.729807 0.0272775 0.499597 0.865828 -0.0320623 -0.13242 0.990675 -0.0528239 -0.0692589 0.996199 0.0428867 0.491021 0.870092 -0.14885 -0.988857 0.00245312 -0.252761 -0.967529 0.000715104 -0.14885 -0.988857 0.00245312 -0.252761 -0.967529 0.000715104 0.172224 -0.554737 -0.814006 0.123973 -0.673733 -0.728502 0.0575721 0.871423 0.487142 0.0958004 0.864557 0.493319 0.0683776 0.99766 -2.27368e-07 0.122181 0.992508 -1.76291e-07 0.0575718 0.871423 -0.487142 0.0958003 0.864557 -0.493319 -0.67012 -9.94081e-07 -0.742253 -0.653225 -2.27463e-07 -0.757163 -0.653225 0.378582 -0.655723 -0.680804 0.366221 -0.63434 -0.680906 0.366197 0.634246 -0.653228 0.378581 0.65572 -0.653228 -3.28006e-08 0.757161 -0.670276 -6.94516e-07 0.742112 -0.670232 -0.642729 0.371063 -0.653228 -0.655722 0.378579 -0.653227 -0.757162 -9.32569e-07 -0.680847 -0.732425 -3.04707e-05 -0.680801 -0.366226 -0.634341 -0.653226 -0.378582 -0.655722 -0.67024 0.642724 0.371059 -0.653228 0.655722 0.37858 -0.680903 -0.366201 0.634247 -0.653228 -0.378582 0.65572 -0.67015 -0.642781 -0.371122 -0.653226 -0.655722 -0.378581 -0.680853 0.73242 -3.42035e-05 -0.653227 0.757162 2.11267e-07 -0.653226 0.655723 -0.378581 -0.670157 0.642774 -0.371122 -0.680847 -0.732425 -3.04707e-05 -0.653227 -0.757162 -9.32569e-07 -0.541709 0.420302 -0.727941 -0.618879 0.680257 -0.392732 0.618869 0.680252 -0.392758 0.541653 0.420283 -0.727993 -0.541706 -0.420308 -0.727939 -0.618887 -1.66065e-06 -0.78548 0.61886 1.86925e-07 -0.785501 0.54165 -0.420281 -0.727997 -0.541675 -0.840588 5.03416e-05 -0.618874 -0.680262 -0.392733 0.618863 -0.680256 -0.39276 0.541675 -0.840588 -5.04167e-05 -0.54168 0.840585 4.76508e-05 -0.618869 0.680252 0.392758 0.618878 0.680258 0.392733 0.54168 0.840585 -4.84669e-05 0.618869 0.680252 -0.392758 0.54168 0.840585 -4.84669e-05 0.680853 0.73242 3.35598e-05 0.670241 0.642723 -0.371058 -0.680903 -0.366201 0.634247 -0.54165 -0.42028 0.727997 -0.61886 4.67794e-07 0.785501 -0.670276 -6.94516e-07 0.742112 -0.680847 -0.732425 -3.04707e-05 -0.541675 -0.840588 5.03416e-05 -0.618863 -0.680256 0.39276 -0.670232 -0.642729 0.371063 -0.618879 0.680257 -0.392732 -0.541709 0.420302 -0.727941 -0.680804 0.366221 -0.63434 -0.670157 0.642774 -0.371122 -0.54165 -0.42028 0.727997 -0.618863 -0.680256 0.39276 0.618873 -0.680262 0.392735 0.541701 -0.420309 0.727942 -0.680801 -0.366226 -0.634341 -0.541706 -0.420308 -0.727939 -0.618874 -0.680262 -0.392733 -0.67015 -0.642781 -0.371122 -0.541653 0.420283 0.727994 -0.680906 0.366197 0.634246 -0.541653 0.420283 0.727994 0.541704 0.420303 0.727944 -0.680853 0.73242 -3.42035e-05 -0.54168 0.840585 4.76508e-05 -0.618869 0.680252 0.392758 -0.67024 0.642724 0.371059 -0.61886 4.67794e-07 0.785501 0.618881 -1.34569e-06 0.785485 -0.618887 -1.66065e-06 -0.78548 -0.67012 -9.94081e-07 -0.742253 -0.541675 -0.840588 5.03416e-05 -0.680847 -0.732425 -3.04707e-05 -0.653228 0.378581 0.65572 -0.653228 0.655722 0.37858 -1 -1.3712e-14 -8.41636e-08 -0.653226 0.655723 -0.378581 -0.653225 0.378582 -0.655723 -0.653226 -0.378582 -0.655722 -0.653226 -0.655722 -0.378581 -0.653228 -0.655722 0.378579 -0.653228 -0.378582 0.65572 -0.653225 -2.27463e-07 -0.757163 -0.653227 -0.757162 -9.32569e-07 -0.653227 0.757162 2.11267e-07 -0.653228 -3.28006e-08 0.757161 0.618881 -1.34569e-06 0.785485 0.670112 -7.23684e-07 0.74226 0.680798 0.366222 0.634346 0.541704 0.420303 0.727944 -0.541675 -0.840588 5.03416e-05 0.541675 -0.840588 -5.04167e-05 0.618873 -0.680262 0.392735 0.541675 -0.840588 -5.04167e-05 0.680847 -0.732425 3.00847e-05 0.670148 -0.642782 0.371124 0.618878 0.680258 0.392733 0.670155 0.642775 0.371123 0.541701 -0.420309 0.727942 0.680795 -0.366227 0.634347 0.670241 0.642723 -0.371058 0.671543 0.641695 -0.370482 0.671543 0.370483 -0.641695 0.680906 0.366197 -0.634245 0.54165 -0.420281 -0.727997 0.61886 1.86925e-07 -0.785501 0.670276 -8.79968e-07 -0.742112 0.680903 -0.366201 -0.634246 0.618863 -0.680256 -0.39276 0.670232 -0.642729 -0.371063 0.541675 -0.840588 -5.04167e-05 0.680847 -0.732425 3.00847e-05 0.541653 0.420283 -0.727993 0.680906 0.366197 -0.634245 0.680795 -0.366227 0.634347 0.671541 -0.370483 0.641697 0.67154 5.88617e-09 0.740968 0.670112 -7.23684e-07 0.74226 0.670232 -0.642729 -0.371063 0.671544 -0.641696 -0.37048 0.671543 -0.740966 1.54464e-06 0.680847 -0.732425 3.00847e-05 0.680853 0.73242 3.35598e-05 0.671543 0.740966 1.51665e-08 0.671543 -2.12584e-07 -0.740965 0.670276 -8.79968e-07 -0.742112 0.67154 0.370484 0.641697 0.680798 0.366222 0.634346 0.680847 -0.732425 3.00847e-05 0.671543 -0.740966 1.54464e-06 0.671542 -0.641696 0.370484 0.670148 -0.642782 0.371124 0.671543 0.370483 -0.641695 0.671543 0.641695 -0.370482 0.756775 -0.566098 0.326839 0.756776 -0.326837 0.566098 0.671544 -0.370484 -0.641693 0.680903 -0.366201 -0.634246 0.671541 0.641697 0.370483 0.670155 0.642775 0.371123 0.756777 -0.326839 -0.566097 0.756776 -0.5661 -0.326834 0.671541 0.641697 0.370483 0.67154 0.370484 0.641697 0.756776 0.566098 -0.326839 0.756775 0.326836 -0.5661 0.671541 -0.370483 0.641697 0.671542 -0.641696 0.370484 0.756776 0.326839 0.566098 0.756775 0.566101 0.326835 0.671544 -0.641696 -0.37048 0.671544 -0.370484 -0.641693 0.756775 -0.653675 3.92513e-06 0.671543 0.740966 1.51665e-08 0.756776 -7.15669e-07 -0.653674 0.67154 5.88617e-09 0.740968 0.756776 0.653675 -2.73091e-06 0.671543 -0.740966 1.54464e-06 0.756776 -0.326837 0.566098 0.756775 -0.566098 0.326839 0.660181 -0.650477 0.375555 0.660181 -0.375553 0.650478 0.756776 0.653675 -2.73091e-06 0.671543 -0.740966 1.54464e-06 0.756777 1.04551e-06 0.653673 0.671543 -2.12584e-07 -0.740965 0.756776 0.326839 0.566098 0.756777 1.04551e-06 0.653673 0.66018 1.18542e-06 0.751107 0.66018 0.375556 0.650476 0.756775 -0.653675 3.92513e-06 0.660181 -0.751107 3.47553e-06 0.756776 -0.5661 -0.326834 0.66018 -0.65048 -0.37555 0.756777 -0.326839 -0.566097 0.66018 -0.375555 -0.650477 0.756776 -7.15669e-07 -0.653674 0.66018 -8.35835e-07 -0.751107 0.756775 0.326836 -0.5661 0.66018 0.375552 -0.650479 0.756776 0.566098 -0.326839 0.660181 0.650476 -0.375556 0.756776 0.653675 -2.73091e-06 0.660181 0.751107 -3.84186e-06 0.756776 0.653675 -2.73091e-06 0.756775 0.566101 0.326835 0.660181 0.65048 0.375549 0.660181 0.751107 -3.84186e-06 0.660181 -0.375553 0.650478 0.660181 -0.650477 0.375555 1 1.66756e-10 -7.8863e-08 0.66018 1.18542e-06 0.751107 0.66018 0.375556 0.650476 0.660181 0.65048 0.375549 0.660181 0.751107 -3.84186e-06 0.660181 0.650476 -0.375556 0.660181 0.751107 -3.84186e-06 0.66018 0.375552 -0.650479 0.66018 -8.35835e-07 -0.751107 0.66018 -0.375555 -0.650477 0.66018 -0.65048 -0.37555 0.660181 -0.751107 3.47553e-06 0.191815 -1.38849e-07 -0.981431 0.191873 -0.375573 -0.906714 -0.687098 -0.278044 -0.671258 -0.684387 -1.18789e-07 -0.729119 -0.687098 0.278044 0.671258 0.191877 0.375574 0.906712 0.191814 0.693978 0.693975 -0.684386 0.515566 0.515565 -0.687098 -0.671259 -0.278043 0.191876 -0.906714 -0.375571 0.191817 -0.981431 6.86064e-07 -0.684386 -0.72912 -1.24482e-07 -0.684387 1.12101e-07 0.729119 0.19182 2.33559e-07 0.98143 -0.687098 -0.671259 0.278043 0.191871 -0.906714 0.375572 0.191815 -0.693978 0.693976 -0.684387 -0.515566 0.515565 -0.0502764 0.250591 0.966787 -0.299059 0.1239 0.946157 -0.598119 0.170054 0.783157 -0.293317 0.610877 0.735387 0.32484 0.31668 0.891175 0.378706 1.91531e-07 0.925517 0.0858763 1.40736e-07 0.996306 0.178206 0.916113 0.359139 -0.350809 0.873595 0.33729 -0.306111 0.951996 -9.47512e-07 0.214337 0.97676 3.54044e-07 -0.261168 1.53999e-07 0.965293 -0.206408 1.34365e-07 0.978466 -0.306409 -0.0976067 0.946883 -0.284912 -0.0210172 0.958323 0.178207 -0.916112 0.359139 -0.491791 -0.793424 0.358636 -0.361966 -0.553713 0.749922 0.203249 -0.667844 0.716013 -0.491791 -0.793424 -0.358635 -0.352486 -0.534832 -0.767924 -0.597857 -0.174556 -0.782367 -0.855243 -0.359397 -0.373355 -0.927046 -0.374947 1.14486e-07 -0.472441 -0.881362 1.68814e-07 0.178211 -0.916112 -0.359138 0.209109 -0.664515 -0.717422 -0.372382 0.867644 -0.329433 -0.798129 0.461899 -0.386832 -0.580573 0.187458 -0.792335 -0.323994 0.575717 -0.750719 0.178211 0.916112 -0.359138 0.214337 0.97676 3.54044e-07 -0.306111 0.951996 -9.47512e-07 -0.836641 0.547751 -6.30099e-07 -0.855243 -0.359396 0.373355 -0.586575 -0.201732 0.784369 -0.472441 -0.881362 1.68814e-07 -0.927046 -0.374947 1.14486e-07 0.214337 -0.97676 9.70445e-07 0.00412317 0.31935 -0.947628 -0.475013 0.436068 -0.764335 -0.584636 0.267199 -0.766032 -0.542299 0.119982 -0.831574 0.146167 -0.00338354 -0.989254 -0.480272 -0.495437 -0.723796 -0.312049 -0.593947 -0.741521 -0.340883 -0.0249654 -0.939774 0.214337 -0.97676 9.70445e-07 0.322963 0.320457 -0.890507 0.200169 0.669597 -0.715243 -0.779133 0.464069 0.421417 -0.836641 0.547751 -6.30099e-07 0.203248 0.667844 0.716013 -0.0612149 -0.240079 0.968821 -0.609322 0.427288 -0.667945 -0.464744 0.528596 -0.710352 -0.504093 0.549457 -0.666324 -0.311634 0.59494 -0.740899 -0.340347 0.0256157 -0.939951 -0.0327856 -0.0205486 -0.999251 2.66313e-07 0.653785 -0.75668 -0.482788 0.491961 -0.724493 -0.252727 0.683833 -0.684472 -0.409475 0.645218 -0.644999 0.324841 -0.31668 0.891175 -0.291094 0.0311786 0.956186 0 1.62921e-07 1 9.68769e-09 1.62921e-07 1 0.0327857 -0.0205482 0.999251 -0.294952 -0.428171 0.854209 2.67737e-07 -0.653786 -0.75668 4.60165e-07 -1.62921e-07 -1 -0.479749 -0.513546 -0.711415 -0.49933 -0.426826 -0.753982 -0.611212 -0.422193 -0.669457 -0.503464 -0.552342 -0.664411 -0.687098 0.671259 0.278044 0.191871 0.906714 0.375572 0.191817 0.981431 3.18918e-07 -0.684386 0.72912 -3.13364e-07 -0.687098 0.278044 -0.671258 0.191873 0.375572 -0.906714 -0.687098 -0.278044 0.671258 0.191877 -0.375573 0.906713 -0.684386 0.515566 -0.515565 0.191819 0.693976 -0.693976 -0.684386 -0.72912 -1.24482e-07 0.191817 -0.981431 6.86064e-07 -0.687098 0.278044 -0.671258 -1 5.35219e-09 -2.18548e-08 -0.684386 0.515566 -0.515565 0.586575 -0.201731 0.784369 0.333227 -0.0333374 0.942257 0.264804 -0.67811 0.685599 0.492546 -0.699376 0.51795 0.492543 -0.699377 -0.517951 0.65252 -0.709898 -0.265072 -3.00186e-08 -1 1.62921e-07 -0.333226 -0.0333374 0.942257 0 1.62921e-07 1 -9.68769e-09 1.62921e-07 1 -0.492544 -0.699377 -0.51795 -0.264803 -0.67811 -0.685599 -0.264804 -0.67811 0.685599 -0.492544 -0.699377 0.51795 -3.00186e-08 -1 1.62921e-07 0.687098 -0.278044 0.671258 -0.191872 -0.375573 0.906714 -0.191816 -0.693977 0.693976 0.684386 -0.515566 0.515565 -0.687098 -0.278044 -0.671258 -0.684387 -1.18789e-07 -0.729119 -0.684386 -0.515566 -0.515564 0.191819 -0.693977 -0.693975 -0.684386 -0.515566 -0.515564 -0.652518 -0.7099 -0.265072 -0.652518 -0.709899 0.265072 -0.687098 0.671259 -0.278044 0.191876 0.906714 -0.375572 -0.652518 -0.7099 -0.265072 -0.712206 -0.701971 1.6229e-07 -0.264804 -0.67811 0.685599 0 -0.664181 0.747571 -0.652518 -0.709899 0.265072 -0.492544 -0.699377 0.51795 -0.492544 -0.699377 -0.51795 -0.687098 -0.671259 0.278043 -0.684386 -0.72912 -1.24482e-07 -0.712206 -0.701971 1.6229e-07 0.855243 -0.359395 0.373357 0.652519 -0.709898 0.265073 0.374576 -0.000222824 -0.927196 0.325751 -0.321038 -0.889281 -0.684387 -0.515566 0.515565 0.264803 -0.67811 -0.685599 0.340883 -0.0249655 -0.939774 0.597856 -0.174555 -0.782367 0.492543 -0.699377 -0.517951 -0.687098 0.671259 0.278044 -0.684386 0.515566 0.515565 0.191817 0.981431 3.18918e-07 -0.684386 0.72912 -3.13364e-07 -0.684386 0.72912 -3.13364e-07 -0.687098 -0.671259 -0.278043 -0.687098 0.278044 0.671258 -0.684387 1.12101e-07 0.729119 -0.687098 -0.278044 0.671258 -0.687098 0.671259 -0.278044 -0.0985456 0.838628 -0.535716 0.414672 0.838629 -0.353198 -1.03703e-07 1 -1.62921e-07 -1.70302e-07 1 -2.92043e-07 0 -0.664181 0.747571 -9.51806e-08 1 -1.71287e-07 -0.0467785 0.676878 -0.734608 -0.264729 0.677677 -0.686056 -0.493764 0.69825 -0.518308 -0.654912 0.707812 -0.26475 -0.714661 0.699471 -1.34569e-07 -9.51806e-08 1 -1.71287e-07 -0.714661 0.699471 -1.34569e-07 -0.661443 0.693502 0.285566 -0.548433 0.699914 0.457538 -0.264729 0.677677 -0.686056 -0.0467785 0.676878 -0.734608 0.104223 -0.660105 0.743908 0.440949 -0.840924 0.313705 -0.411635 -0.775261 0.47909 -0.294952 -0.428171 0.854209 -0.560918 -0.815275 -0.143869 -0.519772 0.829318 -0.205108 -0.547334 0.792384 0.269358 -0.607343 -0.711001 0.354419 -4.03666e-07 1 -1.62921e-07 0.0985486 0.838629 0.535713 -0.414671 0.838631 0.353193 -4.46307e-09 1 -1.62921e-07 0.0246403 -0.788874 0.614061 -0.419377 0.762686 -0.492375 0.487795 0.658843 0.572697 0.69031 0.659766 0.296952 -0.592048 0.777912 -0.21055 -0.548433 0.699914 0.457538 -0.661443 0.693502 0.285566 0.478374 0.777906 -0.407456 0.636096 0.762685 -0.117016 -0.739866 0.658844 0.1361 -0.579983 0.647751 0.494003 -0.252073 0.658842 0.708792 0.216717 0.762689 -0.609377 -0.714661 0.699471 -1.34569e-07 -0.654912 0.707812 -0.26475 -0.677569 0.734097 0.0447477 0.743407 0.668838 -0.00103209 0.455619 0.864031 0.214152 -0.714661 0.699471 -1.34569e-07 -0.575774 0.668854 -0.470232 0.497165 0.734098 0.462521 -0.519772 0.829318 -0.205108 0.134877 0.7784 0.613108 -0.547334 0.792384 0.269358 -0.677569 -0.734097 0.0447479 -0.677569 0.734097 0.0447477 -0.414671 0.838631 0.353193 -0.411635 -0.775261 0.47909 0.478374 -0.777906 -0.407456 0.478374 0.777906 -0.407456 0.216717 0.762689 -0.609377 0.216717 -0.762689 -0.609376 -0.592049 -0.777912 -0.21055 -0.592048 0.777912 -0.21055 -0.722797 -0.65975 -0.205656 -0.722797 0.65975 -0.205656 -0.575774 0.668854 -0.470232 -0.575774 -0.668854 -0.470232 -0.411635 -0.775261 0.47909 -0.414671 0.838631 0.353193 0.0985486 0.838629 0.535713 0.0246403 -0.788874 0.614061 -0.739866 0.658844 0.1361 -0.739866 -0.658844 0.1361 0.104223 -0.660105 0.743908 0.134877 0.7784 0.613108 0.455619 0.864031 0.214152 0.440949 -0.840924 0.313705 -0.579983 -0.64775 0.494003 -0.579983 0.647751 0.494003 0.487795 0.658843 0.572697 0.137825 0.647751 0.749282 0.137825 -0.647751 0.749282 0.487795 -0.658843 0.572697 -0.252073 0.658842 0.708792 -0.25207 -0.658844 0.708791 0.497166 -0.734098 0.462521 0.497165 0.734098 0.462521 0.592048 0.777912 0.21055 0.592048 -0.777912 0.21055 0.743407 0.668838 -0.00103209 0.69031 0.659766 0.296952 0.69031 -0.659766 0.296952 0.743407 -0.668838 -0.00103187 0.592048 0.777912 0.21055 -0.722797 0.65975 -0.205656 -0.548433 0.699914 0.457538 -0.598119 0.170054 0.783157 1.61646e-07 -0.664182 -0.747571 -0.264803 -0.67811 -0.685599 0.0327857 -0.0205482 0.999251 -0.607343 -0.711001 0.354419 -0.598119 0.170054 0.783157 0.497166 -0.734098 0.462521 -0.575774 -0.668854 -0.470232 -0.560918 -0.815275 -0.143869 -0.579983 -0.64775 0.494003 -0.739866 -0.658844 0.1361 0.636096 -0.762685 -0.117016 0.478374 -0.777906 -0.407456 -0.722797 -0.65975 -0.205656 0.592048 -0.777912 0.21055 0.216717 -0.762689 -0.609376 -0.25207 -0.658844 0.708791 -0.419377 -0.762686 -0.492375 0.487795 -0.658843 0.572697 0.137825 -0.647751 0.749282 -0.113681 -0.777908 -0.61801 -0.191815 1.70419e-07 0.981431 0.684387 9.20372e-08 0.729119 0.6871 0.278042 -0.671258 -0.191873 0.375573 -0.906713 -0.191814 0.693978 -0.693976 0.684388 0.515566 -0.515563 0.684385 -1.18789e-07 -0.72912 -0.191815 -1.02017e-07 -0.981431 0.687097 -0.67126 -0.278041 -0.191871 -0.906715 -0.375572 -0.191814 -0.693978 -0.693976 0.684388 -0.515566 -0.515563 0.927047 -0.374944 2.27959e-06 0.712207 -0.701969 1.76432e-06 0.855243 -0.359395 -0.373355 0.927047 -0.374944 2.27959e-06 0.712207 -0.701969 1.76432e-06 0.65252 -0.709898 -0.265072 -0.178206 0.916112 -0.359139 0.350811 0.873594 -0.337292 0.306112 0.951996 7.33949e-07 -0.214335 0.97676 -3.25306e-07 -0.178206 -0.916113 -0.359138 0.491791 -0.793424 -0.358635 0.352486 -0.534832 -0.767924 -0.209105 -0.664517 -0.717421 0.491791 -0.793424 0.358636 0.361965 -0.553715 0.749921 0.472441 -0.881362 1.27858e-06 -0.178208 -0.916112 0.359138 -0.20325 -0.667843 0.716013 0.372382 0.867644 0.329432 0.79813 0.461897 0.386833 0.567791 0.217927 0.793802 0.330103 0.591151 0.735916 -0.178209 0.916112 0.359138 -0.214335 0.97676 -3.25306e-07 0.306112 0.951996 7.33949e-07 -0.324837 0.31668 0.891176 0.0578541 0.243348 0.968212 -0.0858762 1.74309e-07 0.996306 -0.3787 1.84341e-07 0.925519 0.836643 0.547749 1.48231e-06 0.472441 -0.881362 1.27858e-06 -0.214334 -0.976761 -1.73209e-07 0.206408 1.55685e-07 0.978466 0.261168 1.56524e-07 0.965293 0.284912 -0.0210174 0.958323 0.306409 -0.0976073 0.946882 0.0612148 -0.240079 0.968821 -0.324837 -0.316679 0.891176 -0.214334 -0.976761 -1.73209e-07 0.302666 0.103496 0.947461 0.28465 0.0232201 0.95835 -0.20325 0.667843 0.716013 0.779134 0.464066 -0.421417 0.836643 0.547749 1.48231e-06 -0.200165 0.669598 -0.715243 0.287315 0.597702 -0.748467 0.608078 0.141624 -0.781143 0.332438 0.0351163 0.942471 -0.146167 -0.0033835 -0.989254 0.0129318 -0.303049 -0.952887 0.499335 -0.42683 -0.753977 0.593157 -0.273632 -0.75716 0.549804 -0.126019 -0.825733 0.687098 -0.278044 0.671258 1 -2.00693e-09 8.72109e-07 0.684387 9.20372e-08 0.729119 0.687098 0.278044 0.671258 -0.191873 0.375573 0.906714 0.542308 0.119982 -0.831569 0.684386 0.515566 0.515565 -0.191816 0.693977 0.693976 0.6871 0.278042 -0.671258 1 -2.00693e-09 8.72109e-07 0.684385 -1.18789e-07 -0.72912 0.6871 -0.278042 -0.671257 -0.191873 -0.375574 -0.906713 0.687098 0.278044 0.671258 0.684386 0.515566 0.515565 1.61646e-07 -0.664182 -0.747571 0.264803 -0.67811 -0.685599 -0.00412348 0.31935 -0.947628 0.475017 0.436073 -0.764329 0.452414 0.540656 -0.709234 -0.374577 -0.000222886 -0.927196 -0.322963 0.320458 -0.890507 0.492546 -0.699376 0.51795 0.264804 -0.67811 0.685599 0.712207 -0.701969 1.76432e-06 0.652519 -0.709898 0.265073 0.687098 -0.671259 0.278043 -0.191873 -0.906714 0.375572 -0.191813 -0.981431 -1.37398e-08 0.684386 -0.72912 8.44213e-07 -0.191815 0.981431 -4.07194e-07 -0.191871 0.906714 -0.375572 0.684386 -0.515566 0.515565 -0.712206 -0.701971 1.6229e-07 0.712207 -0.701969 1.76432e-06 0.687097 0.67126 -0.278042 0.684386 0.72912 -2.59946e-08 -0.191813 -0.981431 -1.37398e-08 0.687097 -0.67126 -0.278041 0.684386 -0.72912 8.44213e-07 0.684388 -0.515566 -0.515563 -0.712206 -0.701971 1.6229e-07 0.687097 0.67126 -0.278042 0.684388 0.515566 -0.515563 -0.191873 0.906714 0.375571 -0.191815 0.981431 -4.07194e-07 0.687098 0.671259 0.278043 0.684386 0.72912 -2.59946e-08 0.684386 0.72912 -2.59946e-08 0.687098 -0.671259 0.278043 0.684386 -0.72912 8.44213e-07 -0.325749 -0.321039 -0.889281 0.6871 -0.278042 -0.671257 0.687098 0.671259 0.278043 0.684386 0.72912 -2.59946e-08 0.684386 -0.72912 8.44213e-07 0.654913 0.707811 0.264751 0.714662 0.69947 6.89682e-07 0.493766 0.698249 0.518308 0.714662 0.69947 6.89682e-07 0.661443 0.693502 -0.285566 0.548433 0.699914 -0.457539 -0.104223 -0.660105 -0.743908 -0.440948 -0.840924 -0.313705 0.411636 -0.775258 -0.479094 0.303539 -0.437731 -0.846319 -0.134878 0.778399 -0.613109 -0.0246376 -0.788872 -0.614063 -0.134878 0.778399 -0.613109 -0.104223 -0.660105 -0.743908 -0.0327856 -0.0205486 -0.999251 -0.0467785 0.676878 -0.734608 0.607341 -0.71101 -0.354403 0.560922 -0.81527 0.143881 0.519777 0.829312 0.205118 0.547333 0.792388 -0.269347 0.493766 0.698249 0.518308 0.264729 0.677677 0.686056 0.714662 0.69947 6.89682e-07 0.654913 0.707811 0.264751 0.548433 0.699914 -0.457539 0.661443 0.693502 -0.285566 0.714662 0.69947 6.89682e-07 0.0467782 0.676878 0.734608 -0.455618 0.864032 -0.214153 0.547333 0.792388 -0.269347 0.519777 0.829312 0.205118 0.264729 0.677677 0.686056 0.252071 0.658842 -0.708793 -0.216715 0.762688 0.609379 -0.478372 0.77791 0.407452 0.579982 0.64775 -0.494004 0.419377 0.762686 0.492374 -0.487796 0.658843 -0.572696 -0.69031 0.659766 -0.296952 0.592048 0.777912 0.21055 0.592049 -0.777912 0.21055 0.592048 0.777912 0.21055 0.677567 0.734099 -0.0447526 0.677567 -0.734099 -0.0447523 0.575776 -0.668855 0.470229 0.575775 0.668855 0.47023 0.411636 -0.775258 -0.479094 0.414672 0.838629 -0.353198 -0.0985456 0.838628 -0.535716 -0.0246376 -0.788872 -0.614063 0.113681 -0.777908 0.61801 0.113681 0.777908 0.61801 0.419377 0.762686 0.492374 0.419377 -0.762686 0.492375 0.0467782 0.676878 0.734608 0.722797 -0.65975 0.205656 0.722797 0.65975 0.205656 -0.440948 -0.840924 -0.313705 -0.455618 0.864032 -0.214153 -0.743407 0.668838 0.00103191 -0.743407 -0.668838 0.00103213 -0.69031 -0.659766 -0.296952 -0.69031 0.659766 -0.296952 -0.487796 0.658843 -0.572696 -0.487796 -0.658843 -0.572696 -0.137827 -0.64775 -0.749282 -0.137827 0.64775 -0.749282 0.252071 0.658842 -0.708793 0.25207 -0.658844 -0.708791 -0.592048 0.777912 -0.21055 -0.636099 0.762684 0.117012 -0.636099 -0.762684 0.117012 -0.592048 -0.777912 -0.21055 -0.636099 0.762684 0.117012 0.739866 0.658844 -0.1361 -0.592048 0.777912 -0.21055 0.722797 0.65975 0.205656 -0.497162 0.734099 -0.462523 0.575775 0.668855 0.47023 -0.478372 -0.777909 0.407453 -0.478372 0.77791 0.407452 -0.216715 0.762688 0.609379 -0.216715 -0.762688 0.609379 0.579982 -0.64775 -0.494004 0.579982 0.64775 -0.494004 0.739866 0.658844 -0.1361 0.739866 -0.658844 -0.1361 0.548433 0.699914 -0.457539 0.608078 0.141624 -0.781143 1.67434e-07 0.687727 -0.725969 -0.0327856 -0.0205486 -0.999251 0.607341 -0.71101 -0.354403 0.608078 0.141624 -0.781143 -0.497162 -0.7341 -0.462523 0.575776 -0.668855 0.470229 0.560922 -0.81527 0.143881 -0.69031 -0.659766 -0.296952 -0.487796 -0.658843 -0.572696 0.419377 -0.762686 0.492375 0.592049 -0.777912 0.21055 -0.636099 -0.762684 0.117012 0.739866 -0.658844 -0.1361 0.722797 -0.65975 0.205656 -0.592048 -0.777912 -0.21055 -0.216715 -0.762688 0.609379 0.25207 -0.658844 -0.708791 0.579982 -0.64775 -0.494004 -0.478372 -0.777909 0.407453 -0.137827 -0.64775 -0.749282 0.113681 -0.777908 0.61801 -0.27991 -0.210324 -0.936704 -0.240087 -0.23222 -0.942567 -0.402572 -0.645992 -0.64856 -0.252725 -0.683834 -0.684472 -0.699471 0.260732 -0.665402 0.126111 -0.0430735 -0.991081 0.157481 -0.00361205 -0.987515 -0.741499 0.0995958 -0.663521 0.479749 -0.513546 -0.711415 -0.140887 -0.307745 -0.94098 -0.261741 -0.227836 -0.937861 0.183777 -0.000233092 -0.982968 0.122913 -0.378067 -0.917583 4.67562e-07 0.203389 -0.979098 -0.279911 0.210322 -0.936704 -0.244141 0.38938 -0.888132 4.01849e-07 0.396829 -0.917893 0.480271 -0.495436 -0.723798 4.12039e-07 -0.20339 -0.979098 3.82246e-07 -0.396831 -0.917892 -0.244094 -0.389353 -0.888157 0.611214 -0.422195 -0.669454 0.699474 -0.260733 -0.665398 -0.124667 0.373638 -0.919159 -0.183776 -0.000233224 -0.982968 -0.275253 -3.00856e-05 -0.961372 -0.240305 0.229388 -0.943204 -0.119202 0.0880743 -0.988956 -0.126111 0.0430729 -0.991081 2.15066e-07 -0.687727 -0.72597 0.261918 0.227868 -0.937804 0.349721 0.101098 -0.931383 0.360768 0.0303247 -0.932163 0.0375882 -0.200129 -0.979048 0.119143 -0.0868951 -0.989067 0.144979 0.301654 -0.94233 0.35035 -0.101329 -0.931122 0.361234 -0.0301956 -0.931986 0.261744 -0.227836 -0.93786 0.699474 0.260733 -0.665398 0.609325 0.42729 -0.667942 0.584641 0.267202 -0.766028 0.0308831 0.198546 -0.979605 0.119201 0.0880714 -0.988956 -0.15748 0.00361176 -0.987516 -0.15748 -0.0036121 -0.987516 0.741505 0.0995943 -0.663515 0.741504 -0.0995944 -0.663515 0.503464 -0.552342 -0.664412 0.40257 -0.645991 -0.648562 0.240305 0.229387 -0.943205 -0.030889 0.198563 -0.979601 -0.0375874 -0.200123 -0.97905 0.240087 -0.232215 -0.942568 0.409473 0.645218 -0.645 0.504094 0.549458 -0.666322 -0.261921 0.227875 -0.937801 -0.349721 0.101098 -0.931383 0.157481 0.00361176 -0.987515 0.126111 0.0430732 -0.991081 -0.699471 -0.260732 -0.665402 -0.741499 -0.0995958 -0.663521 -0.126111 -0.0430733 -0.991081 -0.11914 -0.086894 -0.989068 -0.122913 -0.378068 -0.917582 -0.35035 -0.101328 -0.931121 2.26205e-07 -1.7014e-07 -1 0.475138 0.512131 -0.715518 0.124663 0.37364 -0.919158 -0.144989 0.301662 -0.942326 -0.360768 0.0303249 -0.932163 -0.361234 -0.0301956 -0.931986 -0.593152 -0.273629 -0.757164 -0.549795 -0.126019 -0.825739 0.244143 0.389378 -0.888133 0.275253 -3.00092e-05 -0.961372 0.244095 -0.38935 -0.888158 0.140895 -0.307748 -0.940978 0.279909 -0.210322 -0.936705 0.27991 0.21032 -0.936705 0.252728 -0.683833 -0.684472 0.252729 0.683832 -0.684472 0.319793 0.60079 -0.732656 0.303539 -0.437731 -0.846319 0.312048 -0.593947 -0.741521 -0.0129322 -0.30305 -0.952887 0.113681 0.777908 0.61801 -0.137827 0.64775 -0.749282 -0.497162 -0.7341 -0.462523 -0.497162 0.734099 -0.462523 0.677567 -0.734099 -0.0447523 -0.743407 -0.668838 0.00103213 -0.0246376 -0.788872 -0.614063 -0.0985456 0.838628 -0.535716 -0.743407 0.668838 0.00103191 0.677567 0.734099 -0.0447526 0.0467782 0.676878 0.734608 0.0327857 -0.0205482 0.999251 -0.493764 0.69825 -0.518308 0.636096 0.762685 -0.117016 0.636096 -0.762685 -0.117016 0.69031 -0.659766 0.296952 -0.592049 -0.777912 -0.21055 -0.113681 -0.777908 -0.61801 -0.113681 0.777908 -0.61801 -0.419377 0.762686 -0.492375 -0.419377 -0.762686 -0.492375 -0.113681 0.777908 -0.61801 0.137825 0.647751 0.749282 -0.677569 -0.734097 0.0447479 0.743407 -0.668838 -0.00103187 0.173405 -0.285091 0.942684 0.903093 -0.28509 0.321166 0.860591 0.407075 0.306059 0.16525 0.407079 0.89832 -0.72969 -0.28509 0.621511 0.173405 -0.285091 0.942684 0.16525 0.407079 0.89832 -0.695341 0.407074 0.592276 0.729684 -0.285096 -0.621516 0.695351 0.407076 -0.592264 -0.903091 -0.28509 -0.32117 -0.860591 0.407083 -0.306051 -0.173417 -0.285097 -0.94268 -0.165231 0.407072 -0.898327 0.746599 -0.609993 0.265514 0.143357 -0.609995 0.77933 4.42817e-07 -1 8.08629e-08 -0.746597 -0.609996 -0.265515 -0.143361 -0.609994 -0.77933 0.60324 -0.609994 -0.513818 -0.603244 -0.609993 0.513814 0.729684 -0.285096 -0.621516 0.903093 -0.28509 0.321166 0.746599 -0.609993 0.265514 0.60324 -0.609994 -0.513818 0.173405 -0.285091 0.942684 -0.72969 -0.28509 0.621511 -0.603244 -0.609993 0.513814 0.143357 -0.609995 0.77933 0.173405 -0.285091 0.942684 0.143357 -0.609995 0.77933 -0.903091 -0.28509 -0.32117 -0.746597 -0.609996 -0.265515 -0.173417 -0.285097 -0.94268 -0.143361 -0.609994 -0.77933 0.173402 -0.285095 0.942684 0.903089 -0.285098 0.321168 0.860595 0.407071 0.306055 0.165248 0.407075 0.898322 -0.729688 -0.285092 0.621513 0.173402 -0.285095 0.942684 0.165248 0.407075 0.898322 -0.695346 0.407076 0.59227 0.729683 -0.285099 -0.621516 0.69535 0.407074 -0.592267 -0.903092 -0.285091 -0.321167 -0.860591 0.407078 -0.306055 -0.173409 -0.285096 -0.942682 -0.16524 0.407073 -0.898325 0.746599 -0.609994 0.265514 0.143356 -0.609995 0.77933 4.42821e-07 -1 8.0864e-08 -0.746598 -0.609995 -0.265514 -0.143357 -0.609994 -0.77933 0.603241 -0.609995 -0.513816 -0.603242 -0.609994 0.513815 0.860595 0.407071 0.306055 0.69535 0.407074 -0.592267 -4.98232e-07 1 6.15756e-08 0.165248 0.407075 0.898322 -0.695346 0.407076 0.59227 -0.860591 0.407078 -0.306055 -0.16524 0.407073 -0.898325 0.729683 -0.285099 -0.621516 0.903089 -0.285098 0.321168 0.746599 -0.609994 0.265514 0.603241 -0.609995 -0.513816 0.173402 -0.285095 0.942684 -0.729688 -0.285092 0.621513 -0.603242 -0.609994 0.513815 0.143356 -0.609995 0.77933 0.173402 -0.285095 0.942684 0.143356 -0.609995 0.77933 -0.903092 -0.285091 -0.321167 -0.746598 -0.609995 -0.265514 -0.173409 -0.285096 -0.942682 -0.143357 -0.609994 -0.77933 0.695351 0.407076 -0.592264 -0.165231 0.407072 -0.898327 -2.59945e-07 1 -1.14525e-07 -0.860591 0.407083 -0.306051 -0.695341 0.407074 0.592276 0.16525 0.407079 0.89832 0.860591 0.407075 0.306059 0.488064 0.526175 0.696371 0.680056 0.73316 -7.75302e-08 0.480939 0.876754 -1.21121e-07 0.355563 0.648192 0.673366 0.121114 0.725444 0.677542 0.165342 0.986236 -1.50762e-07 -0.470579 -0.502165 -0.725524 -0.512184 -0.48179 -0.711017 -0.728389 -0.685164 1.60248e-07 -0.68379 -0.729679 2.0202e-07 0.483709 0.584036 0.651865 0.717725 0.246088 0.651392 0.943659 0.330918 -7.96143e-08 0.637103 0.770779 -1.15111e-07 0.156609 0.723729 -0.672079 0.217256 0.976115 -1.58421e-07 0.479367 0.578648 -0.659829 0.304048 0.573973 -0.760335 0.468104 0.883673 -2.13248e-07 0.138929 0.990302 -1.87062e-07 0.0928974 0.662182 -0.743563 0.121114 0.725444 -0.677542 0.355563 0.648192 -0.673366 0.15759 0.730293 0.664709 0.512214 0.481939 -0.710895 0.728303 0.685256 -1.38028e-07 0.685901 0.727695 -2.17123e-07 0.47245 0.501236 -0.724951 0.726344 -0.687331 -1.02073e-05 0.595221 -0.565425 -0.57097 0.711713 0.244582 -0.658516 0.488064 0.526175 -0.696371 0.00565757 0.999984 -1.61732e-07 0.343941 0.617308 -0.707556 0.251899 0.815944 -0.520367 0.0100287 0.99995 -1.6232e-07 -0.675805 0.637729 -0.36958 -0.40525 0.646326 -0.646557 -0.402421 -0.652861 -0.64174 -0.670475 -0.644485 -0.367562 -0.572023 -0.211011 0.792631 -0.55567 -0.595005 0.580689 0.600624 -0.566303 0.564404 0.717725 0.246088 0.651392 0.512214 0.481939 0.710895 0.47245 0.501237 0.72495 0.304048 0.573974 0.760335 0.247256 0.819877 0.516397 -0.346605 -0.656855 -0.669631 -0.105654 -0.725155 -0.680432 -0.144166 -0.989554 2.31978e-07 -0.466691 -0.884421 1.51964e-07 0.121114 0.725444 0.677542 -0.105275 -0.654435 0.748753 -0.317446 -0.574292 0.754597 0.355563 0.648192 0.673366 0.483709 0.584036 0.651865 0.15759 0.730293 0.664709 -0.135233 -0.619706 0.773096 -0.387499 -0.481786 0.785956 0.156609 0.723729 -0.672079 0.479367 0.578648 -0.659829 -0.394788 -0.490484 -0.776896 -0.136611 -0.629932 -0.764541 0.254391 -0.812667 0.524269 0.342629 -0.617586 0.70795 0.00498682 -0.999988 -1.87392e-05 0.00914746 -0.999958 -9.24143e-05 0.47245 0.501236 -0.724951 0.304048 0.573973 -0.760335 -0.346605 -0.656855 -0.669631 -0.48884 -0.525145 -0.696604 -0.675936 0.63666 0.371179 -0.764004 0.645212 -4.11585e-05 -0.756437 -0.654067 -3.35035e-05 -0.670295 -0.645442 0.366211 -0.764004 0.645212 -4.11585e-05 -0.756437 -0.654067 -3.35035e-05 -0.105654 -0.725155 0.680432 0.121114 0.725444 -0.677542 0.355563 0.648192 -0.673366 -0.317447 -0.574292 -0.754597 -0.105275 -0.654436 -0.748753 -0.583223 -0.213338 -0.783797 -0.560778 -0.594464 -0.576316 -0.689134 -0.724634 -9.77882e-05 -0.943601 -0.331084 -0.000164719 0.488064 0.526175 -0.696371 0.512214 0.481939 -0.710895 -0.512184 -0.48179 -0.711017 -0.470579 -0.502165 -0.725524 -0.136611 -0.629932 -0.764541 -0.394788 -0.490484 -0.776896 -0.628603 -0.777726 -0.000194174 -0.201913 -0.979403 -0.000171214 -0.756437 -0.654067 -3.35035e-05 -0.670475 -0.644485 -0.367562 -0.402421 -0.652861 -0.64174 -0.0094753 -0.999955 9.56421e-06 0.343062 -0.618389 -0.707039 0.488064 0.526175 0.696371 -0.470579 -0.502165 0.725524 0.25226 -0.816607 -0.519152 0.251899 0.815944 -0.520367 0.247256 0.819877 0.516397 0.254391 -0.812667 0.524269 0.512214 0.481939 0.710895 -0.512185 -0.48179 0.711017 -0.488841 -0.525145 0.696605 0.47245 0.501237 0.72495 0.0928974 0.662182 -0.743563 -0.105654 -0.725155 -0.680432 -0.48884 -0.525145 -0.696604 -0.681358 -0.731951 1.4957e-07 -0.346605 -0.656855 0.669631 0.304048 0.573974 0.760335 0.127711 0.967663 0.217526 0.238755 0.962589 0.128136 0.393642 0.899203 0.190997 0.240127 0.914267 0.326273 0.0928972 0.662182 0.743563 0.290045 0.957013 -2.23823e-07 0.238755 0.962589 -0.128136 0.393641 0.899203 -0.190997 0.431251 0.902232 -2.79551e-07 -0.105275 -0.654436 -0.748753 -0.317447 -0.574292 -0.754597 -0.483781 -0.875189 1.8656e-07 -0.158818 -0.987308 2.09752e-07 -0.675805 0.637729 -0.36958 -0.764004 0.645212 -4.11585e-05 -0.689134 -0.724634 -9.77882e-05 -0.560778 -0.594464 -0.576316 0.595221 -0.565425 -0.57097 0.726344 -0.687331 -1.02073e-05 0.342384 0.618516 0.707256 0.600624 -0.566303 0.564404 -0.105654 -0.725155 0.680432 0.342629 -0.617586 0.70795 0.342384 0.618516 0.707256 0.0928972 0.662182 0.743563 0.343062 -0.618389 -0.707039 0.343941 0.617308 -0.707556 -0.675936 0.63666 0.371179 0.711713 0.244582 -0.658516 0.595221 -0.565425 -0.57097 -0.560778 -0.594464 -0.576316 -0.583223 -0.213338 -0.783797 0.600624 -0.566303 0.564404 -0.55567 -0.595005 0.580689 -0.40681 0.644335 0.647563 -0.402745 -0.655665 0.638671 -0.670295 -0.645442 0.366211 -0.402745 -0.655665 0.638671 -0.346605 -0.656855 0.669631 0.25226 -0.816607 -0.519152 -0.55567 -0.595005 0.580689 -0.572023 -0.211011 0.792631 -0.470579 -0.502165 0.725524 -0.317446 -0.574292 0.754597 0.127711 0.967664 -0.217524 -0.40681 0.644335 0.647563 -0.40525 0.646326 -0.646557 0.000372792 -0.703138 0.711054 0.00210609 0.69482 0.71918 -0.123101 0.659274 0.741757 -0.120904 -0.668488 0.73383 -0.135233 -0.619706 0.773096 -0.387499 -0.481786 0.785956 -0.488841 -0.525145 0.696605 -0.512185 -0.48179 0.711017 -0.105275 -0.654435 0.748753 0.043563 0.965494 0.256756 0.0586085 0.929103 0.365149 -0.061099 0.928788 0.365541 -0.0468259 0.965469 0.256275 0.240128 0.914268 -0.326272 0.0611051 0.998131 -2.14969e-07 -0.0166901 0.999861 -1.60517e-07 0.0159553 0.999873 -1.65281e-07 0.0586088 0.929103 -0.365148 -0.0610988 0.928788 -0.365541 -0.266759 0.955875 -0.123055 -0.316005 0.948758 -1.62116e-07 -0.427778 0.903884 -1.56152e-07 -0.402118 0.897755 -0.179825 -0.123101 0.659274 0.741757 0.00210609 0.69482 0.71918 -0.0468255 0.965469 -0.256275 0.0435633 0.965494 -0.256756 -0.266757 0.955876 0.123055 -0.142329 0.965868 0.216429 -0.25646 0.911237 0.322296 -0.402117 0.897756 0.179825 0.00210577 0.69482 -0.719181 -0.121539 0.660074 -0.741304 -0.0622458 0.998061 -1.56656e-07 -0.256461 0.911237 -0.322297 -0.142329 0.965868 -0.216429 0.00461309 0.698511 0.715585 0.000701552 -0.703175 0.711017 0.000701554 -0.703175 -0.711016 0.00461285 0.69851 -0.715585 0.000997687 -0.999999 2.62534e-07 0.000701554 -0.703175 -0.711016 0.00053018 -1 2.11245e-07 -0.000812604 -1 3.84893e-06 -0.11942 -0.668505 -0.734057 0.000372789 -0.703138 -0.711053 0.000372789 -0.703138 -0.711053 -0.11942 -0.668505 -0.734057 -0.121539 0.660074 -0.741304 0.00210577 0.69482 -0.719181 0.00461285 0.69851 -0.715585 0.000701552 -0.703175 0.711017 0.00461309 0.698511 0.715585 0.000372792 -0.703138 0.711054 -0.120904 -0.668488 0.73383 -0.791836 -0.404959 -0.45717 -0.791836 0.404958 -0.457171 -0.457171 0.404957 -0.791836 -0.457171 -0.404958 -0.791836 0.791838 -0.40496 0.457165 0.791838 0.404959 0.457165 0.457168 0.404959 0.791836 0.457168 -0.404961 0.791836 2.30263e-08 -0.40496 0.914335 1.35279e-07 0.404958 0.914335 -0.45717 0.404958 0.791836 -0.457171 -0.404958 0.791836 -0.791836 -0.404959 0.45717 -0.791835 0.404959 0.457171 -0.914335 0.404958 -3.6532e-07 -0.914336 -0.404957 -2.50638e-07 0.791838 -0.40496 -0.457165 0.791838 0.40496 -0.457166 0.914335 0.404959 -1.99237e-08 0.914335 -0.404959 7.17328e-08 1.15131e-08 -0.404959 -0.914335 -3.5115e-07 0.404959 -0.914335 0.457168 0.40496 -0.791837 0.457168 -0.404961 -0.791836 0.190751 0.924367 -0.330394 0.330393 0.924367 -0.190752 0.791838 0.40496 -0.457166 0.457168 0.40496 -0.791837 0.381508 -0.924366 1.60926e-07 0.330392 -0.924367 -0.190751 0.791838 -0.40496 -0.457165 0.914335 -0.404959 7.17328e-08 0.381508 0.924366 -9.37966e-08 0.330393 0.924367 0.190752 0.791838 0.404959 0.457165 0.914335 0.404959 -1.99237e-08 0.190751 -0.924367 0.330393 0.330392 -0.924367 0.190752 0.791838 -0.40496 0.457165 0.457168 -0.404961 0.791836 0.190752 0.924367 0.330394 3.61465e-08 0.924366 0.381507 1.35279e-07 0.404958 0.914335 0.457168 0.404959 0.791836 -0.190754 -0.924366 0.330395 2.58189e-08 -0.924366 0.381506 2.30263e-08 -0.40496 0.914335 -0.457171 -0.404958 0.791836 -0.190754 0.924366 0.330396 -0.330395 0.924366 0.190754 -0.791835 0.404959 0.457171 -0.45717 0.404958 0.791836 -0.381508 -0.924366 1.35107e-07 -0.330395 -0.924366 0.190753 -0.791836 -0.404959 0.45717 -0.914336 -0.404957 -2.50638e-07 -0.381508 0.924366 -1.50598e-07 -0.330396 0.924365 -0.190755 -0.791836 0.404958 -0.457171 -0.914335 0.404958 -3.6532e-07 -0.190754 -0.924366 -0.330395 -0.330395 -0.924366 -0.190753 -0.791836 -0.404959 -0.45717 -0.457171 -0.404958 -0.791836 -0.190755 0.924365 -0.330397 -3.20155e-07 0.924366 -0.381508 -3.5115e-07 0.404959 -0.914335 -0.457171 0.404957 -0.791836 -2.35398e-09 -0.924366 -0.381506 4.22563e-08 -1 1.62921e-07 -6.78518e-15 1 -1.62921e-07 1.15131e-08 -0.404959 -0.914335 -3.5115e-07 0.404959 -0.914335 1.15131e-08 -0.404959 -0.914335 0.190752 -0.924367 -0.330392 0.457168 -0.404961 -0.791836 -0.472777 -0.874009 0.112208 -0.486023 -0.873946 1.7501e-07 -4.25205e-13 -1 1.62921e-07 -0.43034 -0.873753 0.226633 -0.346789 -0.871475 0.346799 -0.882302 0.470683 3.64182e-09 -0.860019 0.463419 0.213566 -0.693007 0.692999 0.19873 -0.707107 0.707106 -6.41022e-08 -0.788783 0.44027 0.428934 -0.649025 0.649015 0.39692 -0.644257 0.412143 0.644259 -0.577357 0.577347 0.577347 -0.227078 -0.871052 0.435551 0.349786 0.93683 -1.51909e-07 0.90728 0.420527 -6.75309e-08 0.530628 0.650063 0.543922 0.0812164 0.908033 0.41095 -0.393694 0.453747 0.799449 -0.356601 0.65583 0.665374 -0.115324 -0.869444 0.480383 0.875455 0.468346 0.119289 0.880131 0.474731 -7.46898e-08 -0.437377 0.899278 -1.34233e-07 -0.429088 0.877169 0.215538 -0.150835 0.507535 0.848326 0.111853 0.718835 0.686124 0.166844 0.879889 0.444926 -0.401406 0.806489 0.434107 -2.00916e-07 0.949217 0.314621 0 1 -1.63217e-07 0.19139 0.981514 -1.65442e-07 0.186018 0.957282 0.221378 0.856243 0.454322 0.245844 0.875455 0.468346 0.119289 0.779072 0.424441 0.461407 0.880131 0.474731 -7.46898e-08 0.530628 0.650063 0.543922 0.0812164 0.908033 0.41095 -9.10081e-08 0.624461 0.781056 -2.00916e-07 0.949217 0.314621 -5.43756e-09 -0.87346 0.486896 -0.874697 -0.133911 0.465804 -0.70052 -0.136137 0.700527 -0.452053 -0.113505 0.88474 -0.226918 -0.104432 0.968299 9.02871e-08 -0.102532 0.99473 -0.964046 -0.129964 0.231785 9.02871e-08 -0.102532 0.99473 -0.226918 -0.104432 0.968299 -0.964046 -0.129964 0.231785 -0.991718 -0.128435 1.07217e-07 -0.452053 -0.113505 0.88474 -0.874697 -0.133911 0.465804 -0.70052 -0.136137 0.700527 -0.991718 -0.128435 1.07217e-07 0.779072 0.424441 0.461407 0.856243 0.454322 0.245844 0.472783 -0.874005 0.112213 -4.25205e-13 -1 1.62921e-07 0.486023 -0.873946 1.39665e-07 0.430357 -0.873743 0.226639 0.346806 -0.871466 0.346803 0.882302 0.470685 -1.13196e-07 0.707105 0.707108 -1.24936e-07 0.693004 0.693004 0.198721 0.860025 0.463411 0.213559 0.649022 0.649018 0.396921 0.788787 0.440256 0.42894 0.57735 0.577351 0.57735 0.644264 0.412138 0.644256 0.227073 -0.871054 0.435549 -0.349787 0.936829 -1.52149e-07 -0.0812169 0.908033 0.41095 -0.530628 0.650063 0.543923 -0.90728 0.420526 -6.77296e-08 0.356605 0.655829 0.665373 0.393686 0.453752 0.79945 0.115322 -0.869446 0.48038 -0.875456 0.468345 0.119289 -0.880131 0.474731 -7.48556e-08 0.437373 0.89928 -1.416e-07 0.429088 0.87717 0.215535 -0.111853 0.718835 0.686123 0.150834 0.507537 0.848325 -0.166844 0.879889 0.444926 0.4014 0.806491 0.434108 0 1 -1.63217e-07 -2.00916e-07 0.949217 0.314621 -0.191388 0.981514 -1.48843e-07 -0.186017 0.957282 0.221378 -0.875456 0.468345 0.119289 -0.856244 0.454321 0.245843 -0.779071 0.424442 0.461408 -0.880131 0.474731 -7.48556e-08 -0.530628 0.650063 0.543923 -0.0812169 0.908033 0.41095 -9.10081e-08 0.624461 0.781056 -2.00916e-07 0.949217 0.314621 -5.43756e-09 -0.87346 0.486896 0.874696 -0.13391 0.465805 0.700524 -0.13613 0.700524 0.452058 -0.113502 0.884738 0.226917 -0.104432 0.968299 9.02871e-08 -0.102532 0.99473 0.964046 -0.129965 0.231787 0.226917 -0.104432 0.968299 9.02871e-08 -0.102532 0.99473 0.991718 -0.128435 -9.69502e-09 0.964046 -0.129965 0.231787 0.452058 -0.113502 0.884738 0.874696 -0.13391 0.465805 0.700524 -0.13613 0.700524 0.991718 -0.128435 -9.69502e-09 -0.779071 0.424442 0.461408 -0.856244 0.454321 0.245843 -0.472777 -0.874009 -0.112207 -4.25205e-13 -1 1.62921e-07 -0.486023 -0.873946 1.7501e-07 -0.430339 -0.873754 -0.226633 -0.346788 -0.871475 -0.346798 -0.882302 0.470683 3.64182e-09 -0.707107 0.707106 -6.41022e-08 -0.693007 0.692999 -0.19873 -0.860019 0.463419 -0.213567 -0.649025 0.649015 -0.39692 -0.788783 0.44027 -0.428934 -0.577357 0.577347 -0.577347 -0.644257 0.412143 -0.64426 -0.227077 -0.871052 -0.43555 0.349786 0.93683 -1.51909e-07 0.0812146 0.908033 -0.410951 0.530626 0.650064 -0.543923 0.90728 0.420527 -6.75309e-08 -0.3566 0.65583 -0.665374 -0.393694 0.453747 -0.799449 -0.115322 -0.869444 -0.480383 0.875456 0.468345 -0.119289 0.880131 0.474731 -7.46898e-08 -0.437377 0.899278 -1.34233e-07 -0.429088 0.877169 -0.215539 0.111853 0.718834 -0.686124 -0.150836 0.507535 -0.848326 0.166845 0.879888 -0.444926 -0.401406 0.806489 -0.434108 0 1 -1.63217e-07 -1.0173e-08 0.949217 -0.314621 0.19139 0.981514 -1.65442e-07 0.186018 0.957282 -0.221378 0.875456 0.468345 -0.119289 0.856244 0.454321 -0.245844 0.779071 0.424441 -0.461408 0.880131 0.474731 -7.46898e-08 0.530626 0.650064 -0.543923 0.0812146 0.908033 -0.410951 -1.1441e-07 0.62446 -0.781057 -1.0173e-08 0.949217 -0.314621 -4.50103e-09 -0.87346 -0.486896 -0.874697 -0.133912 -0.465804 -0.700519 -0.136138 -0.700528 -0.452052 -0.113505 -0.88474 -0.226918 -0.104432 -0.968299 -1.18502e-07 -0.102532 -0.99473 -0.964046 -0.129965 -0.231785 -0.226918 -0.104432 -0.968299 -1.18502e-07 -0.102532 -0.99473 -0.991718 -0.128435 1.07217e-07 -0.964046 -0.129965 -0.231785 -0.452052 -0.113505 -0.88474 -0.874697 -0.133912 -0.465804 -0.700519 -0.136138 -0.700528 -0.991718 -0.128435 1.07217e-07 0.779071 0.424441 -0.461408 0.856244 0.454321 -0.245844 0.472783 -0.874005 -0.112213 0.486023 -0.873946 1.39665e-07 -4.25205e-13 -1 1.62921e-07 0.430357 -0.873743 -0.226639 0.346807 -0.871466 -0.346803 0.882302 0.470685 -1.13196e-07 0.860025 0.463411 -0.213559 0.693004 0.693004 -0.198721 0.707105 0.707108 -1.24936e-07 0.788787 0.440256 -0.42894 0.649022 0.649018 -0.396921 0.644264 0.412138 -0.644257 0.57735 0.57735 -0.57735 0.227072 -0.871054 -0.435548 -0.349787 0.936829 -1.52149e-07 -0.90728 0.420526 -6.77296e-08 -0.530628 0.650064 -0.543923 -0.0812151 0.908033 -0.410951 0.393686 0.453752 -0.79945 0.356605 0.655829 -0.665373 0.11532 -0.869446 -0.48038 -0.875455 0.468346 -0.119289 -0.880131 0.474731 -7.48556e-08 0.437373 0.89928 -1.416e-07 0.429088 0.87717 -0.215536 0.150835 0.507536 -0.848325 -0.111853 0.718835 -0.686123 -0.166843 0.879889 -0.444926 0.401401 0.806491 -0.434108 -1.0173e-08 0.949217 -0.314621 0 1 -1.63217e-07 -0.191388 0.981514 -1.48843e-07 -0.186016 0.957282 -0.221378 -0.856243 0.454322 -0.245844 -0.875455 0.468346 -0.119289 -0.779072 0.424441 -0.461407 -0.880131 0.474731 -7.48556e-08 -0.530628 0.650064 -0.543923 -0.0812151 0.908033 -0.410951 -1.1441e-07 0.62446 -0.781057 -1.0173e-08 0.949217 -0.314621 -4.50103e-09 -0.87346 -0.486896 0.874697 -0.133909 -0.465805 0.700524 -0.13613 -0.700525 0.452057 -0.113503 -0.884738 0.226917 -0.104432 -0.968299 -1.18502e-07 -0.102532 -0.99473 0.964046 -0.129964 -0.231787 -1.18502e-07 -0.102532 -0.99473 0.226917 -0.104432 -0.968299 0.964046 -0.129964 -0.231787 0.991718 -0.128435 -9.69502e-09 0.452057 -0.113503 -0.884738 0.874697 -0.133909 -0.465805 0.700524 -0.13613 -0.700525 0.991718 -0.128435 -9.69502e-09 -0.779072 0.424441 -0.461407 -0.856243 0.454322 -0.245844 -0.746266 -0.583227 -0.320832 -0.754807 -0.348516 -0.5557 -0.669305 0.353266 0.653631 -0.679351 0.629341 0.377376 -0.766473 -0.027898 -0.64167 -0.655582 -0.0238631 0.754747 -0.778145 0.292724 -0.555701 -0.641853 -0.40099 0.653629 -0.786683 0.527441 -0.320835 -0.631808 -0.67706 0.37737 -0.789817 0.613343 2.65701e-06 -0.628126 -0.778111 -1.32951e-06 -0.786685 0.527439 0.320834 -0.631805 -0.677059 -0.377377 -0.778147 0.292721 0.555699 -0.641849 -0.400988 -0.653634 -0.766476 -0.0278997 0.641666 -0.655577 -0.023863 -0.754751 -0.754813 -0.348519 0.555691 -0.669298 0.353264 -0.65364 -0.746269 -0.583229 0.320823 -0.679348 0.629341 -0.377381 -0.743141 -0.669135 -2.52916e-06 -0.68303 0.73039 1.91627e-07 -0.636402 -0.40311 -0.657643 -0.626292 -0.680877 -0.379689 -0.999338 -0.0363762 1.08282e-07 -0.626292 -0.680879 0.379688 -0.6364 -0.403109 0.657645 -0.664022 0.355771 0.657648 -0.67414 0.633538 0.379691 -0.999338 -0.0363762 1.08282e-07 -0.674139 0.633542 -0.379686 -0.664021 0.355776 -0.657648 -0.622588 -0.78255 -3.35032e-06 -0.650214 -0.0236674 0.759382 -0.677831 0.735218 3.9836e-06 -0.677831 0.735218 3.9836e-06 -0.650214 -0.0236656 -0.759382 -0.650214 -0.0236656 -0.759382 </float_array>
          <technique_common>
            <accessor count="2672" offset="0" source="#meshId0-normals-array" stride="3">
              <param name="X" type="float" />
              <param name="Y" type="float" />
              <param name="Z" type="float" />
            </accessor>
          </technique_common>
        </source>
        <source id="meshId0-tangents" name="meshId0-tangents">
          <float_array id="meshId0-tangents-array" count="8016"> -0.999963 0.00243689 -0.00831583 -0.976988 0.0542954 0.206269 -0.881114 0.106043 0.460862 -0.881677 0.00107509 0.471852 0.0663476 -0.299181 -0.951887 0.125662 -0.320907 -0.938737 0.546744 -0.1577 -0.822315 0.525309 -0.173954 -0.832941 -0.61552 0.30529 -0.72659 -0.537165 -0.00322852 -0.843471 -0.677636 0.00768126 -0.735358 -0.877369 0.115082 -0.465811 0.866485 -0.00421776 -0.499185 0.865251 0.0122623 -0.501188 0.180571 -0.97705 -0.112995 0.154099 -0.985225 -0.0747342 0.377491 -0.901368 -0.212217 0.34349 -0.92216 -0.177864 0.415009 0.0138497 -0.909712 0.630526 0.00457996 -0.776155 0.357516 0.271434 -0.893592 0.130801 0.334776 -0.933175 0.660827 0.196813 -0.724274 0.143785 0.2325 -0.961909 0.704642 0.17206 -0.688386 -0.213675 -0.0531888 -0.975456 -0.720271 -0.0216304 -0.693356 -0.3176 -0.085286 -0.944382 0.881026 0.105067 -0.461253 0.976888 0.0450609 -0.208946 0.955807 0.0242559 -0.292993 0.840053 0.10056 -0.533103 -0.00330289 -4.55713e-07 0.999995 -0.00778675 -0.400576 0.91623 -0.0879455 -0.346899 0.93377 0.00327826 4.55713e-07 -0.999995 -0.0684358 -0.179824 -0.981315 -0.0226721 -0.0960827 -0.995115 -0.084375 -0.193638 0.977438 -0.00639553 -0.00320937 0.999974 -0.39233 -0.893058 0.220284 -0.506797 -0.426882 0.748952 -0.624341 -0.651432 0.431086 -0.0110102 0.899192 0.437416 -0.0652223 0.658298 0.749926 -0.400349 0.428472 0.81002 -0.307765 0.234235 0.922179 -0.645805 -0.231801 0.727464 -0.501503 0.00100384 0.865155 0.999994 0.00216524 -0.00287908 0.976972 -0.043335 0.208919 -0.437578 0.181263 0.880721 -0.181274 0.437664 0.880676 0.557502 0.300109 -0.774032 0.000951578 0.0721373 -0.997394 0.0893454 0.263953 -0.960389 0.895867 0.00207364 -0.444319 -0.56964 -0.170441 0.804028 -0.684099 -0.420404 0.596045 -0.0964405 0.232843 -0.967721 -0.977008 -0.0452776 -0.20834 -0.957653 -0.00899453 -0.287784 -0.954124 0.0366288 0.297163 0.579519 0.541808 0.608771 0.392706 -0.337098 0.855656 -0.649527 0.449542 0.61321 0.205038 0.419138 0.884467 -0.507934 0.426553 0.748369 -0.392388 0.893039 0.220256 0.534853 0.307936 -0.786834 0.0226946 -0.0962 0.995103 -0.0118848 -0.250848 0.967954 -0.0645664 -0.165233 -0.984139 0.0455283 -0.109923 -0.992897 -0.429263 -0.228831 -0.87371 -0.588586 0.134509 -0.797166 0.982574 0.173286 -0.0672413 0.98348 0.176886 -0.0384491 0.844376 -0.150793 0.514091 0.772274 -0.106975 0.626218 -0.213404 -0.0304633 0.976489 -0.464808 0.248977 0.849685 -0.520107 0.25589 0.814867 -0.730545 -0.0350614 0.681964 0.00363418 0.00447414 -0.999983 -0.862951 0.0689415 0.500562 -0.392353 0.29081 0.872633 -0.788527 0.253636 0.560263 0.445957 0.255966 -0.857673 0.499018 0.247319 -0.830551 0.74559 -0.0265215 -0.665877 0.225332 -0.0348189 -0.97366 0.0118725 -0.250714 -0.967988 -0.0436222 0.783606 0.619725 -0.535433 0.773881 0.33826 -0.34916 0.933903 -0.076892 0.195106 0.952084 0.235522 -0.98376 0.140186 -0.112089 -0.958965 0.217958 0.181327 0.206804 0.448876 -0.869335 0.866129 0.423479 -0.265494 -0.32208 0.217672 -0.921349 -0.781603 0.581219 0.226453 -0.682705 0.692358 -0.233569 0.187203 0.597753 0.779517 -0.422776 0.345663 0.837722 0.681917 0.693274 0.233154 0.357678 0.930283 0.0814884 0.500537 0.790005 -0.354054 0.717375 0.657161 -0.231327 -0.736446 -0.147842 0.660144 -0.974392 -0.216905 0.0592719 0.203623 -0.147755 -0.967836 -0.865787 0.00201964 0.500408 -0.863755 0.0191879 0.503547 -0.982359 0.174331 0.0676768 -0.983527 0.176637 0.0383798 0.800497 -0.400736 -0.445662 0.871861 -0.397563 -0.286011 0.366727 -0.914122 -0.172896 0.818618 0.538657 0.199281 -0.839269 0.103081 0.533855 -0.243033 -0.156316 0.95734 0.93735 -0.337032 -0.0882248 0.940734 -0.302232 0.153867 0.531507 0.707874 0.465205 0.986183 0.162424 -0.0325739 0.972757 0.226834 0.0478553 0.875614 0.0291966 -0.482128 0.85753 0.0226277 -0.513935 0.214446 -0.967065 -0.137104 0.866557 1.59322e-06 -0.499077 0.554501 0.00185279 -0.832181 0.352692 0.0117728 -0.935665 0.998041 0.000805912 -0.0625632 0.960895 -0.275145 0.0312273 0.920061 -0.315177 -0.232705 0.629561 -0.0738379 -0.773434 0.850555 0.0076489 -0.525831 0.432481 -0.192673 -0.880816 0.977674 0.0759167 -0.195933 0.999238 -0.0238632 -0.030881 -0.291052 0.910316 -0.294303 0.0372862 0.780227 -0.624384 0.805975 -0.248759 -0.537144 0.707648 -0.156139 -0.689097 -0.0110723 -0.899213 0.437371 -0.400389 -0.42847 0.810001 -0.207727 0.412979 -0.886734 -0.585224 0.534379 -0.609878 -0.416212 -0.34028 -0.843194 0.632886 0.41617 -0.652884 -0.526001 -0.181454 0.830902 -0.548246 -0.163782 0.820123 -0.94089 -0.30199 -0.153388 -0.844296 -0.151221 -0.514097 -0.0662565 -0.298832 0.952003 -0.125578 -0.320727 0.93881 -0.986717 0.159449 0.0310765 -0.972567 0.227692 -0.0476361 -0.703378 0.157216 0.693212 -0.641881 0.00500325 0.766788 -0.668447 0.178079 0.722126 -0.146306 0.226461 0.962969 -0.35473 0.256225 0.899175 0.957463 -0.0106385 0.288358 -0.124684 0.319108 0.939481 0.108747 0.26253 0.958776 0.322246 -0.104316 0.940891 0.0674247 -0.17254 0.982692 -0.0325382 -0.0785514 0.996379 0.207433 -0.070246 0.975724 -0.00366033 0.00445774 0.999983 0.0684185 -0.179835 0.981314 0.00775572 -0.400576 -0.916231 0.0879163 -0.346904 -0.933771 0.0843527 -0.193642 -0.977439 -0.567336 0.171431 0.805445 -0.0652372 -0.658331 0.749896 -0.631608 0.644654 0.430688 -0.645825 0.231802 0.727446 -0.501524 -0.000996506 0.865143 -0.307802 -0.234243 0.922165 0.677618 0.00788424 0.735372 0.513461 -0.00256775 0.858109 -0.682747 0.422374 0.596202 -0.772225 -0.106658 -0.626333 0.862493 0.0676418 -0.501527 0.392133 0.289742 -0.873087 0.788648 0.252008 -0.560827 -0.360035 0.0120085 0.932862 -0.181293 -0.437666 0.880671 -0.437598 -0.181253 0.880713 0.324277 -0.0107751 0.945901 0.719806 -0.0234512 0.693779 -0.874019 0.408756 0.262698 -0.248612 0.416698 0.874389 -0.938357 -0.340298 0.060694 -0.819195 0.537462 -0.200136 0.411729 0.29874 -0.860949 0.969775 -0.234383 -0.0678387 0.986481 0.122225 0.109159 -0.183674 -0.977068 0.107709 -0.338921 -0.922295 0.185755 -0.365706 -0.911741 0.18705 -0.214707 -0.968452 0.1265 0.930977 0.082096 0.355727 0.882557 0.0938209 0.460749 0.00637038 -0.00321642 -0.999974 -0.561908 0.280879 0.778053 -0.0152984 0.0411298 0.999037 -0.0929833 0.241628 0.965904 -0.892823 0.0325158 -0.449233 -0.835681 -0.0438639 -0.547461 0.588136 0.127092 0.798714 0.316326 0.215987 0.923736 0.958164 0.215756 -0.188073 -0.514382 0.345265 0.784986 -0.556367 0.675269 -0.484219 -0.167983 0.638012 -0.75148 0.432407 -0.223162 0.873626 -0.850478 0.00772871 0.525954 -0.977016 0.0771442 0.198718 0.649629 0.314341 0.692222 -0.374021 -0.901534 0.217589 -0.154576 -0.985185 0.0742743 -0.867097 7.39869e-05 0.498139 -0.997965 0.000799965 0.0637584 -0.353673 0.0117968 0.935295 -0.553575 0.00183503 0.832798 -0.856882 0.0226634 0.515014 -0.875456 0.0291591 0.482417 -0.92006 -0.315072 0.232849 -0.960958 -0.274946 -0.031053 -0.432288 -0.192594 0.880928 -0.62942 -0.0737538 0.773557 -0.801649 -0.400765 0.443562 -0.87184 -0.397568 0.286067 -0.809057 -0.249164 0.532301 -0.999319 -0.0248571 0.0272702 0.89295 0.0305603 0.449118 0.835708 -0.0450996 0.54732 -0.93083 0.0840786 -0.35565 -0.26091 -0.00868109 -0.965324 -0.999962 0.00243377 -0.00831201 -0.976989 0.0542954 0.206263 -0.881116 0.106043 0.460858 -0.881685 0.00107768 0.471837 0.0663389 -0.29919 -0.951885 0.125657 -0.320892 -0.938743 0.54673 -0.157707 -0.822323 0.525307 -0.173954 -0.832942 -0.615479 0.305299 -0.72662 -0.537178 -0.00326659 -0.843463 -0.677681 0.00768219 -0.735316 -0.877367 0.115087 -0.465813 0.866475 -0.00422981 -0.499203 0.865252 0.0122631 -0.501188 0.180375 -0.977077 -0.113076 0.154094 -0.985231 -0.0746687 0.377578 -0.901343 -0.21217 0.34353 -0.92215 -0.177839 0.415021 0.0138494 -0.909706 0.630536 0.00458284 -0.776147 0.357572 0.271429 -0.893571 0.130804 0.334778 -0.933174 0.660872 0.196798 -0.724237 0.143838 0.232479 -0.961907 0.704684 0.172049 -0.688345 -0.213739 -0.0531814 -0.975442 -0.720314 -0.0216248 -0.693311 -0.317666 -0.0852868 -0.944359 0.881026 0.105068 -0.461252 0.976888 0.0450614 -0.208947 0.955807 0.024258 -0.292991 0.840053 0.100562 -0.533103 -0.0033039 -4.57459e-07 0.999995 -0.00779073 -0.400572 0.916232 -0.0879388 -0.346893 0.933773 0.00327745 4.57459e-07 -0.999995 -0.0684328 -0.17981 -0.981318 -0.0226663 -0.0960762 -0.995116 -0.0843697 -0.193637 0.977439 -0.00640054 -0.00320747 0.999974 -0.392275 -0.893074 0.220316 -0.506792 -0.426876 0.748958 -0.624357 -0.651423 0.431077 -0.0110308 0.899201 0.437396 -0.0652411 0.658338 0.749889 -0.400379 0.428459 0.810012 -0.30784 0.234247 0.922151 -0.645842 -0.231804 0.72743 -0.501544 0.000990619 0.865132 0.999994 0.00216808 -0.00288023 0.976974 -0.0433333 0.208911 -0.437623 0.181245 0.880702 -0.181321 0.43769 0.880653 0.557488 0.300134 -0.774033 0.000845361 0.072163 -0.997392 0.0892388 0.263949 -0.9604 0.895874 0.00211393 -0.444304 -0.569647 -0.170443 0.804022 -0.684114 -0.420387 0.596039 -0.0964544 0.23283 -0.967722 -0.977007 -0.0452774 -0.208342 -0.957653 -0.00899455 -0.287786 -0.954126 0.036631 0.297157 0.579549 0.54176 0.608785 0.392429 -0.337036 0.855808 -0.649598 0.449624 0.613075 0.205126 0.419117 0.884457 -0.507946 0.426547 0.748364 -0.392394 0.893037 0.220255 0.534912 0.307881 -0.786816 0.0226642 -0.096152 0.995109 -0.0119045 -0.250824 0.96796 -0.0645744 -0.165237 -0.984138 0.045535 -0.109917 -0.992897 -0.429361 -0.228809 -0.873668 -0.588621 0.134521 -0.797138 0.982573 0.173283 -0.0672491 0.98348 0.176885 -0.0384434 0.84437 -0.150798 0.5141 0.772266 -0.106975 0.626228 -0.213513 -0.0304672 0.976465 -0.464814 0.248968 0.849684 -0.52002 0.255905 0.814918 -0.730485 -0.0351006 0.682027 0.00362946 0.0044767 -0.999983 -0.862942 0.0689373 0.500578 -0.39226 0.290812 0.872674 -0.788456 0.25368 0.560342 0.446051 0.255908 -0.857642 0.499077 0.247279 -0.830527 0.745565 -0.0265298 -0.665904 0.225299 -0.0348176 -0.973667 0.0118791 -0.250717 -0.967988 -0.0435878 0.783634 0.619692 -0.535401 0.773883 0.338306 -0.349093 0.933932 -0.0768424 0.194975 0.952125 0.235462 -0.983759 0.140226 -0.11205 -0.958965 0.217942 0.18135 0.206808 0.448834 -0.869355 0.866137 0.423449 -0.265513 -0.32218 0.217699 -0.921307 -0.781591 0.581241 0.226437 -0.682689 0.692374 -0.233569 0.187319 0.597713 0.77952 -0.422656 0.345698 0.837768 0.68185 0.693346 0.233136 0.357625 0.930304 0.0814769 0.500563 0.790005 -0.354019 0.717382 0.657172 -0.231276 -0.736272 -0.14787 0.660331 -0.974385 -0.216921 0.0593146 0.203588 -0.147728 -0.967847 -0.865788 0.00201865 0.500406 -0.863758 0.0191916 0.503541 -0.982358 0.174333 0.0676815 -0.983528 0.176635 0.0383878 0.800547 -0.40071 -0.445597 0.871848 -0.397557 -0.286058 0.366729 -0.914119 -0.172906 0.818662 0.538569 0.199337 -0.839272 0.103079 0.533851 -0.243243 -0.156292 0.957291 0.937331 -0.337098 -0.0881752 0.940737 -0.302218 0.153876 0.531529 0.707838 0.465234 0.986184 0.162411 -0.032603 0.972758 0.226838 0.0478157 0.875817 0.0292203 -0.481759 0.857011 0.0224444 -0.514808 0.214448 -0.967066 -0.137096 0.866666 5.08538e-05 -0.498889 0.5545 0.00185351 -0.832181 0.35275 0.0117719 -0.935643 0.99804 0.000809683 -0.0625668 0.960898 -0.275135 0.0312448 0.920043 -0.315241 -0.232689 0.629583 -0.0738499 -0.773415 0.850556 0.00764896 -0.525828 0.432437 -0.192652 -0.880842 0.977677 0.0759214 -0.195916 0.999238 -0.0238775 -0.0308803 -0.291152 0.910276 -0.294328 0.0372616 0.780186 -0.624437 0.80606 -0.24872 -0.537034 0.707606 -0.156152 -0.689137 -0.0112051 -0.899243 0.437306 -0.400476 -0.428453 0.809967 -0.207537 0.413014 -0.886762 -0.585077 0.534485 -0.609926 -0.415436 -0.340257 -0.843587 0.633005 0.416363 -0.652646 -0.526033 -0.181448 0.830883 -0.548237 -0.163789 0.820128 -0.940857 -0.302113 -0.153351 -0.844241 -0.151257 -0.514178 -0.066305 -0.298864 0.951989 -0.125583 -0.320712 0.938814 -0.986714 0.15947 0.0310541 -0.97257 0.227669 -0.0476865 -0.703358 0.15722 0.693231 -0.641887 0.00500679 0.766783 -0.668415 0.178083 0.722155 -0.146268 0.226461 0.962975 -0.3547 0.256226 0.899186 0.957467 -0.0106394 0.288347 -0.124681 0.319107 0.939481 0.108755 0.262523 0.958777 0.322211 -0.104313 0.940903 0.0674212 -0.172537 0.982693 -0.0325404 -0.0785492 0.996379 0.207399 -0.070248 0.975731 -0.00364813 0.00446946 0.999983 0.0684131 -0.179824 0.981317 0.00775656 -0.40058 -0.916229 0.0879098 -0.346901 -0.933773 0.0843506 -0.193646 -0.977439 -0.567332 0.171433 0.805447 -0.0653009 -0.658346 0.749878 -0.631624 0.644645 0.430677 -0.645787 0.231816 0.727476 -0.501504 -0.000983819 0.865155 -0.307787 -0.234246 0.922169 0.677595 0.00788481 0.735393 0.513467 -0.00259935 0.858106 -0.682746 0.422379 0.5962 -0.772177 -0.106663 -0.626391 0.862486 0.0676648 -0.501536 0.392198 0.289736 -0.87306 0.78867 0.251991 -0.560803 -0.360051 0.0120474 0.932855 -0.181315 -0.437676 0.880662 -0.437617 -0.181243 0.880706 0.324272 -0.0108209 0.945902 0.719777 -0.0234533 0.693809 -0.874018 0.408747 0.262712 -0.248484 0.416825 0.874364 -0.938304 -0.340452 0.0606512 -0.8192 0.537456 -0.200133 0.411829 0.298718 -0.860909 0.969783 -0.234361 -0.0677957 0.98649 0.122118 0.109203 -0.183694 -0.977067 0.107691 -0.338985 -0.922282 0.185702 -0.365719 -0.911732 0.187067 -0.214838 -0.968424 0.126489 0.930977 0.082095 0.355729 0.882555 0.093827 0.460752 0.00638713 -0.00321492 -0.999974 -0.561875 0.28088 0.778077 -0.0154105 0.0411319 0.999035 -0.0930196 0.241646 0.965896 -0.892821 0.0325147 -0.449237 -0.835675 -0.0438643 -0.547471 0.588133 0.12714 0.798708 0.316343 0.216012 0.923724 0.958139 0.215891 -0.188045 -0.514378 0.345278 0.784983 -0.556271 0.675358 -0.484204 -0.167821 0.638035 -0.751497 0.432265 -0.223219 0.873682 -0.850466 0.00772745 0.525973 -0.977018 0.0771523 0.198704 0.649567 0.31441 0.69225 -0.374114 -0.901497 0.217583 -0.154342 -0.985218 0.0743247 -0.867122 7.69299e-05 0.498095 -0.997965 0.000794968 0.0637594 -0.35375 0.0118368 0.935265 -0.55351 0.00182196 0.83284 -0.856907 0.0226811 0.514972 -0.87569 0.0292713 0.481986 -0.919977 -0.315196 0.233012 -0.960927 -0.275062 -0.030989 -0.432252 -0.192566 0.880952 -0.629445 -0.0737659 0.773535 -0.801736 -0.400725 0.443441 -0.871828 -0.397549 0.286131 -0.80914 -0.249096 0.532206 -0.999319 -0.0248574 0.0272726 0.892955 0.0305593 0.449108 0.835706 -0.0451015 0.547322 -0.930826 0.0840798 -0.35566 -0.260935 -0.0087016 -0.965317 0.688287 -0.109175 -0.717176 0.561948 -1.47941e-07 -0.827172 0.545425 -1.37369e-07 -0.838159 0.487768 0.108805 -0.866166 0.483283 0.30392 -0.821018 0.499419 -0.118861 -0.858168 0.577831 -4.99967e-08 -0.816157 0.47567 0.289973 -0.830454 0.461868 0.401853 -0.790691 0.0646338 -0.000546441 -0.997909 0.352039 0.017229 -0.935827 0.352039 -0.0172291 -0.935827 0.0646337 0.000546097 -0.997909 0.567228 -0.394985 -0.722661 0.343788 -0.1424 -0.928188 0.418005 0.0585028 -0.906559 0.92388 -5.37042e-07 -0.382683 0.707108 -4.89981e-07 -0.707106 0.707108 3.2552e-07 -0.707106 0.92388 2.2756e-07 -0.382683 0.36115 -0.507937 -0.78203 0.467171 0.405682 -0.785604 0.480529 0.385988 -0.787468 -0.930333 -0.00883788 0.36661 -0.930333 0.00883805 0.366609 -0.371917 -0.00559325 0.928249 -0.371917 0.00559426 0.928249 0.441144 0.142689 -0.88602 0.562201 -1.66205e-07 -0.827 0.602683 0.155898 -0.782604 0.49652 -0.0491875 -0.866631 0.349204 0.0399508 -0.936195 0.695559 0.358478 -0.622649 0.643668 0.58191 -0.497064 0.374608 -0.0134431 -0.927086 0.33997 0.502813 -0.794732 0.646139 0.355499 -0.67537 0.773251 -0.25186 -0.581935 0.408565 0.158995 -0.898774 0.800905 -0.241633 -0.547873 0.307754 0.413703 -0.856818 0.649329 0.0450954 -0.75917 0.65048 0.162884 -0.741853 0.580648 0.0754054 -0.810655 0.618431 0.212905 -0.756448 0.72595 0.469458 -0.502599 0.430956 -0.144108 -0.890791 0.510193 -0.0659588 -0.857527 0.216217 -0.392996 -0.893758 0.45383 -0.175045 -0.873726 0.412309 0.86325 -0.291207 0.209174 0.92691 -0.311583 0.13461 -0.324974 -0.936094 0.397194 -0.0141237 -0.917626 0.249824 0.478147 -0.842 0.453843 0.175048 -0.873719 0.216227 0.39301 -0.89375 0.0891012 0.684866 -0.7232 0.0845687 0.727733 -0.680627 0.0602533 0.867941 -0.492998 0.410128 -0.116153 -0.904601 0.410128 0.116153 -0.904601 0.844801 0.00785861 -0.535022 0.844801 -0.00785905 -0.535023 -0.270933 0.000379324 -0.962598 -0.32235 0.000214944 -0.946621 -0.32235 -0.000215333 -0.946621 -0.270933 -0.000379934 -0.962598 -0.599743 8.64109e-06 -0.800193 -0.599743 -8.75024e-06 -0.800193 0.688291 0.109176 -0.717172 0.561951 -1.21586e-07 -0.827171 0.545425 -2.1079e-07 -0.83816 0.487769 -0.108809 -0.866165 -0.873558 -3.62098e-07 -0.48672 -0.873558 6.09456e-07 -0.48672 0.445829 -0.22387 -0.866671 -1.28199e-07 3.72929e-07 1 7.64474e-08 3.94366e-07 1 -0.303355 0.142525 0.942158 -0.303355 -0.142525 0.942158 -0.982959 -0.003631 -0.183788 -0.982959 0.00363318 -0.18379 0.860497 -0.021767 -0.508991 0.860497 0.0217672 -0.508991 0.382685 2.5464e-06 -0.923879 0.0646302 0.00054704 -0.997909 0.0646299 -0.000546594 -0.997909 0.382684 1.21745e-06 -0.923879 0.87295 -0.00621253 -0.48777 0.87295 0.00621406 -0.48777 0.176071 -0.00637844 -0.984357 0.176072 0.00637955 -0.984357 -0.9835 1.18269e-07 0.180911 -0.648422 7.39185e-08 -0.761281 -0.648422 -5.39605e-07 -0.761281 -0.9835 -2.95672e-08 0.180911 -0.335079 4.50899e-07 0.94219 -0.335079 -7.39179e-08 0.94219 0.305387 0.237378 0.922166 0.305387 -0.237378 0.922166 0.983498 6.65263e-08 -0.180918 0.861836 -0.237377 0.448208 0.861836 0.237378 0.448208 0.983498 -7.39182e-08 -0.180918 0.335075 -7.39175e-08 -0.942191 0.335076 -3.54804e-07 -0.942191 0.547657 -8.07469e-08 -0.836703 0.588002 0.145958 -0.795581 0.381515 -0.069226 -0.921767 0.426414 -1.28311e-07 -0.904528 0.447162 -1.30239e-07 -0.894453 0.371134 -0.268643 -0.88887 0.365892 -0.252895 -0.895638 0.463221 -2.1526e-07 -0.886243 0.417057 0.0578208 -0.907039 0.342639 -0.37643 -0.860755 0.695556 -0.358481 -0.62265 0.725933 -0.469476 -0.502606 0.618417 -0.212913 -0.756458 0.602679 -0.155899 -0.782607 0.446075 0.443997 -0.7771 0.326948 0.00559321 -0.945026 0.23219 0.0961751 -0.967904 0.773274 0.25183 -0.581918 0.408583 -0.159005 -0.898764 0.229656 0.472026 -0.851146 0.349393 -0.399022 -0.847765 0.334773 -0.402776 -0.851879 0.352059 -0.0172286 -0.935819 0.352058 0.0172279 -0.93582 0.326851 -0.199399 -0.923801 0.446179 -1.22931e-07 -0.894944 0.495041 -0.192566 -0.847262 0.620686 -0.467616 -0.629353 0.29666 -0.156679 -0.942043 0.386251 0.0103625 -0.922336 0.332401 -0.101993 -0.937607 0.550898 -0.669711 -0.497995 0.208396 -0.465347 -0.860246 0.537601 -0.408154 -0.737831 0.715371 0.362089 -0.597609 0.37063 -0.0365013 -0.928063 0.74573 0.353443 -0.56477 0.553369 0.0182909 -0.832735 0.275921 -0.303956 -0.911854 0.598371 -0.274901 -0.752584 0.6436 -0.569376 -0.51146 0.514754 -0.257299 -0.817817 0.481404 -0.126518 -0.86732 0.41115 0.0143033 -0.911456 0.394358 0.032436 -0.918384 0.174816 0.282448 -0.943219 0.346852 0.125534 -0.929481 0.271836 -0.902531 -0.33398 0.07727 -0.920818 -0.382262 0.089133 0.215183 -0.972497 0.117404 -0.434204 -0.893131 0.282954 -0.0242434 -0.958827 0.174822 -0.282453 -0.943217 0.346858 -0.125534 -0.929479 0.0281949 -0.594987 -0.803241 0.0185918 -0.642708 -0.765886 -0.036085 -0.811007 -0.583923 0.80089 0.241645 -0.54789 0.307738 -0.413705 -0.856823 0.649311 -0.0450928 -0.759185 0.650475 -0.162888 -0.741855 0.580646 -0.0754053 -0.810657 0.430959 0.14409 -0.890793 0.510183 0.0659523 -0.857534 0.48325 -0.303922 -0.821036 0.499417 0.118859 -0.85817 0.577828 -2.94173e-07 -0.816158 0.475668 -0.289981 -0.830452 0.567237 0.39498 -0.722657 0.343779 0.142396 -0.928191 0.417996 -0.0585011 -0.906563 0.408619 0.111924 -0.905816 0.340004 -0.502825 -0.79471 0.49652 0.0491877 -0.86663 0.646134 -0.355504 -0.675372 0.349202 -0.0399538 -0.936195 0.480533 -0.385987 -0.787466 0.441133 -0.142696 -0.886025 0.361147 0.507938 -0.782031 0.467178 -0.405676 -0.785603 0.923878 -1.26068e-06 -0.382687 0.707105 -2.47259e-07 -0.707108 0.707105 -1.09452e-07 -0.707108 0.923878 9.28444e-07 -0.382686 -0.930332 0.00884127 0.366611 -0.930333 -0.00884276 0.36661 -0.371916 0.00559026 0.92825 -0.371915 -0.00559018 0.92825 0.461903 -0.401859 -0.790667 0.5622 -1.14191e-07 -0.827002 0.429077 -1.93186e-07 -0.903268 0.643672 -0.581907 -0.497063 0.3746 0.0134201 -0.927089 0.412307 -0.86325 -0.291207 0.209181 -0.926908 -0.311586 0.134609 0.32497 -0.936096 0.397189 0.0141218 -0.917628 0.249821 -0.478149 -0.842 0.0890923 -0.684868 -0.7232 0.0845413 -0.727714 -0.68065 0.0603031 -0.867965 -0.49295 0.410128 0.116153 -0.904601 0.410128 -0.116153 -0.904602 0.844801 -0.00785886 -0.535023 0.844801 0.00785911 -0.535023 -0.270932 -0.000379738 -0.962598 -0.32235 -0.000214259 -0.946621 -0.32235 0.000214036 -0.946621 -0.270932 0.000379756 -0.962598 -0.599738 -9.29601e-06 -0.800196 -0.599738 8.78142e-06 -0.800196 -0.873557 -5.14318e-07 -0.486722 -0.873557 1.78743e-07 -0.486722 0.445825 0.22386 -0.866676 6.699e-08 3.98286e-07 1 -1.01314e-07 3.84068e-07 1 -0.303355 -0.142525 0.942158 -0.303355 0.142525 0.942158 -0.982959 0.0036297 -0.183789 -0.982959 -0.00363386 -0.183791 0.860504 0.0217666 -0.508979 0.860503 -0.0217671 -0.50898 0.382694 2.18458e-07 -0.923875 0.382694 -7.39573e-07 -0.923875 0.87294 0.00621532 -0.487787 0.87294 -0.00621694 -0.487787 0.176055 0.00637542 -0.98436 0.176055 -0.00637672 -0.98436 -0.983499 2.4393e-07 0.180913 -0.648424 -4.43508e-08 -0.761279 -0.648425 -2.18058e-07 -0.761279 -0.983499 -1.6262e-07 0.180913 -0.335073 3.54807e-07 0.942192 -0.335073 1.6262e-07 0.942192 0.305395 -0.237375 0.922164 0.305395 0.237376 0.922164 0.983499 -6.72656e-07 -0.180912 0.861834 0.237375 0.448214 0.861834 -0.237375 0.448214 0.983499 1.33053e-07 -0.180912 0.335076 -1.46358e-06 -0.942191 0.335073 -9.90503e-07 -0.942192 0.588003 -0.14596 -0.79558 0.381508 0.0692236 -0.92177 0.426415 -1.03513e-07 -0.904528 0.447165 -1.58052e-07 -0.894452 0.371098 0.268642 -0.888886 0.365903 0.252907 -0.89563 0.463216 -9.68252e-08 -0.886245 0.41705 -0.0578167 -0.907043 0.342687 0.37644 -0.860731 0.446093 -0.443989 -0.777094 0.326938 -0.00559584 -0.945029 0.232185 -0.0961732 -0.967905 0.229652 -0.472028 -0.851146 0.349401 0.39902 -0.847763 0.334797 0.402771 -0.851873 0.326844 0.199402 -0.923803 0.446172 -1.43148e-07 -0.894947 0.495043 0.192564 -0.847261 0.620699 0.467596 -0.629354 0.296661 0.156676 -0.942043 0.386268 -0.0103689 -0.922328 0.332398 0.102 -0.937607 0.550896 0.669713 -0.497995 0.208513 0.465387 -0.860196 0.537586 0.408162 -0.737838 0.715387 -0.36208 -0.597595 0.370643 0.0364869 -0.928059 0.745709 -0.353462 -0.564785 0.553349 -0.0182954 -0.832749 0.275906 0.303961 -0.911857 0.598361 0.274914 -0.752586 0.643571 0.569401 -0.511467 0.51473 0.257307 -0.81783 0.481398 0.12652 -0.867323 0.411149 -0.0143005 -0.911456 0.394365 -0.032428 -0.918382 0.271833 0.902532 -0.333982 0.0773033 0.920819 -0.382252 0.089131 -0.215179 -0.972499 0.117401 0.434206 -0.893131 0.282952 0.0242434 -0.958827 0.0282031 0.595012 -0.803222 0.0185655 0.642685 -0.765905 -0.0360198 0.811049 -0.583868 0.408616 -0.111919 -0.905818 -0.707516 0.612022 -0.353341 -0.754911 0.567965 -0.327911 -0.754911 0.327918 -0.567961 -0.702191 0.356004 -0.616594 0.956723 0.283479 0.0657266 0.884262 0.378066 0.274128 0.678313 0.452728 -0.578731 0.791704 -0.0287086 -0.610229 0.767732 -0.159328 -0.620647 0.765085 0.0942153 -0.637 0.589101 0.751666 -0.296578 0.717988 0.492308 -0.492062 -0.30528 -0.23238 -0.923474 0.0114724 -0.00786783 -0.999903 0.0115752 -0.0117117 -0.999864 -0.291964 -0.202879 -0.934664 0.882346 0.283794 0.375401 0.774156 0.0851567 0.627241 0.583357 0.751966 0.306988 0.710457 0.683417 -0.167904 0.871081 0.305191 -0.384807 0.885571 0.375027 -0.274077 0.694701 0.407404 0.5928 0.741476 0.633402 0.221394 0.947947 0.31523 -0.0450057 0.948489 0.313754 -0.0438994 0.755257 -0.498389 0.42567 0.807203 -0.099147 0.581888 -0.587264 0.177044 -0.789795 -0.651765 0.307205 -0.693417 -0.759674 -0.0517618 -0.648241 -0.706613 -0.0501143 -0.705823 -0.0484632 -0.0491564 -0.997615 -0.062353 -0.0427471 -0.997138 -0.356493 0.178265 -0.917134 -0.340243 0.144068 -0.929236 0.330983 0.205624 -0.920961 0.626177 0.348965 -0.697228 0.568618 0.219965 -0.792647 0.316236 0.17376 -0.932632 0.568622 -0.219955 -0.792646 0.626179 -0.348957 -0.69723 0.330986 -0.205617 -0.920961 0.316242 -0.173753 -0.932631 -0.599976 -0.388502 -0.699353 -0.549019 -0.261574 -0.793824 0.747818 -0.460854 -0.477893 0.946375 0.321742 0.0292578 0.824166 -0.565111 -0.0374205 0.978998 0.203158 0.0170193 0.716931 0.491576 0.494331 0.774558 -0.160721 0.611742 0.943513 0.17177 0.283333 0.968674 -0.0538384 0.242428 0.90535 0.394586 0.156979 0.828628 0.539325 0.150012 0.911161 0.38073 -0.157574 0.760739 1.4668e-06 -0.649058 0.707565 4.00088e-06 -0.706648 0.039499 0.02709 -0.998852 0.0254536 0.0257862 -0.999343 0.94893 0.155408 -0.274554 0.980214 -0.0958712 -0.173172 0.985858 -0.16646 0.0193674 0.820004 0.550233 -0.1576 0.711188 0.452789 -0.537768 0.742445 0.439977 0.505169 0.643148 0.108642 -0.757996 0.611443 0.103189 0.784532 -0.702239 -0.355974 0.616557 -0.754913 -0.327921 0.567957 -0.754913 -7.12729e-06 0.655825 -0.707565 -7.77914e-06 0.706648 -0.707519 -0.612012 -0.353352 -0.754911 -0.567959 -0.32792 -0.754912 -0.655827 -8.92475e-06 -0.702217 -0.711963 4.20062e-06 -0.702215 0.711965 1.95856e-05 -0.754912 0.655827 1.45938e-06 -0.754911 5.36899e-06 -0.655828 -0.707502 6.59271e-06 -0.706711 -0.754913 0.327909 0.567963 -0.702238 0.35596 0.616566 -0.702217 -0.711963 3.03923e-06 -0.754912 -0.655827 -9.36279e-06 -0.754912 -0.567967 0.327905 -0.707551 -0.611991 0.353324 -0.697918 0.633262 -0.334499 -0.697873 0.334391 -0.633369 2.03021e-08 0.707086 -0.707127 -0.754911 -0.327908 -0.567966 -0.702193 -0.355993 -0.616599 -0.754912 0.567961 0.327914 -0.707549 0.611986 0.353338 -0.129472 0.589999 -0.796956 0.129474 0.796953 -0.590002 0.697877 0.633363 -0.334395 0.697917 0.334491 -0.633268 0.12942 0.589966 -0.796989 -0.129525 0.796919 -0.590036 -0.411278 0.357295 -0.838565 0.411281 0.838562 -0.357297 0.411947 0.357876 -0.837988 0.410608 0.356713 -0.83914 -0.411341 0.838509 -0.357353 0.894999 -0.245349 -0.372534 0.748131 -0.643985 0.159949 0.631412 -0.71293 -0.305042 0.778538 -0.0551035 -0.625173 0.906772 -0.317765 -0.27711 0.714266 -0.418242 0.561157 0.96125 -0.270852 0.0513556 0.895255 -0.352005 0.273148 0.724267 -0.38806 -0.569954 0.806336 0.0736076 -0.58686 0.776933 -0.592853 -0.211898 0.878468 -0.279417 0.387582 0.766153 -0.0681639 0.639032 0.637448 -0.71206 0.294332 0.802144 0.0534789 0.594732 0.967348 -0.244049 -0.0683936 0.96167 -0.265176 -0.0698078 0.749328 0.472169 0.464288 -0.239453 0.210409 0.947834 -0.221965 0.133747 0.965838 0.0491641 0.454929 0.889169 0.0482897 0.448155 0.892651 -0.738713 0.35935 0.570237 -0.846693 0.291211 0.445317 -0.671224 0.173583 0.720644 -0.639968 0.228279 0.733709 -0.391156 0.235688 0.889634 -0.38308 0.336634 0.86019 0.761767 0.187222 0.620209 0.746793 -0.449959 0.489732 0.826066 0.2546 0.502786 0.712345 0.330884 0.618934 0.614371 0.525191 0.588831 0.646292 0.544675 0.534449 0.623805 0.167803 0.763354 0.587631 0.211786 0.78092 0.985413 -0.167355 -0.0308668 0.81474 0.578626 0.0372877 0.745727 -0.449324 -0.491934 0.76786 0.188716 -0.612191 0.312648 0.693913 0.648642 0.31013 0.623223 0.717923 0.979152 0.202231 0.0190538 0.976039 0.131469 -0.17339 0.95375 -0.300581 0.00330525 -0.622762 0.546571 0.559847 -0.6516 0.564657 0.506537 0.2825 0.289485 0.914545 0.290982 0.206651 0.934144 -0.0323436 0.488789 0.871802 -0.0329156 0.486913 0.87283 -0.315198 0.706529 0.633614 -0.312699 0.646535 0.695853 0.9492 -0.137338 0.283121 0.966124 0.0890202 0.242239 0.919116 -0.361457 0.156761 0.847755 -0.508806 0.149759 0.9244 -0.347257 -0.157788 0.755449 0.50952 -0.41193 0.95389 -0.120836 -0.27476 0.839387 -0.520109 -0.157848 0.727042 -0.426604 -0.537976 0.758109 -0.412709 0.504917 0.646494 -0.0851076 -0.758157 0.993308 0.0578637 -0.0999514 0.993746 0.0320206 -0.106972 0.995732 -0.0227763 -0.0894403 0.995466 0.00111906 -0.0951153 0.979468 0.17182 -0.105456 0.979041 0.202207 -0.024327 0.910278 0.413998 0.000250661 0.912119 0.363412 -0.189661 0.986766 -0.0178457 -0.161165 0.984626 0.0373758 -0.170633 0.923283 0.0522574 -0.38055 0.92856 -0.11607 -0.352568 0.996609 -0.0293291 0.0768741 0.995353 -0.0107659 0.0956924 0.993116 0.0492685 0.106274 0.994609 0.0297779 0.0993285 0.986333 -0.0122681 0.164309 0.984948 -0.0690261 0.158472 0.933492 -0.266346 0.240111 0.930542 -0.144991 0.336259 0.978688 0.194288 0.0664976 0.981268 0.14069 0.131602 0.917238 0.222971 0.33009 0.91219 0.361382 0.193164 0.930342 -0.122474 -0.345636 0.984544 -0.067099 -0.161771 0.93079 -0.250213 -0.266503 0.915818 -0.338535 -0.216036 0.98339 0.0621019 0.170548 0.924085 0.0347127 0.380608 0.98276 0.103966 -0.152884 0.91711 0.226242 -0.328214 0.997827 -0.0633838 -0.0180048 0.997499 -0.070483 0.00528851 0.996938 -0.054378 0.0561878 0.997678 -0.0600479 0.0321504 0.997075 -0.0422216 -0.0637058 0.997072 -0.0594047 -0.0481431 0.988609 0.150499 -0.00110227 0.990047 0.133229 -0.0453546 0.991639 0.0902935 -0.092195 0.990907 0.115048 -0.0697581 0.991974 0.0993128 0.0782648 0.990722 0.109661 0.0802788 0.989152 0.144859 0.0243759 0.989071 0.147319 0.0060446 0.926486 -0.121967 0.356017 0.92072 -0.340346 0.190891 0.989882 0.135666 0.0415761 0.989704 0.142716 -0.0108788 0.989693 0.142715 -0.011836 0.989338 0.135586 -0.0531624 0.975768 -0.197703 -0.0937587 0.975492 -0.218034 -0.0296057 0.99913 -0.0412105 0.0063242 0.999035 -0.0432714 -0.00746525 0.985336 -0.144362 -0.0909506 0.985976 -0.166482 -0.0116042 0.976219 -0.216487 0.011392 0.976156 -0.195514 -0.094305 0.985769 0.0617028 -0.156372 0.985344 -0.00774302 -0.170403 0.975849 -0.0295664 -0.216436 0.975272 0.0688549 -0.210007 0.975594 -0.131497 0.175852 0.975801 -0.0159132 0.218081 0.999129 -0.006535 0.0412104 0.999116 -0.0277946 0.0315378 0.985545 0.0566577 0.159658 0.983941 0.121192 0.131045 0.975847 0.172442 0.134115 0.976277 0.105328 0.189181 0.985185 -0.156053 0.0711222 0.985798 -0.101329 0.133924 0.976275 -0.105442 0.189126 0.976256 -0.184026 0.114277 0.938981 0.158563 -0.305243 0.983798 0.119311 -0.133816 0.973995 0.15285 -0.167244 0.967367 0.214516 -0.134848 0.975922 0.188527 -0.109697 0.975915 0.105775 -0.190791 0.9991 0.0118977 -0.0407156 0.999129 0.0324037 -0.0262965 0.984978 -0.0255087 0.170786 0.976278 0.00214094 0.216512 0.986071 -0.0824893 -0.144427 0.976053 -0.126833 -0.176733 0.975871 0.100082 0.19406 0.975902 0.185743 0.114524 0.99915 0.0354902 0.0209518 0.999143 0.017271 0.037615 0.975912 -0.00455211 -0.218118 0.9759 -0.114749 -0.185613 0.999065 -0.0319375 -0.0291439 0.999076 -0.0122195 -0.0412086 0.995866 0.0813112 -0.0404904 0.998299 0.0549401 -0.0195258 0.999768 -0.0211858 -0.00386953 0.999213 -0.0347743 0.0190762 0.975917 0.218124 0.00267481 0.999146 0.0412112 -0.00307486 0.990013 0.128043 -0.0589892 0.993367 0.0976553 -0.060706 0.975229 -0.207589 0.0763873 0.999097 -0.0408487 0.0116662 0.997846 -0.0561856 0.0338595 0.996441 -0.0707185 0.0458699 0.995834 0.0817143 0.0404691 0.993357 0.0989714 0.0587054 0.994285 -0.0936144 -0.0513242 0.996305 -0.0686528 -0.0516006 0.97582 -0.218107 0.0142958 0.99915 -0.0412113 8.36768e-05 0.998575 0.0530653 -0.00561064 0.997825 0.0629775 0.0194497 0.933062 0.157522 0.323392 0.969566 0.215003 0.117115 0.997909 -0.0535191 -0.0362453 0.999488 -0.025491 -0.0193345 0.989989 0.128036 0.059409 0.99789 0.0637352 -0.0123682 0.996773 0.0764527 0.0244611 0.99552 0.0804135 -0.0497253 0.998274 0.0507742 -0.0295136 0.998655 0.0464215 0.023097 0.614947 -0.0809545 0.784402 -0.0319208 0.865156 -0.500486 -0.0314983 0.865451 -0.500002 -0.0363728 0.999338 -2.60139e-06 -0.0365436 0.999332 -0.000222443 0.0182823 -0.499566 -0.866083 0.0181905 -0.499668 -0.866026 0.134718 -0.108748 -0.984898 0.136012 -0.119502 -0.983473 -9.89238e-06 1.97602e-05 1 -4.33565e-07 -6.54683e-07 1 0.0181879 -0.499668 0.866026 0.0182715 -0.499752 0.865976 0.0319352 -0.865705 0.499535 0.0315002 -0.865451 0.500003 0.0363761 -0.999338 3.25173e-07 0.0365484 -0.999332 -0.000216297 -0.0315032 0.865453 0.499998 -0.0319411 0.865713 0.499521 -0.135969 0.119519 -0.983477 -0.134708 0.108744 -0.9849 -0.0181825 0.499669 -0.866025 -0.018262 0.499564 -0.866085 -0.655183 0.359901 -0.664234 -0.641241 -0.0233435 -0.766984 -0.758879 -0.0276254 -0.650645 -0.770715 0.297483 -0.563473 0.0315045 -0.865451 -0.500002 0.0319406 -0.865154 -0.500488 -0.0181942 0.499668 0.866026 -0.0182762 0.499764 0.865969 -0.641245 -0.0233473 0.766981 -0.65519 0.359892 0.664231 -0.770714 0.297484 0.563474 -0.758879 -0.0276269 0.650645 -0.665399 0.640446 0.383502 -0.669135 0.743141 5.50997e-06 -0.78255 0.622588 4.99868e-07 -0.779376 0.535477 0.325327 -0.613343 -0.789816 -6.76495e-06 -0.617089 -0.687125 0.383485 -0.73838 -0.59073 0.325319 -0.735218 -0.677831 -4.93846e-06 -0.627292 -0.40658 -0.664227 -0.747049 -0.352729 -0.563472 -0.665396 0.640453 -0.383495 -0.779377 0.535477 -0.325325 -0.627294 -0.406584 0.664222 -0.74705 -0.352733 0.563467 -0.617086 -0.68713 -0.38348 -0.73838 -0.590731 -0.325319 -0.613343 -0.789817 2.82536e-06 -0.735218 -0.677831 -1.88507e-06 0.999771 -0.0210088 0.00396893 0.999469 -0.0317017 0.00757065 0.998998 -0.0446362 -0.00326406 0.999502 -0.0292434 -0.0118344 0.996814 0.0797179 -0.00260645 0.997795 0.065797 0.00875713 0.99453 -0.0936654 0.0462264 0.99858 0.0529634 0.00566979 0.996807 0.0759126 -0.0247689 0.992017 0.119495 -0.0402837 0.996202 0.0836663 -0.0241281 0.998474 0.0513737 -0.0202337 0.987946 0.154747 -0.00408767 0.994974 0.0999192 0.00662448 0.991909 0.12156 0.0366134 0.996361 0.0781223 0.0340884 0.995405 0.0817897 0.0498012 0.998392 0.0481304 0.0299607 0.999361 -0.0198077 -0.0297676 0.999624 -0.0160477 0.0222347 0.998779 -0.0424464 0.0252779 0.997528 -0.0497996 -0.0495834 0.946207 0.289492 0.144519 0.964943 0.214095 0.151819 0.982245 0.150324 0.11224 0.974446 0.198454 0.105219 0.990007 -0.108923 -0.0895654 0.995085 -0.0503734 -0.0852561 0.988369 -0.0995254 -0.114988 0.973082 -0.175868 -0.148939 0.994895 -0.0431254 0.0912342 0.989585 -0.110479 0.0922864 0.974095 -0.183481 0.132186 0.988413 -0.103525 0.111008 0.964797 0.205474 -0.164153 0.944555 0.288788 -0.156263 0.974143 0.197892 -0.109012 0.983457 0.148321 -0.103983 0.984688 0.124657 -0.121864 0.992424 0.0849795 -0.088733 0.999604 -0.019595 -0.0201854 0.99943 -0.0147095 0.0303795 0.997439 -0.0518389 0.0492856 0.99878 -0.0424133 -0.0252945 0.986615 -0.148345 0.0677092 0.960101 -0.250729 0.123857 0.986426 -0.148657 -0.0697453 0.95822 -0.250431 -0.138201 0.984304 0.129237 0.120181 0.992266 0.0795075 0.0953292 0.998331 -0.052512 -0.0240501 0.995385 -0.0859799 -0.0426169 0.997635 -0.068376 0.00702644 0.992501 -0.12218 -0.00380319 0.998322 -0.0471829 0.0335814 0.995359 -0.0877213 0.0395598 -0.742253 8.22168e-06 0.67012 -0.757164 7.27859e-06 0.653225 -0.757164 -0.326609 0.565712 -0.732465 -0.340387 0.589603 -0.732371 -0.340466 -0.589674 -0.757161 -0.326617 -0.56571 -0.757161 -6.45951e-06 -0.653228 -0.742112 -5.26697e-06 -0.670276 -0.742151 0.580439 -0.335115 -0.757162 0.565707 -0.326622 -0.757162 0.653227 -1.03853e-05 -0.732425 0.680847 1.65161e-05 -0.732468 0.340401 0.589591 -0.757163 0.326622 0.565705 -0.742144 -0.580453 -0.335107 -0.757162 -0.565713 -0.326612 -0.732374 0.340456 -0.589676 -0.757161 0.326607 -0.565716 -0.742226 0.580368 0.335074 -0.757163 0.565716 0.326604 -0.73242 -0.680853 3.34641e-05 -0.757162 -0.653227 1.0207e-06 -0.757163 -0.56571 0.326614 -0.74222 -0.580365 0.335091 -0.732425 0.680847 1.61503e-05 -0.757162 0.653227 -9.84872e-06 0.840566 0.270775 -0.469179 0.785486 0.535868 -0.309608 0.785494 -0.536054 0.309265 0.840602 -0.270906 0.469039 0.840568 -0.27077 -0.469179 0.78548 -7.5811e-08 -0.618887 0.785501 2.48654e-06 0.61886 0.840604 0.270909 0.469035 0.840588 -0.541675 -0.000195931 0.78549 -0.535861 -0.309609 0.785499 0.536051 0.309258 0.840588 0.541675 -0.00019403 0.840585 0.54168 -0.000190373 0.785495 0.536054 0.309265 0.785487 -0.535867 -0.309609 0.840585 -0.54168 -0.000189821 -0.308475 -0.249367 -0.917965 0.0522072 -0.0337003 -0.998068 0.0551896 -0.0512582 -0.997159 -0.299126 -0.223615 -0.927642 0.668682 0.0423805 0.74234 0.746041 0.158721 0.646707 0.773234 -0.176042 0.609195 0.730352 -0.17732 0.659654 0.159471 -0.148281 0.976003 0.174501 -0.11239 0.978222 0.504688 0.0388008 0.862429 0.475563 0.0119028 0.879601 -0.403428 0.153726 0.902006 -0.653061 0.334786 0.679286 -0.600733 0.216326 0.769625 -0.380102 0.132257 0.91544 0.840604 -0.27091 0.469034 0.785499 -0.536051 0.309258 0.785491 0.53586 -0.309609 0.840571 0.270766 -0.469176 -0.600736 -0.216322 0.769624 -0.653063 -0.334781 0.679287 -0.403449 -0.153707 0.901999 -0.38012 -0.132238 0.915435 0.549203 -0.478709 0.684992 0.518358 -0.370808 0.770588 0.840603 0.270907 0.469039 0.840569 -0.270772 -0.469176 -0.046342 -0.0430327 0.997998 -0.0458334 -0.029592 0.998511 0.294418 -0.262678 0.918868 0.27739 -0.24679 0.92852 0.785501 -3.18892e-06 0.61886 0.785485 -2.25289e-06 -0.618881 -0.78548 1.42763e-06 0.618887 -0.742253 1.83112e-06 0.67012 -0.0837471 0.0540262 0.995021 -0.068077 0.0632416 0.995674 -0.567328 0.328798 -0.755004 -0.267186 0.268206 -0.925568 8.41636e-08 7.23918e-07 -1 0.267186 -0.268207 -0.925568 0.56733 -0.328799 -0.755002 0.567329 0.328801 -0.755002 0.267186 0.268208 -0.925568 -0.267185 -0.268205 -0.925569 -0.567328 -0.328798 -0.755004 0.757163 1.72789e-06 -0.653225 3.02624e-07 9.70581e-07 -1 3.57701e-07 5.87624e-07 -1 -0.757161 6.04767e-07 -0.653228 0.785485 1.56331e-06 -0.618881 0.74226 2.47142e-06 -0.670112 0.600738 0.216329 -0.769621 0.653065 0.334786 -0.679282 0.840588 -0.541675 -0.000193595 0.840588 0.541675 -0.000194199 0.412803 -0.143706 -0.899412 0.0837419 0.054023 -0.995022 0.0680722 0.0632376 -0.995674 0.399199 -0.109395 -0.910315 0.38462 0.173504 -0.906622 0.371459 0.142437 -0.917459 0.649119 -0.341035 -0.679956 0.600517 -0.216808 -0.769658 -0.742144 0.580454 -0.335106 -0.740965 0.581576 -0.335768 -0.740965 0.335776 -0.581571 -0.73237 0.340468 -0.589674 -0.745058 0.160983 -0.647281 -0.77235 -0.18222 -0.608499 -0.731282 -0.170217 -0.660494 -0.670482 0.0367382 -0.741016 -0.490147 0.056297 -0.86982 -0.470897 0.0181545 -0.882002 -0.184813 -0.119035 -0.975538 -0.17778 -0.165301 -0.970088 -0.543156 -0.485982 -0.684693 -0.522773 -0.363479 -0.771097 -0.732474 -0.340398 0.589586 -0.740967 -0.335781 0.581566 -0.740968 -8.76571e-06 0.67154 -0.74226 -9.80124e-06 0.670111 -0.742152 -0.580438 -0.335116 -0.740965 -0.581569 -0.33578 -0.740966 -0.671543 -1.36633e-05 -0.732425 -0.680847 1.45743e-05 -0.73242 0.680853 3.31101e-05 -0.740966 0.671543 1.89512e-06 -0.740965 6.48441e-06 -0.671543 -0.742112 6.54324e-06 -0.670276 -0.740968 0.335766 0.581573 -0.732471 0.340383 0.589598 -0.732425 -0.680847 1.27273e-05 -0.740966 -0.671543 -1.18468e-05 -0.740967 -0.581578 0.33576 -0.742227 -0.580367 0.335072 -0.682821 0.645709 -0.341783 -0.680603 0.336528 -0.65079 0.618723 0.459034 -0.63755 0.620062 0.633062 -0.463418 -0.740965 -0.335765 -0.581578 -0.732374 -0.340456 -0.589677 -0.740967 0.581571 0.335773 -0.742221 0.580363 0.335091 -0.135634 0.768661 -0.62511 0.135635 0.625105 -0.768666 -0.122739 0.589427 -0.798443 0.122742 0.798441 -0.589429 -0.620061 0.463412 -0.633066 -0.618724 0.637544 -0.45904 0.680609 0.650781 -0.336534 0.68282 0.341774 -0.645715 0.138381 0.766291 -0.627414 -0.132889 0.622792 -0.771019 0.120216 0.587728 -0.800077 -0.125268 0.796792 -0.591127 0.40551 0.469464 -0.784324 -0.393316 0.356465 -0.847488 -0.40551 0.78432 -0.469471 0.39332 0.847485 -0.356467 -0.399879 0.462947 -0.791061 0.395755 0.358674 -0.845417 0.0122596 -0.858776 -0.512204 0.00612993 -0.493835 -0.869534 0.00810965 -0.4938 -0.869538 0.0162217 -0.858695 -0.51223 -0.41105 0.47588 -0.777545 0.390951 0.35432 -0.849479 0.408143 0.781117 -0.47252 -0.396307 0.844946 -0.359177 0.0245267 -0.879611 0.47506 0.0183904 -0.999604 -0.0212895 0.0243314 -0.999475 -0.0213843 0.0324454 -0.879474 0.47484 3.54617e-07 -5.57968e-06 -1 -3.46377e-07 -4.9337e-06 -1 -0.00612933 0.493828 -0.869538 -0.00810993 0.493793 -0.869541 -0.0122582 0.858776 -0.512205 -0.0162197 0.858694 -0.512232 -0.0183917 0.999604 -0.0212936 -0.0243324 0.999475 -0.0213879 -0.0245255 0.879614 0.475056 -0.0324431 0.879476 0.474836 -0.0306631 0.530195 0.847321 -0.0405586 0.530146 0.846936 -0.162412 0.188032 0.968641 -0.17403 0.152968 0.972787 0.162412 -0.188024 0.968643 0.0306641 -0.53019 0.847324 0.0405609 -0.53014 0.84694 0.17403 -0.152958 0.972788 0.132164 -0.794431 -0.5928 -0.13224 -0.592851 -0.79438 -5.58419e-08 -0.707135 -0.707079 0.416862 -0.831853 -0.366397 0.696967 -0.629135 -0.34413 0.697079 -0.344407 -0.62886 0.417854 -0.367275 -0.830967 0.132165 -0.592804 -0.794428 0.416037 -0.365678 -0.832582 -0.13224 -0.794384 -0.592847 -0.416946 -0.831778 -0.366471 -0.697023 -0.628999 -0.344266 -0.697023 -0.344269 -0.628998 -0.416946 -0.366476 -0.831776 0.980917 0.03235 0.191715 0.978878 0.139686 0.149284 0.723083 -0.171344 -0.669173 0.728553 0.0393991 -0.683855 0.722906 0.354211 0.593246 0.978486 -0.00184239 -0.206302 0.98095 -0.113429 -0.157705 0.728032 0.521821 0.444603 0.708723 -0.534923 -0.459966 0.95734 0.25717 -0.131772 0.962344 0.188086 -0.19626 0.701244 -0.65822 -0.273869 0.721666 0.14262 0.67739 0.976139 0.103696 -0.190786 0.693442 -0.491628 0.526726 0.940604 0.279108 0.193294 0.960781 0.277069 0.0115098 0.707115 -0.296923 0.641736 0.991806 0.126357 0.0188257 0.947823 0.153316 0.279509 0.760548 0.428499 0.487807 0.952857 0.249282 0.172982 0.940733 -0.0110767 -0.338968 0.919367 0.115088 -0.376189 0.992291 0.0896839 -0.0855303 0.983935 -0.169869 -0.0549198 0.934889 0.305948 0.179941 0.942235 0.302973 0.142827 0.976751 -0.214335 -0.00414771 0.964038 0.0509861 0.260828 0.976449 0.0641751 0.205983 0.951876 -0.0243149 0.305518 0.95842 0.0104378 0.28517 0.934324 0.272032 0.230299 0.816122 -0.276491 0.507442 0.923177 -0.101321 0.37078 0.960727 0.277131 -0.0142264 0.830898 -0.304517 -0.465701 0.932473 -0.131418 -0.336488 0.795588 -0.24855 -0.552506 0.517663 -0.558858 -0.647844 0.31032 -0.767258 -0.561264 0.791913 -0.424493 -0.438953 0.950731 0.254401 -0.177174 0.968821 0.240478 0.0596413 0.900903 0.252668 -0.352893 0.600537 0.558313 -0.5724 0.800974 0.30624 -0.514449 0.945041 0.160135 -0.285053 0.962823 -0.237648 -0.128436 0.961854 -0.211066 -0.174036 0.903862 0.290634 -0.313952 0.479084 0.731758 -0.484776 0.516093 -0.525357 0.676497 0.807896 -0.213747 0.549196 0.768895 -0.412155 0.488804 0.289152 -0.714921 0.636615 0.93545 0.205272 0.287743 0.99992 0.0100016 0.00772122 0.879084 0.195996 -0.434507 0.803575 0.320667 -0.501437 0.840046 0.0954916 -0.534046 0.989 0.0234162 0.146049 0.867649 -0.147416 -0.474819 0.933733 -0.0476286 -0.354787 0.938291 -0.0711234 -0.338456 0.950243 0.208518 -0.231428 0.946344 -0.0981326 0.3079 0.975599 -0.203442 0.0825736 0.620767 0.664687 0.415739 0.513329 0.784066 0.348904 0.976224 -0.0819429 -0.200681 0.995382 0.0572297 0.0770749 0.786467 0.218404 -0.577728 0.882855 0.215313 -0.417382 0.856987 0.222588 -0.464787 0.942136 0.0920812 -0.322336 0.929789 0.158215 -0.332355 0.995569 0.0874873 -0.0344639 0.999488 0.0242186 0.0209257 0.87196 0.193286 -0.449808 0.954861 0.0621409 -0.29048 0.896721 0.154457 -0.41477 0.936465 0.239546 -0.256226 0.954417 0.0783969 0.287998 0.999824 0.0187642 0 0.999994 -0.00333579 -9.26982e-09 0.997575 -0.0607414 -0.0339798 0.934058 0.0591768 0.352185 0.999992 0.0029311 -0.00253218 0.999995 0.00319988 4.64397e-07 0.868792 -0.16471 -0.46698 0.860303 -0.141094 -0.489869 0.781727 -0.189739 -0.594055 0.849542 -0.176293 -0.497191 0.726552 0.637092 0.257363 0.981335 -0.182287 -0.0612608 0.981337 -0.191799 -0.0137886 0.728475 0.68378 0.042061 0.726448 0.24634 -0.641553 0.981404 -0.0786539 0.175099 0.713137 -0.0812872 0.696295 0.973235 0.191878 -0.126476 0.727033 0.4291 -0.535999 0.979748 -0.176787 0.0940211 0.683297 -0.641374 0.34892 0.946913 0.185071 0.262876 0.702747 0.0197073 -0.711167 2.23856e-08 0.202789 -0.979223 0.539938 -0.116818 -0.833559 0.800199 0.293769 -0.522859 0.937801 0.114975 -0.327583 0.94899 0.0570564 -0.310102 0.833858 0.208861 -0.510939 0.870288 0.395815 0.293138 0.757772 0.611295 0.228256 1 -3.00186e-08 2.0481e-07 0.942148 -0.0502531 0.33141 0.999431 0.033723 -7.61298e-09 0.99962 0.0275568 9.26235e-09 0.870287 -0.395816 -0.293137 0.964302 -0.186213 -0.18827 0.964302 -0.186214 0.18827 0.870287 -0.395817 0.293136 1 -3.00186e-08 -2.73644e-08 0.725473 0.211918 -0.654813 0.980826 -0.105521 0.163847 0.976459 -0.206033 0.0638627 0.724364 0.400145 -0.56141 0.530612 0.439097 -0.725014 0.700996 0.275056 -0.657989 0.720028 -0.366582 -0.589218 0.972068 0.23178 0.0369048 0.313083 0.430797 -0.8464 0.757774 -0.611294 -0.228253 0.757773 -0.611294 0.228253 0.719936 0.577428 -0.385057 0.973484 -0.224401 -0.0444118 0.645647 -0.337724 -0.684896 0.507332 -0.51473 -0.691135 0.945642 -0.0434184 0.322298 0.999743 0.0169634 0.0150711 0.645618 -0.337678 0.684945 0.808403 -0.147257 0.569912 0.823594 -0.182256 -0.537099 -0.321666 -0.0620976 -0.944815 -0.108085 0.101454 -0.988951 0.475856 -0.482794 0.735167 0.518227 0.592315 -0.616931 0.661497 0.362992 -0.656246 0.926464 0.039823 0.374271 0.943105 0.176616 0.281707 -0.539937 -0.116819 -0.833559 0.943803 0.0364336 0.328495 0.937992 0.0760242 0.338217 0.79595 0.244984 0.553576 0.823089 0.181014 0.538293 -0.0997401 0.291917 -0.951229 -0.313083 0.430797 -0.8464 0.975013 -0.190563 -0.114176 0.716335 0.672385 -0.186446 0.108086 0.101454 -0.988951 0.0997399 0.291916 -0.951229 -0.530612 0.439097 -0.725013 -0.700996 0.275056 -0.657988 -0.702747 0.0197059 -0.711167 0.321666 -0.0620979 -0.944815 0.995133 0.0830484 -0.0530491 0.909971 -0.382158 0.160959 1 1.03704e-07 4.48601e-06 1 1.70303e-07 1.56873e-06 1 -3.17096e-13 -3.36915e-13 1 9.51806e-08 -1.68856e-07 0.998905 0.0316976 -0.0344019 0.964323 0.186036 -0.18834 0.869596 0.396474 -0.294299 0.755705 0.613408 -0.229433 0.699471 0.714661 6.58475e-07 1 9.51807e-08 4.03883e-07 0.699471 0.714661 -3.24558e-07 0.749996 0.611616 0.251857 0.836194 0.459051 0.300084 0.9537 0.0786774 -0.290288 0.99833 0.00672406 -0.0573762 0.439606 -0.64037 -0.62982 0.394784 -0.132172 -0.909217 0.240495 -0.599465 -0.763416 0.180545 -0.90285 -0.390211 -0.3 0.0381995 0.953174 -0.367678 -0.0004437 0.929953 0.440068 -0.00127479 0.897964 0.480337 0.0266969 0.876678 1 4.03666e-07 2.62141e-07 0.995132 -0.0830493 -0.0530532 0.909971 0.382162 0.16095 1 4.46356e-09 2.96497e-06 0.351558 -0.568175 -0.744032 0.907812 0.352331 -0.227463 0.872958 -0.368147 -0.320019 0.723513 -0.629488 -0.283325 0.805902 0.571485 -0.154681 0.834967 0.428738 0.344985 0.737047 0.530615 0.41858 0.878156 -0.42376 0.221965 0.77161 -0.628739 0.0964636 0.672755 0.724568 0.149674 0.814629 0.461171 0.351713 0.967708 0.171616 0.184632 0.976234 -0.169309 0.135279 0.542838 0.554626 -0.630648 0.66891 0.37994 -0.638909 0.735459 0.676314 0.0412228 0.668839 -0.743406 0.00114892 0.890175 -0.442238 -0.109609 0.613549 0.626873 0.480195 0.817609 0.471019 -0.331144 0.867656 -0.420636 -0.265026 0.854305 0.504567 -0.124801 0.990862 -0.105963 -0.0834495 0.836914 0.51821 0.176162 0.0658964 1.73604e-06 0.997826 0.0658979 -7.29905e-08 0.997826 0.305375 -0.237379 0.92217 0.37497 0.33506 0.864368 -0.648423 -8.82683e-07 -0.76128 -0.648423 4.73426e-07 -0.76128 -0.94219 -3.56082e-07 -0.335078 -0.94219 -1.30473e-07 -0.335078 -0.335074 2.83919e-06 0.942192 -0.335072 -1.76825e-07 0.942193 -0.273669 4.2932e-06 0.961824 -0.273658 9.16628e-06 0.961827 -0.63254 1.17319e-05 0.774528 -0.632553 7.15891e-06 0.774517 0.871436 -0.180962 0.455908 0.861835 0.23738 0.448208 0.983497 1.25662e-07 -0.180922 0.994124 -0.0454287 -0.0982524 0.180925 9.79919e-06 0.983497 0.180908 1.01904e-05 0.9835 0.985094 -0.0344021 -0.16854 0.976644 8.74144e-06 -0.214863 0.425373 4.44555e-06 -0.905018 0.53156 -0.036949 -0.846214 0.648418 9.14503e-06 0.761285 0.64843 9.69831e-06 0.761275 0.761276 8.42238e-06 -0.648427 0.983498 1.06649e-05 -0.180917 0.983502 1.25206e-05 -0.180898 0.761286 8.83542e-06 -0.648416 0.942193 8.94687e-06 0.335071 0.942188 1.08394e-05 0.335084 0.681139 2.51692e-06 -0.732154 0.681136 1.88266e-06 -0.732157 0.335071 1.19785e-06 -0.942193 0.335075 2.76646e-06 -0.942191 -0.00139617 8.71999e-06 -0.999999 0.395154 8.52535e-06 -0.918615 0.39517 1.0149e-05 -0.918608 -0.00137928 9.71019e-06 -0.999999 0.805902 -0.571485 -0.154681 0.69106 0.690049 -0.215102 0.665225 0.0336624 0.745884 0.791999 -0.023878 0.610056 0.999997 0.00182989 -0.00162556 0.943161 -0.034071 -0.330585 0.756098 -0.65334 -0.0382426 0.128175 -0.527976 -0.839531 -0.801357 -0.115918 -0.586848 0.505902 -0.187819 -0.841895 0.51242 0.152962 -0.845002 0.354438 -0.0794428 -0.931699 -0.034537 -0.586318 -0.809344 0.0782532 -0.28521 -0.955265 0.158527 0.277591 -0.94753 0.118973 0.517123 -0.847602 0.314741 -0.0493435 -0.947894 0.354869 0.0170792 -0.93476 0.291882 0.64628 -0.705072 0.262926 -0.751518 -0.605055 0.514837 0.246905 -0.820964 0.573645 -0.252589 -0.779186 0.593162 -0.551857 -0.586185 0.500455 0.492525 -0.712014 0.981431 0.000289907 0.191815 0.729119 -0.00028393 -0.684387 0.726008 -0.298848 0.619356 0.981168 0.0524874 -0.185888 0.981084 0.15439 -0.116781 0.729087 -0.477347 0.490481 0.726438 -0.0856997 0.681867 0.980013 -0.0537448 -0.191538 0.703868 0.520062 0.483845 0.957103 -0.257533 0.13278 0.970612 -0.238844 -0.0294305 0.71563 0.339603 0.610363 0.319023 0.788778 -0.525409 0.525095 0.532751 -0.663666 0.517397 0.551419 0.654399 0.297717 0.736108 0.607873 0.492611 0.499797 0.712417 0.657754 0.356918 0.663302 0.981228 0.192789 0.00488973 0.929643 -0.281551 0.237681 0.932153 -0.299731 0.203107 0.975179 0.213988 0.056881 0.943158 -0.263079 0.203082 0.827109 0.296985 0.47717 0.93164 0.123108 0.341893 0.963344 -0.266064 -0.0343397 0.841523 0.327357 -0.42974 0.930896 0.172309 -0.322089 0.80851 0.433389 -0.398101 0.961094 -0.240333 -0.136152 0.974598 -0.20825 0.0824125 0.896869 -0.245146 -0.368144 0.599706 -0.54746 -0.583645 0.813853 -0.293314 -0.501608 0.941522 -0.150375 -0.301536 0.958595 0.244021 -0.146799 0.958466 0.21032 -0.192638 0.898828 -0.289015 -0.329513 0.945308 0.138169 0.29547 0.998263 -0.0249369 -0.0533821 0.996304 0.0019402 0.085876 0.925519 0.000972351 0.3787 0.474863 -0.725313 -0.498424 0.785503 0.421057 0.453537 0.94607 -0.207599 0.248704 0.978456 -0.00445992 -0.206406 0.965187 0.0148448 -0.261139 0.956878 0.0653171 -0.28305 0.950103 0.092453 -0.297921 0.998035 0.0277481 -0.0561845 0.945342 -0.13708 0.295869 0.959129 -0.210465 -0.189146 0.951034 -0.0981688 -0.293084 0.957701 -0.0509376 -0.283222 0.972763 0.220975 0.0700231 0.625051 -0.626135 0.466119 0.499793 -0.763395 0.409188 0.979626 0.124597 -0.157508 0.957457 -0.201186 0.20688 0.763324 -0.374653 0.526281 0.937195 -0.124189 -0.325949 0.988586 -0.0374084 -0.14594 0.998187 -0.0521045 0.0301175 0.85999 0.138432 0.491177 0.79993 0.0940297 0.592681 0.832521 0.00218859 0.55399 0.630212 -0.231684 -0.74105 8.72385e-07 -0.00231658 -0.999997 0.729115 -0.00320462 -0.684383 0.7255 -0.212572 -0.65457 0.980822 0.105622 0.163805 0.839917 -0.102188 0.533008 0.72473 -0.403553 -0.55849 0.977865 0.195361 0.0749232 -0.630201 -0.231712 -0.741051 8.72385e-07 -0.00234215 -0.999997 -0.729117 -0.00324068 -0.684382 0.719788 0.134615 0.681017 0.977979 -0.15046 -0.144631 0.632243 0.226418 -0.740948 0.42908 0.286907 -0.85649 1 1.07362e-07 1.20843e-07 0.964303 0.186213 0.18827 0.999165 -0.0372162 -0.0168896 0.879192 -0.198518 0.433142 0.888354 -0.203288 0.411705 0.924435 -0.0772022 -0.373443 0.944483 0.0490956 -0.324871 0.870287 0.395818 -0.293137 0.964302 0.186214 -0.18827 0.70197 0.712207 -1.79006e-06 0.757772 0.611295 -0.228255 0.715318 0.557897 -0.420798 0.965256 -0.243515 -0.0947676 0.969389 -0.189459 -0.156171 0.710057 0.666492 -0.227176 0.980441 0.191621 0.044905 0.978893 0.204253 -0.00698179 0.42648 -0.290459 -0.856591 0.701971 -0.712206 -5.81004e-08 0.70197 0.712207 -1.79006e-06 0.72525 -0.610631 0.318029 0.724728 -0.680263 0.109601 0.957176 -0.187073 0.220946 -0.21132 0.181507 -0.960416 -0.00810533 -0.0076092 -0.999938 -0.429091 0.286889 -0.85649 0.701971 -0.712206 3.89992e-09 -0.208779 -0.184131 -0.960472 -0.426462 -0.290481 -0.856593 0.970166 0.233021 -0.0669222 0.972089 0.189989 -0.137647 0.716407 -0.562152 -0.413215 0.71155 -0.667894 -0.218206 -0.00563925 0.00529322 -0.99997 0.208795 -0.184117 -0.960472 0.00565213 0.00530419 -0.99997 0.940689 -0.204385 -0.270796 -0.632254 0.226387 -0.740948 0.211309 0.181521 -0.960416 0.00809279 -0.0075963 -0.999938 0.69625 0.653533 0.296867 0.755704 -0.613407 -0.229441 0.69947 -0.714662 4.64425e-08 0.869595 -0.396474 -0.294301 0.69947 -0.714662 -1.18865e-06 0.749996 -0.611621 0.251847 0.836195 -0.459052 0.300083 0.439668 0.640342 -0.629805 0.394544 0.132328 -0.909299 0.24117 0.599621 -0.76308 0.178098 0.898637 -0.400914 0.990862 0.105958 -0.0834562 0.351819 0.568112 -0.743957 0.976645 -6.97602e-06 -0.21486 0.985093 0.0344107 -0.168548 0.999461 -0.00227499 -0.0327457 0.997532 0.0702057 0.00116735 0.480854 -0.026104 0.876412 -0.301022 -0.0389525 0.952821 -0.368556 0.0010705 0.929605 0.440702 0.000718989 0.897653 0.835786 -0.216478 -0.504578 0.951899 -0.0698103 -0.298353 0.536611 -0.548264 -0.641448 0.664151 -0.371948 -0.648504 0.829826 -0.38815 0.40091 0.726139 -0.496894 0.475204 0.590724 -0.603555 0.535506 0.998905 -0.0316988 -0.0344004 0.890175 0.442237 -0.10961 0.836915 -0.51821 0.17616 0.854302 -0.504572 -0.1248 0.964323 -0.186038 -0.188339 0.967709 -0.171616 0.184629 0.976235 0.169309 0.135277 0.878157 0.423761 0.22196 0.814629 -0.46117 0.351713 0.907812 -0.352339 -0.227451 0.872957 0.368156 -0.32001 0.723514 0.629483 -0.283335 0.805902 -0.571484 -0.154685 0.335071 -4.34934e-07 -0.942193 0.335071 3.47948e-07 -0.942193 -0.065906 6.46848e-07 -0.997826 -0.0659059 -8.17998e-07 -0.997826 -0.632549 -6.61889e-06 0.77452 -0.632538 -9.42103e-06 0.774529 -0.714939 0.0513103 -0.697302 -0.648422 -3.25242e-07 -0.761281 -0.951315 -0.237377 -0.196602 -0.96211 0.185558 -0.199779 0.983499 -6.14601e-07 -0.180912 0.9835 -1.84808e-06 -0.180909 0.761287 -4.07724e-06 -0.648415 0.761283 -1.05464e-06 -0.64842 0.99776 0.00355035 -0.0668066 -0.27367 -5.30196e-06 0.961824 -0.273658 -9.05469e-06 0.961827 0.531554 0.0369534 -0.846218 0.425376 -3.20922e-06 -0.905017 -0.00139423 -6.82165e-06 -0.999999 -0.00138007 -9.21677e-06 -0.999999 0.395167 -7.88418e-06 -0.918609 0.395154 -9.09428e-06 -0.918615 0.761276 -6.41404e-06 -0.648428 0.761284 -7.0631e-06 -0.648419 0.983501 -7.16878e-06 -0.180905 0.983499 -5.52836e-06 -0.180915 0.942193 -6.0163e-06 0.335071 0.94219 -6.86205e-06 0.33508 -0.335072 -2.22457e-07 0.942193 0.180916 -2.82687e-07 0.983498 0.180916 5.97991e-07 0.983498 -0.335072 -5.11937e-07 0.942193 0.771607 0.628743 0.0964609 0.672755 -0.724568 0.149675 0.805903 0.571485 -0.154683 0.69106 -0.690047 -0.215105 0.867658 0.420632 -0.265026 0.817608 -0.471018 -0.331149 0.64842 6.97312e-07 0.761283 0.64842 1.93936e-07 0.761283 0.942192 3.58799e-07 0.335074 0.942192 4.13162e-07 0.335074 0.648419 -7.99544e-06 0.761283 0.64843 -7.16448e-06 0.761275 0.180923 -6.32882e-06 0.983497 0.180911 -6.66537e-06 0.983499 0.665225 -0.0336619 0.745884 0.787213 0.019658 0.616368 0.999684 0.018253 0.0172917 0.756176 0.65325 -0.0382439 0.128282 0.52802 -0.839487 -0.788873 0.218095 -0.574555 0.506007 0.187725 -0.841853 0.512478 -0.15289 -0.84498 0.354513 0.079489 -0.931666 0.379738 0.0189674 -0.9249 0.574221 0.251966 -0.778963 0.515588 -0.246304 -0.820673 0.350183 0.013017 -0.936591 0.158339 -0.277442 -0.947605 0.0781937 0.285147 -0.955289 0.314745 0.0493478 -0.947893 0.3549 -0.017105 -0.934748 0.293085 -0.646248 -0.704602 0.264212 0.75147 -0.604553 -0.0341505 0.58655 -0.809193 0.1193 -0.517253 -0.847477 0.594281 0.551114 -0.585751 0.501603 -0.492003 -0.711567 0.953332 0.0541244 -0.297032 0.95757 0.102814 -0.269239 0.88963 -0.10921 -0.443431 0.948963 -0.0372357 -0.313182 0.712815 0.18765 -0.675783 0.989026 0.0829711 0.122244 0.986458 0.0469766 0.15714 0.670543 0.0754008 -0.738029 0.868629 0.163593 0.467676 0.975692 -0.204311 -0.0792651 0.96464 -0.0929753 -0.246628 0.982827 -0.0169108 0.183754 0.982943 -0.0810778 0.165075 0.999984 0.00560212 0.00116421 0.957273 -0.012698 -0.288908 0.962146 -0.017127 -0.271996 0.999965 0.00765858 0.00331144 0.867977 0.149614 0.47353 0.999709 0.0236089 -0.0049039 0.999758 0.0201873 -0.00872715 0.955814 0.0581236 -0.288169 0.781641 0.189137 0.594361 0.708316 0.129155 0.69398 0.986004 -0.0566999 -0.156781 0.982601 0.0272945 -0.183714 0.961064 0.0253065 -0.275165 0.964621 -0.0521247 -0.258438 0.992054 0.050953 -0.115038 0.991994 0.0120875 -0.125702 0.999987 0.00373224 -0.00353533 0.965067 -0.0551206 0.256139 0.936509 -0.0107336 0.35048 0.932408 0.0113183 0.361231 0.991789 0.127316 0.0120526 0.98841 0.104773 0.109859 0.981074 -0.167375 0.0973609 0.935833 0.0785769 0.343572 0.932013 0.0431605 0.359846 0.964309 0.101997 0.244347 0.712785 -0.187153 0.675952 0.78622 -0.216297 0.578856 0.804878 -0.30953 0.506323 0.99743 -0.0695144 0.0173558 0.992188 -0.0474843 0.115362 0.987309 -0.0201931 -0.157521 0.986541 -0.0451477 -0.15716 0.670577 -0.0771177 0.737821 0.668757 0.029865 0.742881 0.849662 0.176918 0.496763 0.890784 0.113291 0.440078 0.963786 0.0593646 0.259986 0.997132 0.0738638 -0.0164698 0.993859 -0.109527 -0.0157681 0.962077 -0.0725906 0.26294 0.891041 -0.131025 0.434601 0.855246 -0.210224 0.473667 0.965083 0.0582263 -0.255392 0.936464 0.0090408 -0.350647 0.987282 0.0214961 0.157522 0.992003 -0.0105624 0.12577 0.708461 -0.130591 -0.693563 0.668872 -0.0318712 -0.742694 0.989351 -0.0786484 -0.122473 0.989181 -0.0962629 -0.110697 0.979087 0.10484 -0.174349 0.935861 -0.0778613 -0.34366 0.999895 0.0144825 2.28267e-07 0.873421 -0.175921 0.454078 0.985046 0.0644333 0.159792 0.980603 0.170763 -0.0962136 0.932483 -0.00749877 -0.361136 0.932128 -0.0389813 -0.360026 0.799984 -0.0945567 -0.592525 0.832862 -0.00724036 -0.553433 0.960648 0.0280047 0.276355 0.961372 6.13519e-05 0.275253 0.962054 -0.0179375 0.272268 0.973069 0.218198 0.0743386 0.957451 -0.0102585 0.288412 0.956442 0.0231398 0.291003 0.95069 0.044068 0.306996 0.946024 -0.0262986 0.323029 0.929643 -0.0495912 0.365109 0.932727 -0.044937 0.357772 0.934962 0.0533599 0.350711 0.998801 0.0410939 -0.0266246 0.993517 -0.0890081 -0.0707171 0.990456 0.0901372 -0.104267 -0.681141 -7.00336e-07 0.732153 -0.681141 5.03386e-08 0.732153 0.173586 0.218755 -0.960216 0.164732 -0.184593 -0.968911 -0.832905 -0.323503 0.449015 -0.819079 0.237376 0.522267 0.668839 0.743406 0.00113893 0.735461 -0.676311 0.0412229 0.997532 -0.0702006 0.00116311 0.999461 0.00228426 -0.0327456 0.838513 0.224368 -0.496544 -0.180924 7.33903e-08 -0.983497 -0.180924 -3.31616e-07 -0.983497 0.379839 -0.0188446 -0.924861 0.350419 -0.013222 -0.9365 -0.983499 -3.67905e-07 0.180913 -0.983499 4.16389e-07 0.180913 -0.761284 4.34905e-08 0.648419 -0.761284 2.12016e-07 0.648419 0.993517 0.0890136 -0.0707108 0.990457 -0.090138 -0.104264 0.173934 -0.219063 -0.960082 0.165325 0.185251 -0.968684 0.979011 0.153984 -0.133518 0.427626 0.528195 -0.733585 0.189535 0.301793 -0.934344 0.873802 0.361944 -0.324757 -0.660681 0.528201 -0.53339 -0.962438 0.153987 0.223608 -0.932167 0.361951 0.00745629 -0.509626 0.301793 -0.805731 -0.104882 0.851514 -0.513734 -0.667111 0.672129 -0.321257 -0.0847926 0.851514 -0.51743 0.509127 0.67212 -0.537628 -0.0515186 0.958499 -0.280404 0.0737178 0.913396 0.400341 -0.187082 -0.575504 -0.796113 -0.756214 -0.575501 -0.31135 -0.648427 -3.48694e-07 -0.761277 -0.18708 0.575502 -0.796115 -0.756214 0.575503 -0.311347 -0.648428 -1.5116e-06 -0.761276 -0.648423 1.17929e-06 -0.761281 -0.648426 -1.2552e-06 -0.761277 0.33507 -4.21618e-06 -0.942193 0.335071 -3.14924e-06 -0.942193 -0.648428 -7.94293e-07 -0.761276 0.978817 0.15568 -0.13297 0.648419 -1.60923e-07 0.761283 0.648422 -1.55135e-08 0.761281 0.964309 0.263227 0.0286483 0.962063 -0.155681 -0.224051 0.89099 -0.263227 -0.369929 -0.335075 -6.9733e-08 0.942191 -0.335075 -2.88552e-07 0.942191 -0.983497 1.65215e-06 0.180925 -0.983498 -7.72574e-07 0.180919 0.979012 0.153976 -0.133518 0.427632 0.528197 -0.733579 0.189532 0.301792 -0.934344 0.873805 0.361941 -0.324752 -0.660682 0.528207 -0.533382 -0.962438 0.153992 0.223608 -0.932167 0.361952 0.0074555 -0.509618 0.301794 -0.805736 -0.104883 0.851512 -0.513738 -0.667112 0.672126 -0.32126 -0.0847964 0.851516 -0.517426 0.509127 0.672136 -0.537609 -0.0515723 0.958499 -0.280393 0.0736428 0.913396 0.400356 -0.187081 -0.575504 -0.796113 -0.756214 -0.575501 -0.311351 -0.648426 -3.48696e-07 -0.761277 -0.18708 0.575502 -0.796115 -0.756216 0.5755 -0.311348 -0.648427 -2.08425e-06 -0.761277 -0.648424 -1.29619e-07 -0.761279 0.238437 0.208975 -0.948408 -0.560324 -0.208975 -0.801478 -0.180913 -2.95773e-08 -0.983499 -0.0736365 0.913395 -0.400359 -0.560326 0.208978 -0.801476 0.238434 -0.208978 -0.948408 -0.073657 -0.913396 -0.400353 0.648427 2.76788e-06 0.761276 -0.335074 5.79326e-07 0.942192 -0.335073 1.59272e-07 0.942192 0.648427 2.18431e-06 0.761277 -0.978818 -0.155673 0.132969 -0.648423 6.32964e-07 -0.761281 -0.648424 -1.82025e-07 -0.761279 -0.96431 -0.263222 -0.0286457 -0.962065 0.155673 0.224048 -0.890994 0.263222 0.369924 0.335073 -3.48666e-07 -0.942192 0.335074 -5.89515e-08 -0.942192 0.983498 -4.07673e-07 -0.180917 0.983499 9.33914e-07 -0.180915 -0.648421 8.99349e-07 -0.761282 -0.846239 -0.526323 -0.0828494 -0.648425 -2.5574e-07 -0.761279 0.052824 -0.52634 -0.848632 -0.648433 3.60568e-06 -0.761272 -0.846226 0.526344 -0.0828489 0.0528381 0.526338 -0.848632 0.733973 -0.679177 -0.00123468 0.733159 -0.680056 0.00111389 0.876752 -0.480938 0.00188631 0.877201 -0.480122 -0.00102363 0.987078 -0.160166 -0.00495446 0.986232 -0.165342 0.00277008 0.730461 -0.682953 -0.00108184 0.685904 -0.727691 -0.00100533 0.685164 -0.728389 -0.000128761 0.729679 -0.68379 1.56137e-05 0.770596 -0.637324 -0.000803743 0.332048 -0.943214 -0.00952587 0.330918 -0.943658 0.00155562 0.770779 -0.637102 0.000938217 0.976591 -0.215069 -0.00403075 0.976114 -0.217256 0.000804563 0.771106 -0.636704 0.00184063 0.884012 -0.467463 0.000619233 0.883673 -0.468103 0.00124462 0.990302 -0.138929 0.00121248 0.990332 -0.138719 0.000190814 0.987288 -0.158813 0.00644157 0.878009 -0.478636 0.00288076 0.976503 -0.21544 0.00518624 0.686616 -0.727018 0.00185083 0.685255 -0.728302 0.00130225 0.727694 -0.685901 0.00124905 0.728874 -0.684645 0.00163745 -0.68733 -0.726344 0.00171502 -0.367436 -0.823426 0.432389 0.334012 -0.942505 0.0109363 0.734567 -0.678532 0.00213849 0.999983 -0.00565757 0.00119496 0.938988 -0.227935 0.257578 0.96767 -0.219421 0.124373 0.999948 -0.0100286 0.00158141 0.416042 -0.0838607 -0.90547 0.804738 -0.0833794 -0.587745 0.879507 -0.0812058 -0.468907 0.538778 -0.0823429 -0.838414 0.809276 -0.30265 0.503464 0.824829 -0.482185 0.29522 0.791592 0.321959 -0.51935 0.68819 -0.393283 -0.609691 0.685716 -0.727869 -0.000625078 0.728042 -0.685533 -0.000481099 0.883455 -0.468517 0.000399466 0.968832 -0.21752 -0.118532 0.884449 -0.466638 -6.12323e-05 0.989485 -0.144634 0.000497492 0.989554 -0.144166 -0.000208784 0.884421 -0.466691 -6.13859e-05 0.987981 -0.154143 -0.0115657 0.988763 -0.149244 0.00857603 0.941878 -0.28324 0.18067 0.929411 -0.321393 -0.181387 0.871161 -0.393001 -0.294327 0.983116 -0.179414 -0.0359623 0.986186 -0.159512 0.0446448 0.914431 -0.30897 0.261445 0.982402 -0.184272 0.0304876 0.8717 -0.401079 0.281558 0.911138 -0.317784 -0.262375 0.985092 -0.167839 -0.0377318 0.967077 0.217652 -0.131872 0.93947 0.226204 -0.257348 0.999987 0.00498683 -0.000506148 0.999958 0.00914755 -0.00104243 0.874269 -0.37064 0.313496 0.946274 -0.274192 0.171416 0.93291 -0.315746 -0.173158 0.865679 -0.390743 -0.312921 0.415566 -0.086669 0.905425 0.0224933 0.0266983 0.99939 0.167478 -0.19374 0.966652 0.539583 -0.0851108 0.837619 0.0253653 0.0299716 -0.999229 0.165081 -0.190868 -0.967635 0.989452 -0.144861 -0.000744923 0.988013 -0.153917 0.0118129 0.929447 -0.321146 0.181643 0.941921 -0.282938 -0.180918 0.988803 -0.148969 -0.00882263 0.33806 -0.941113 0.00460587 0.446437 -0.803306 0.3942 0.724633 -0.689134 -0.00109104 0.331084 -0.943601 -0.00112549 0.866128 -0.390502 0.31198 0.851556 -0.392683 0.34735 0.851571 -0.392604 -0.347402 0.875279 -0.369612 -0.311887 0.978066 -0.20827 -0.00316375 0.778904 -0.627143 0.000130918 0.777726 -0.628603 -0.000563554 0.979403 -0.201913 -8.4187e-05 0.654067 -0.756437 -0.000271926 0.741895 -0.587333 -0.323469 0.915447 -0.289789 -0.279246 0.999955 -0.00947531 -0.000157062 0.939311 0.227383 0.256889 0.866082 -0.390819 -0.311708 0.875231 -0.369949 0.311623 0.868298 -0.045782 0.493926 0.92666 -0.0483391 0.37278 0.928207 -0.0474998 -0.36902 0.868235 -0.0468631 -0.493935 0.851506 -0.393031 -0.347079 0.851521 -0.392952 0.34713 0.865634 -0.391058 0.312652 0.874221 -0.370977 -0.313233 0.990121 -0.14021 -0.00116276 0.989748 -0.142819 -0.00147684 0.732488 -0.680779 -0.000806789 0.731951 -0.681358 -9.87316e-05 0.932875 -0.31599 0.172901 0.94623 -0.2745 -0.171166 0.991792 -0.123212 -0.034178 0.970849 -0.233735 -0.0531086 0.919139 -0.388421 -0.0656682 0.970639 -0.231008 -0.0670409 0.990164 -0.139906 0.000887279 0.957012 -0.290045 -0.00129776 0.970882 -0.233955 0.0515133 0.919248 -0.383818 0.08756 0.902211 -0.431241 0.00685508 0.987194 -0.159524 0.000628716 0.875496 -0.483224 -0.00054523 0.875189 -0.483781 -0.000322949 0.987308 -0.158818 -3.6592e-07 0.736886 0.596075 -0.318895 0.645211 0.764002 0.00198623 6.72108e-05 7.10306e-05 -1 0.392732 0.421795 -0.817221 -0.411195 0.396151 -0.820964 3.28363e-05 4.95506e-05 -1 0.939552 -0.228495 -0.255014 -0.3743 -0.822943 -0.427392 0.989715 -0.143048 0.00122828 0.86301 -0.0908708 -0.496946 0.924777 -0.0888418 -0.369992 0.990082 -0.140483 0.00141122 0.862486 -0.0907685 0.497874 0.924066 -0.0887014 0.371799 0.73682 0.593655 0.323528 0.691221 -0.41092 0.594439 0.795524 0.314387 0.517979 0.822443 -0.480208 -0.304941 0.80101 -0.311433 -0.511265 0.407928 -0.390073 -0.825493 -0.39353 -0.427018 -0.81412 0.803976 -0.0840415 0.588693 0.878878 -0.082107 0.469928 0.742095 -0.583101 0.330588 0.915299 -0.292291 0.277119 0.884387 -0.466754 -8.47525e-05 0.967618 0.217859 0.127489 0.442742 -0.802945 -0.399073 0.338353 -0.940998 -0.00632796 0.730508 -0.682903 0.00114692 0.87531 -0.483562 0.000209949 0.991633 -0.120417 0.0465209 0.91331 0.301827 0.273433 0.914196 0.289835 -0.283271 0.994857 -0.0717635 -0.0714862 0.99474 -0.0751095 0.0696524 0.96925 -0.0806091 0.2325 0.992652 -0.0776796 0.0927842 0.977945 -0.208833 0.003668 0.778697 -0.6274 -0.000671847 0.732391 -0.680884 0.000659643 0.685794 -0.727795 0.000855893 0.987207 -0.159444 -0.000557657 0.99905 -0.0417331 -0.0125743 0.998207 -0.0500961 -0.0327511 0.998125 0.0582208 0.0189025 0.998903 0.0449977 0.0129963 0.970733 -0.224725 0.0847179 0.998129 -0.0611049 0.00213578 0.999861 0.0166901 0.000119768 0.999872 -0.0159553 0.000873502 0.99828 -0.0540576 0.0226839 0.998104 0.0541044 -0.0293575 0.963455 0.261259 -0.0591537 0.948754 0.316004 -0.0026911 0.903859 0.427767 0.00739307 0.915428 0.397894 -0.0606057 0.992388 0.084401 0.0896794 0.99992 -0.0104524 0.0071701 0.998892 0.0464722 -0.00743771 0.999041 -0.0409444 0.0155398 0.963603 0.262198 0.0521651 0.989695 0.1354 0.0465916 0.966552 0.242637 0.0830981 0.915577 0.39332 0.0837691 0.999973 0.00365984 0.0064638 0.99251 0.0901309 -0.0824701 0.998056 0.0622455 0.00315756 0.966302 0.249336 -0.0639618 0.989813 0.138109 -0.0345783 0.994786 -0.0761117 0.0678826 0.994857 -0.0715282 -0.0717209 0.994893 -0.0712753 0.071471 0.994822 -0.0758564 -0.0676334 1 0.000997687 -0.000269586 1 0.000220135 0.000768983 1 0.00053018 -0.000252556 1 -0.000812605 -0.000155647 0.992843 -0.081088 -0.0876742 1 0.000303587 0.000224069 0.994893 -0.0715092 0.0712347 0.992838 -0.0778894 -0.0905863 0.969684 -0.0805498 -0.230706 0.994777 -0.0748497 -0.0694016 0.999983 -0.00572261 0.000860088 0.999999 -6.50395e-05 -0.00105101 0.999974 0.000757366 -0.00718573 1 3.23602e-05 -0.000492281 0.992664 -0.0820864 0.0887718 -0.500007 1.00839e-05 0.866022 -0.499999 1.09856e-05 0.866026 -0.866022 6.93295e-06 0.500006 -0.866025 7.57965e-06 0.5 0.5 5.54859e-06 -0.866025 0.499996 4.49512e-06 -0.866028 0.866024 4.826e-06 -0.500003 0.866026 5.08881e-06 -0.499999 1 6.61546e-06 2.91045e-06 1 7.00382e-06 -3.25193e-06 0.866025 7.04092e-06 0.5 0.866022 6.78508e-06 0.500006 0.5 7.25381e-06 0.866025 0.500006 6.53512e-06 0.866022 2.74639e-06 7.1246e-06 1 -3.26308e-06 6.76721e-06 1 -0.499997 2.71403e-06 -0.866027 -0.5 3.48628e-06 -0.866026 -2.2537e-06 5.04306e-06 -1 2.37255e-06 5.16917e-06 -1 -0.994165 0.0986337 -0.0436849 -0.994165 -0.0986336 -0.0436843 -0.866026 1.67869e-06 -0.5 -0.866024 1.09811e-06 -0.500001 0.729927 0.0914854 0.677375 0.681036 -0.093551 0.726249 0.566873 -0.208793 0.796907 0.799434 0.203052 0.565398 0.626786 0.25869 0.734996 0.681033 0.0935501 0.726252 0.56687 0.208784 0.796911 0.263055 0.593937 0.76029 0.626794 -0.258693 0.734988 0.633612 -0.367013 0.681057 0.19132 -0.875355 0.444015 0.263061 -0.593951 0.760277 0.68554 0.366342 0.62915 0.633612 0.367012 0.681057 0.191321 0.875355 0.444016 0.451236 0.872835 0.185864 0.685538 -0.366343 0.62915 0.727421 -0.261787 0.634292 0.750626 -0.604126 0.267567 0.451233 -0.872836 0.185864 0.729927 0.0914839 0.677375 0.727425 0.261785 0.634288 0.750634 0.604118 0.267564 0.799434 0.203049 0.5654 0.729925 -0.0914859 0.677377 0.681032 0.0935494 0.726253 0.566875 0.208782 0.796909 0.799432 -0.203054 0.565401 0.626803 -0.258696 0.734979 0.681035 -0.0935517 0.72625 0.566875 -0.208788 0.796907 0.263061 -0.593956 0.760273 0.626797 0.258694 0.734985 0.633609 0.367016 0.681057 0.191323 0.875358 0.444009 0.263059 0.59395 0.760278 0.685551 -0.366343 0.629137 0.6336 -0.367013 0.681067 0.191303 -0.875349 0.444035 0.451253 -0.87283 0.185846 0.685538 0.366347 0.629148 0.727416 0.26179 0.634297 0.750618 0.604135 0.267571 0.451231 0.872838 0.185862 0.727418 -0.261787 0.634295 0.707202 1.45071e-07 0.707011 0.707201 1.15187e-07 0.707012 0.750622 -0.60413 0.267569 -0.994163 0.0986437 0.0436896 -0.994166 -0.0986236 0.0436804 0.729925 -0.0914855 0.677378 0.799432 -0.203055 0.5654 -0.0284678 -0.112122 -0.993287 0.0348778 -0.0193966 -0.999203 -0.00391499 -1.62919e-07 -0.999992 -0.08908 -0.208737 -0.973906 -0.1245 -0.323702 -0.937932 -0.464678 -0.871046 -0.159227 -0.50071 -0.84705 -0.178312 -0.715789 -0.694271 -0.0750634 -0.705678 -0.70568 -0.0635163 -0.559507 -0.803212 -0.204457 -0.73299 -0.673168 -0.0978346 -0.66326 -0.720519 -0.202331 -0.761341 -0.636146 -0.125208 -0.124207 -0.417678 -0.900065 0.00174251 -0.000650764 -0.999998 0.00115455 -0.00249107 -0.999996 0.34534 0.420232 -0.839134 0.0371709 0.409266 -0.911658 -0.810758 -0.581258 -0.0693565 -0.869193 -0.494022 0.0211011 -0.0907622 -0.472363 -0.876718 0.107564 0.0518174 -0.992847 0.00145332 -0.00269454 -0.999995 -0.896735 -0.43614 0.0751549 -0.888643 -0.452707 0.0732807 -0.906954 -0.41246 0.0855072 -0.929368 -0.168765 0.328318 -0.934641 -0.00257943 0.355584 -0.879541 -0.471643 0.0629381 -0.000157309 0.314621 -0.949217 0 -1.62988e-07 -1 -0.948494 0.184951 0.257201 -0.949152 0.116833 0.292336 -0.490147 0.564268 0.664348 -0.467247 0.757107 0.456585 -0.592896 0.259596 0.762289 -0.447073 0.828855 0.336342 -0.790292 0.147481 0.594716 -0.941745 -0.0651017 0.329966 -0.928986 -0.289081 0.231122 -0.955916 -0.0923852 0.278727 -0.0709471 -0.485669 -0.871259 -0.121201 -0.870103 -0.477735 -0.382578 -0.75701 -0.529688 -0.663628 -0.619969 -0.418614 -0.846536 -0.470442 -0.249121 -0.891209 -0.451203 -0.0465078 0.0427301 -0.936706 -0.347498 -0.129159 -0.986398 -0.101673 -0.27595 -0.946595 -0.166759 -0.197732 -0.231883 -0.952435 0.0164726 -0.127195 -0.991741 -0.441399 -0.833451 -0.332455 -0.373339 -0.426706 -0.823735 -0.472836 -0.646697 -0.598506 0.125364 -0.968003 -0.217379 0.406045 0.219151 -0.887187 0.218832 0.112087 -0.969303 0.0147397 -0.119482 -0.992727 -0.0134202 -1.62906e-07 -0.99991 -0.0483254 -0.0268751 -0.99847 0.0745837 -0.215801 -0.973585 0.108421 -0.330025 -0.937725 -0.078642 0.147415 -0.985943 -0.0383071 0.0383068 -0.998531 0.0927732 0.187628 -0.977849 0.101993 0.253964 -0.961821 0.213959 0.344959 -0.913906 0.256003 0.399131 -0.88043 0.317572 0.492643 -0.810216 0.381839 0.556546 -0.737873 0.106156 -0.422428 -0.900158 -0.000550743 -0.000205796 -1 -0.0357899 0.40939 -0.911657 -0.344171 0.421187 -0.839135 -0.000620764 -0.00133945 -0.999999 0.331511 0.577024 -0.746421 0.416907 0.68696 -0.59521 0.0713951 -0.475101 -0.87703 -0.10698 0.0529096 -0.992852 -0.00085547 -0.00158616 -0.999998 0.0811743 -0.03948 -0.995918 0.148991 0.166618 -0.9747 0.316071 0.680335 -0.661244 0.402834 0.752106 -0.521595 0.250721 0.474278 -0.843919 0.239115 0.365254 -0.899674 0.00137861 -1.62988e-07 -0.999999 0.00159471 0.314621 -0.949216 0.219587 0.0428176 -0.974653 0.201169 0.257644 -0.945067 0.107438 0.42924 -0.896778 0.142672 0.665389 -0.732736 0.19726 0.864548 -0.462217 0.147081 0.272682 -0.950795 0.351458 0.752697 -0.556709 0.359373 0.411257 -0.837687 0.403683 0.714587 -0.571318 0.335746 0.296358 -0.894118 0.0513691 -0.486253 -0.872307 0.477741 0.400161 -0.782071 0.639665 0.554975 -0.531819 0.656206 0.714156 -0.243671 0.595866 0.801319 -0.0532158 0.499853 0.861545 0.0888041 0.259151 0.26683 -0.928247 0.257973 -0.952276 -0.163159 0.109225 -0.988778 -0.101919 -0.0183973 -0.142056 -0.989688 0.194967 -0.246757 -0.949262 0.426787 -0.843445 -0.326272 0.368368 -0.440907 -0.818478 0.463601 -0.659471 -0.591753 0.0292164 0.225596 -0.973783 -0.405379 0.220375 -0.887188 -0.218238 0.113207 -0.969307 0.0147407 0.119475 -0.992728 -0.0134152 -1.62906e-07 -0.99991 -0.0483061 0.026864 -0.998471 0.0745725 0.215799 -0.973586 0.108415 0.330021 -0.937727 -0.464678 -0.871046 0.159227 -0.705678 -0.70568 0.0635174 -0.715789 -0.694271 0.0750639 -0.50071 -0.84705 0.17831 -0.73299 -0.673168 0.0978338 -0.559508 -0.80321 0.204462 -0.76134 -0.636149 0.125204 -0.663263 -0.720515 0.202337 0.106176 0.422425 -0.900158 -0.000477061 0.000177958 -1 -0.0356987 -0.409399 -0.911657 -0.344101 -0.421244 -0.839135 -0.000588823 0.00127021 -0.999999 -0.869189 -0.494029 -0.0211091 -0.810757 -0.581259 0.0693555 0.0714217 0.4751 -0.877028 -0.106951 -0.0529637 -0.992853 -0.000834291 0.00154659 -0.999999 -0.896735 -0.43614 -0.0751554 -0.888642 -0.452708 -0.073288 -0.929366 -0.16877 -0.328322 -0.90695 -0.412467 -0.0855109 -0.934633 -0.00259068 -0.355605 -0.879539 -0.471645 -0.0629426 0.00145388 -1.62988e-07 -0.999999 0.00169146 -0.314621 -0.949216 -0.948487 0.184949 -0.257227 -0.949152 0.116833 -0.292337 -0.467246 0.757107 -0.456585 -0.490138 0.564234 -0.664383 -0.592895 0.259587 -0.762293 -0.447059 0.82883 -0.336422 -0.790285 0.147459 -0.594731 -0.94174 -0.065111 -0.329981 -0.92898 -0.289092 -0.231131 -0.95591 -0.0923918 -0.278747 0.0514002 0.486253 -0.872305 -0.121199 -0.870104 0.477734 -0.382588 -0.757 0.529696 -0.663628 -0.619969 0.418614 -0.846535 -0.470444 0.249121 -0.891206 -0.451209 0.0465085 0.0427328 -0.936709 0.347491 0.258022 0.952261 -0.163169 0.109283 0.988772 -0.101918 -0.0183946 0.142034 -0.989691 0.194966 0.246751 -0.949264 0.426803 0.843435 -0.326278 0.368364 0.440912 -0.818477 0.463599 0.659473 -0.591753 0.125364 -0.968002 0.217383 -0.405338 -0.220451 -0.887188 -0.218199 -0.113282 -0.969307 -0.0284712 0.112126 -0.993286 0.0348854 0.0194005 -0.999203 -0.00390831 -1.62919e-07 -0.999992 -0.0890853 0.208741 -0.973905 -0.124504 0.323706 -0.93793 0.0786418 -0.147415 -0.985943 -0.101991 -0.253966 -0.961821 -0.0927746 -0.187627 -0.977849 0.0383091 -0.0383092 -0.998531 -0.256001 -0.399135 -0.880429 -0.213956 -0.344962 -0.913906 -0.381842 -0.556543 -0.737873 -0.317566 -0.492649 -0.810215 -0.124187 0.417681 -0.900067 0.00174389 0.00065096 -0.999998 0.00115492 0.00249157 -0.999996 0.345337 -0.420234 -0.839134 0.0371718 -0.409267 -0.911657 -0.416908 -0.686959 -0.59521 -0.331508 -0.577026 -0.746421 -0.0907644 0.472361 -0.87672 0.107567 -0.0518116 -0.992847 0.00144904 0.0026863 -0.999995 -0.0811623 0.0394738 -0.995919 -0.14899 -0.166618 -0.9747 -0.402832 -0.752107 -0.521595 -0.316058 -0.680337 -0.661248 -0.250724 -0.474279 -0.843918 -0.239122 -0.365251 -0.899674 -0.000154188 -0.314621 -0.949217 -5.52354e-07 -1.62988e-07 -1 -0.219585 -0.0428177 -0.974653 -0.201167 -0.257643 -0.945067 -0.142672 -0.66539 -0.732736 -0.107438 -0.42924 -0.896778 -0.197244 -0.864541 -0.462238 -0.147081 -0.272682 -0.950795 -0.351467 -0.752697 -0.556702 -0.359357 -0.411258 -0.837693 -0.403666 -0.714594 -0.571322 -0.335695 -0.296364 -0.894135 -0.070996 0.485668 -0.871256 -0.47774 -0.400166 -0.782069 -0.639668 -0.554967 -0.531824 -0.656207 -0.714154 -0.243671 -0.595866 -0.801319 -0.0532153 -0.499869 -0.861537 0.088803 -0.259152 -0.266836 -0.928245 -0.129245 0.986387 -0.101672 -0.275949 0.946596 -0.166759 -0.197734 0.231885 -0.952434 0.0164738 0.127203 -0.99174 -0.441385 0.833461 -0.33245 -0.373341 0.426706 -0.823734 -0.472836 0.646697 -0.598506 -0.0292164 -0.225596 -0.973783 0.406043 -0.219154 -0.887187 0.218832 -0.112087 -0.969303 0.117059 0.359487 -0.925779 0.375603 0.464893 -0.801746 -0.430737 0.532318 -0.728768 -0.143687 0.390227 -0.909438 0.593917 0.349535 -0.724629 -0.711113 0.355748 -0.606433 0.602974 0.100492 -0.791406 -0.696251 -0.0524433 -0.71588 0.391649 0.0246563 -0.919784 -0.406817 -0.124762 -0.90495 0.124322 0.160097 -0.979241 -0.133407 0.107694 -0.985193 -0.142891 0.350016 -0.925781 0.114929 0.39965 -0.909434 -0.408415 0.436339 -0.801751 0.390919 0.562206 -0.72877 -0.617751 0.305444 -0.724629 0.683364 0.406527 -0.606423 -0.608678 0.0564058 -0.79141 0.698232 -0.00168597 -0.71587 -0.392375 -0.00390058 -0.919797 0.414817 -0.0948686 -0.904946 -0.135628 0.150632 -0.979242 0.125224 0.117104 -0.985193 0.725522 -0.602336 -0.33288 0.714725 -0.306981 -0.628435 0.0257217 -0.706637 -0.707109 0.152973 -0.5849 -0.796549 -0.10253 -0.800808 -0.59008 -0.679765 -0.65359 -0.332777 -0.690552 -0.358234 -0.628337 0.025719 -0.706564 -0.707181 -0.109994 -0.59444 -0.796582 0.160533 -0.791199 -0.590113 0.429535 -0.34173 -0.835895 -0.386137 -0.850502 -0.357134 -0.402808 -0.371363 -0.836561 -0.404301 -0.372739 -0.835229 0.4477 -0.819477 -0.357801 0.44631 -0.820771 -0.35657 </float_array>
          <technique_common>
            <accessor count="2672" offset="0" source="#meshId0-tangents-array" stride="3">
              <param name="X" type="float" />
              <param name="Y" type="float" />
              <param name="Z" type="float" />
            </accessor>
          </technique_common>
        </source>
        <source id="meshId0-bitangents" name="meshId0-bitangents">
          <float_array id="meshId0-bitangents-array" count="8016"> -0.00836885 -0.0226241 0.999709 0.00572054 -0.96004 0.279803 0.0821873 -0.925366 0.370057 0.47156 -0.0332723 0.881206 -0.206073 0.929313 -0.306449 -0.351064 0.870628 -0.344618 -0.22894 0.916522 -0.327985 -0.0948735 0.960804 -0.26049 -0.708611 0.189164 0.67977 -0.843222 -0.0225481 0.537092 -0.209435 -0.960553 0.182962 -0.243639 -0.943196 0.225878 -0.104522 0.976267 -0.189678 -0.196748 0.927805 -0.316966 -0.501473 0.00737424 -0.865142 -0.571067 -0.0270848 -0.820457 -0.530114 -0.0224461 -0.847629 -0.497999 -0.0182754 -0.866985 -0.909207 -0.0303013 -0.41524 -0.775761 -0.0286812 -0.630375 -0.168185 -0.922475 -0.347496 -0.339614 -0.869182 -0.359422 0.380586 -0.919607 0.0973546 0.377908 -0.911244 -0.163764 -0.0765444 -0.946061 -0.314817 0.343265 -0.938932 -0.0239954 0.25049 -0.940185 -0.230883 -0.23504 -0.957785 0.165541 -0.0831162 -0.925478 -0.36957 -0.0151139 -0.960518 -0.277806 0.121482 -0.940116 0.318472 0.284471 -0.918388 0.275026 0.999995 3.91412e-07 0.00330289 0.999928 -0.0115014 0.00346964 0.973078 -0.230397 0.00605429 -0.999995 -3.91424e-07 -0.00327826 -0.93367 0.358133 -0.000514135 -0.972256 0.23392 -0.000434732 0.926895 -0.375277 0.00566686 0.909158 -0.416429 0.00447819 -0.879999 0.294715 -0.372486 -0.862065 0.250957 -0.4403 -0.733842 0.678264 -0.0378669 -0.762505 0.275444 -0.58542 -0.399041 0.671614 -0.62426 -0.809813 0.248264 -0.53157 -0.262239 0.9108 -0.318863 -0.405554 0.911416 -0.0696142 -0.751382 0.495196 -0.436127 -0.00282919 -0.0227029 -0.999738 0.0174799 -0.95961 -0.280789 -0.813672 0.337057 -0.473635 -0.337001 0.813646 -0.47372 -0.230096 0.951703 0.203268 -0.43079 0.900131 0.0646917 -0.157338 0.955878 0.248076 -0.444011 -0.0332944 -0.895402 -0.799312 0.342625 -0.493668 -0.564465 0.822685 -0.0675962 0.370309 -0.894066 -0.252025 -0.0155026 -0.959516 0.281227 0.10595 -0.940389 -0.323176 -0.134053 -0.939716 -0.314584 0.615525 -0.780576 0.108766 0.882397 -0.124062 -0.453855 0.29091 -0.5982 0.746678 0.372953 -0.868948 0.325325 -0.861396 -0.251516 -0.44129 -0.879975 -0.294778 -0.372491 -0.46636 0.88412 0.0290002 0.972232 0.23402 0.000450527 0.999453 -0.0328598 0.00375588 -0.358159 -0.916652 0.1774 0.379943 -0.917326 0.118978 -0.489136 0.872127 0.0119008 -0.0585687 0.976376 0.207991 -0.185807 0.905914 -0.380521 -0.181017 0.960927 -0.209411 0.0417313 -0.938145 -0.343719 -0.0615745 -0.993684 -0.0938123 0.911853 0.352572 0.210278 0.867792 0.318598 0.381357 0.752925 -0.313056 0.578879 0.647649 -0.352145 0.675681 -0.909173 0.416417 -0.00144102 0.162154 -0.900466 0.403567 -0.0574843 -0.954603 0.292281 -0.127732 -0.958673 0.254227 -0.877624 0.313235 -0.362848 -0.766973 -0.320099 -0.556137 -0.630253 -0.352697 -0.691654 -0.909063 0.351978 -0.22297 -0.999452 -0.0329043 -0.00373597 0.746722 -0.386525 0.5413 0.82923 0.405693 0.384437 0.824745 0.345226 0.4479 0.812725 -0.291364 0.504565 -0.156579 -0.975565 0.154128 0.115012 -0.285518 0.951447 -0.791925 0.598574 0.120681 -0.47261 0.866758 -0.159278 -0.881623 0.285664 0.375682 0.606481 0.792981 0.0579897 0.639152 0.720758 0.268316 0.357489 -0.780588 0.512722 0.18995 -0.870064 0.454871 -0.640039 0.719876 -0.268569 -0.821099 0.354859 -0.44707 -0.850757 0.373174 -0.370073 -0.681201 0.731254 -0.0351222 0.675792 -0.205298 0.707926 0.221001 -0.875198 0.430335 -0.950964 0.205229 -0.231405 0.110021 0.976292 0.186414 0.203207 0.927686 0.313219 0.186939 0.905713 0.380443 0.180758 0.960982 0.209379 -0.485415 0.00264533 -0.87428 -0.257811 0.123962 -0.95821 -0.0674415 0.159234 -0.984935 -0.39875 0.782759 -0.477794 -0.286772 -0.918112 -0.273556 0.941639 0.19896 0.271533 -0.0486698 0.124075 -0.991078 0.218774 0.194118 -0.956272 0.563648 -0.705526 0.429575 -0.160384 0.886926 -0.433174 -0.214581 0.959128 -0.18447 -0.481861 -0.016048 -0.876101 -0.514014 -0.0026136 -0.857777 -0.029677 0.133853 -0.990557 -0.498799 -0.0333589 -0.866075 -0.831803 -0.0289854 -0.554313 -0.935146 -0.0311671 -0.352888 -0.0625286 -0.0227917 -0.997783 0.097581 0.230915 -0.968068 -0.185693 0.172189 -0.967403 -0.685498 0.415784 -0.597676 -0.480803 0.416369 -0.771664 -0.79973 0.369189 -0.473425 -0.209927 0.393485 -0.895042 -0.0238844 0.251863 -0.967468 -0.783492 -0.403332 -0.472719 -0.747079 -0.39321 -0.535966 -0.544242 0.0454912 -0.837694 -0.705888 -0.1989 -0.679824 -0.762525 -0.275361 -0.585433 -0.809809 -0.248221 -0.531597 -0.371808 -0.871805 -0.318927 -0.609969 -0.785688 -0.103112 -0.871603 -0.114826 0.476574 -0.325895 -0.621721 -0.712219 0.0906812 0.95944 0.26693 0.225312 0.915452 0.333439 -0.218289 0.194366 0.956332 -0.0414024 -0.938082 0.34393 0.206054 0.929436 0.306089 0.351082 0.870699 0.34442 0.157053 0.88743 0.433362 0.215466 0.958935 0.18444 0.0875688 -0.94864 0.303998 0.766395 -0.0284922 0.641738 -0.367072 -0.923417 -0.112068 -0.376978 -0.912754 0.157377 0.174037 -0.926813 0.33276 -0.107629 -0.94037 0.322677 0.341922 -0.87505 0.342602 -0.366918 -0.88579 0.284162 0.228674 -0.955899 -0.184299 0.357646 -0.915299 -0.185246 -0.381308 -0.92053 -0.0850238 -0.347118 -0.9378 0.00627951 0.909167 0.416428 0.00147155 0.933662 0.358154 0.000539176 -0.999928 -0.0114863 -0.00344237 -0.973084 -0.230372 -0.00603249 -0.926898 -0.37527 -0.00564572 -0.800948 -0.34214 -0.491348 -0.399078 -0.671568 -0.624286 -0.727594 -0.684712 -0.042148 -0.405554 -0.911416 -0.0696244 -0.751381 -0.49518 -0.436146 -0.262251 -0.910788 -0.318888 0.20956 -0.960556 -0.182804 0.857861 -0.0226683 -0.513381 -0.566099 -0.821678 -0.0661629 0.0613 -0.993717 0.0936417 -0.163679 -0.900474 -0.402933 0.056653 -0.954907 -0.29145 0.126271 -0.959085 -0.2534 0.932345 -0.031034 0.360235 -0.337027 -0.81363 -0.473729 -0.813676 -0.337025 -0.473651 0.945377 -0.0314834 -0.324456 -0.251885 -0.940137 0.229556 0.457831 0.873875 0.163502 0.779881 0.621486 -0.0744343 0.0225809 0.114863 0.993125 0.397422 0.783577 0.477559 -0.212405 -0.887263 -0.409449 -0.240444 -0.870644 -0.429146 0.138448 -0.977988 -0.156114 0.500348 0.00138821 0.865823 0.501114 -0.00986654 0.865325 0.0727151 0.172369 0.982345 0.0273749 0.123503 0.991967 0.0887829 -0.996048 -0.002483 0.223868 -0.945545 -0.236277 -0.909152 -0.41644 -0.00445231 0.218609 0.957569 -0.187806 0.430293 0.902172 -0.0305528 0.155272 0.961757 -0.225643 -0.0707417 -0.995135 0.0685661 -0.0144787 -0.9947 0.101799 0.0631396 0.977346 -0.202009 0.88372 0.28696 -0.36972 -0.121846 -0.287098 -0.95012 0.488654 0.870232 -0.0625562 -0.539022 -0.736791 -0.408159 -0.366836 -0.748023 -0.553075 0.486265 0.873636 -0.0175155 0.480946 0.416358 0.771581 0.212971 0.393246 0.894428 0.677499 0.173741 -0.714709 0.532483 -0.0166599 0.846277 0.570961 -0.0277251 0.820509 0.497861 -0.0332896 0.866618 0.0637237 -0.0227409 0.997708 0.934777 -0.0311151 0.35387 0.832423 -0.0288699 0.553389 0.515094 -0.00261091 0.85713 0.48215 -0.0160331 0.875942 0.185774 0.172413 0.967348 -0.0973873 0.231042 0.968057 0.799829 0.369243 0.473217 0.685629 0.415794 0.597518 0.483493 0.00169294 0.875346 0.257863 0.123985 0.958193 0.539608 0.0440155 0.840765 0.0201457 0.251639 0.967611 0.0689776 -0.9952 -0.069425 0.0134238 -0.994647 -0.102457 -0.0906427 -0.995882 0.0018012 -0.964788 -0.0321656 0.261055 -0.00836503 -0.0226509 0.999708 0.00571863 -0.960041 0.279802 0.0821846 -0.925368 0.370055 0.471544 -0.0332982 0.881213 -0.206079 0.929309 -0.306456 -0.351069 0.870632 -0.344602 -0.228944 0.91652 -0.327989 -0.0948879 0.9608 -0.260498 -0.708618 0.189238 0.679742 -0.843217 -0.0223664 0.537108 -0.209427 -0.960552 0.182977 -0.243643 -0.943196 0.225873 -0.104496 0.976276 -0.189648 -0.196753 0.927802 -0.316974 -0.501469 0.00754727 -0.865143 -0.571099 -0.0271433 -0.820432 -0.530158 -0.0225674 -0.847599 -0.497971 -0.0183072 -0.867001 -0.9092 -0.030331 -0.415252 -0.775752 -0.0287001 -0.630385 -0.168163 -0.922477 -0.347502 -0.339628 -0.869176 -0.359424 0.380575 -0.919607 0.0973918 0.377966 -0.91123 -0.163712 -0.0765296 -0.946064 -0.314811 0.343314 -0.938913 -0.0240373 0.250481 -0.94018 -0.230912 -0.235036 -0.957783 0.165561 -0.0831126 -0.925481 -0.369564 -0.0151138 -0.960518 -0.277806 0.12148 -0.94012 0.318461 0.284466 -0.918393 0.275015 0.999995 3.67667e-07 0.0033039 0.999928 -0.0114915 0.00347837 0.97308 -0.230388 0.00605213 -0.999995 -3.6768e-07 -0.00327745 -0.933679 0.358111 -0.000507161 -0.972267 0.233871 -0.000433831 0.926898 -0.375271 0.00566345 0.909157 -0.416428 0.00448354 -0.880026 0.29466 -0.372464 -0.862068 0.250955 -0.440296 -0.733828 0.678279 -0.0378689 -0.762543 0.275397 -0.585393 -0.399115 0.671548 -0.624285 -0.809827 0.248206 -0.531577 -0.262264 0.910777 -0.318908 -0.405557 0.911413 -0.0696387 -0.751382 0.49516 -0.436167 -0.00283031 -0.0226857 -0.999739 0.0174793 -0.95961 -0.280789 -0.813679 0.336992 -0.473671 -0.33705 0.813602 -0.473761 -0.230111 0.951695 0.203288 -0.430876 0.900085 0.0647574 -0.157356 0.955873 0.248084 -0.443996 -0.0332561 -0.895411 -0.799305 0.342639 -0.49367 -0.564444 0.822699 -0.0675999 0.370373 -0.894041 -0.252019 -0.015503 -0.959517 0.281224 0.105951 -0.940389 -0.323177 -0.134051 -0.939719 -0.314576 0.615488 -0.780609 0.108737 0.882524 -0.124168 -0.453579 0.290791 -0.598131 0.746779 0.372999 -0.868951 0.325262 -0.861389 -0.251527 -0.441297 -0.879972 -0.294782 -0.372495 -0.466354 0.884126 0.0289104 0.972245 0.233965 0.000463272 0.999452 -0.0328773 0.00377245 -0.358172 -0.916646 0.177407 0.380009 -0.9173 0.118975 -0.489164 0.872109 0.0119967 -0.0585167 0.976381 0.20798 -0.185807 0.905914 -0.38052 -0.181014 0.960932 -0.209387 0.0417314 -0.938144 -0.34372 -0.0615727 -0.993684 -0.0938136 0.91184 0.352545 0.210382 0.867795 0.318563 0.381379 0.752974 -0.313073 0.578805 0.647705 -0.352198 0.675599 -0.909173 0.416417 -0.00143566 0.162143 -0.900486 0.403527 -0.0573845 -0.954598 0.292319 -0.127669 -0.958646 0.254359 -0.877585 0.31321 -0.362966 -0.766931 -0.320132 -0.556176 -0.630284 -0.352682 -0.691634 -0.909095 0.351915 -0.222941 -0.999451 -0.0329068 -0.00374204 0.74668 -0.386553 0.541337 0.829252 0.405651 0.384433 0.824779 0.345145 0.4479 0.812754 -0.291223 0.504598 -0.156611 -0.975562 0.154115 0.115042 -0.285504 0.951448 -0.791932 0.598573 0.120643 -0.47258 0.86678 -0.159248 -0.881564 0.285702 0.375791 0.606502 0.792963 0.0579999 0.639167 0.720743 0.268318 0.357468 -0.780634 0.512667 0.189947 -0.870072 0.454857 -0.640104 0.719807 -0.268598 -0.821119 0.354807 -0.447073 -0.85074 0.373206 -0.370078 -0.681205 0.731249 -0.0351423 0.675981 -0.205251 0.707758 0.221034 -0.875194 0.430325 -0.950984 0.20519 -0.23136 0.110038 0.976283 0.186447 0.203209 0.927685 0.313221 0.186942 0.905716 0.380436 0.180758 0.960975 0.209414 -0.485349 0.00261453 -0.874316 -0.257854 0.123982 -0.958196 -0.0674456 0.159242 -0.984933 -0.398657 0.78282 -0.477771 -0.28677 -0.918111 -0.273559 0.941598 0.19889 0.271728 -0.0486253 0.124033 -0.991086 0.218774 0.194101 -0.956275 0.563616 -0.705562 0.429558 -0.160385 0.886928 -0.433168 -0.214593 0.959129 -0.184446 -0.481491 -0.0160601 -0.876304 -0.514885 -0.00267904 -0.857255 -0.0296875 0.133843 -0.990558 -0.498611 -0.0333231 -0.866185 -0.831803 -0.0290045 -0.554313 -0.935123 -0.0311961 -0.352947 -0.0625322 -0.0227747 -0.997783 0.09759 0.230893 -0.968072 -0.185678 0.172168 -0.96741 -0.68548 0.415776 -0.597702 -0.480803 0.416359 -0.771669 -0.799754 0.369199 -0.473377 -0.209913 0.393479 -0.895048 -0.0238808 0.25184 -0.967474 -0.783448 -0.403431 -0.472707 -0.747073 -0.393265 -0.535933 -0.544137 0.0454372 -0.837765 -0.70593 -0.198893 -0.679782 -0.762504 -0.275239 -0.585518 -0.809786 -0.248164 -0.531659 -0.37174 -0.871793 -0.31904 -0.610034 -0.785617 -0.103265 -0.871936 -0.115219 0.47587 -0.325574 -0.621692 -0.712391 0.090782 0.959414 0.266991 0.225309 0.915453 0.33344 -0.218285 0.194365 0.956334 -0.041405 -0.938078 0.343941 0.206178 0.929395 0.306131 0.351094 0.870698 0.344408 0.157062 0.887429 0.43336 0.215431 0.958933 0.184489 0.0875733 -0.94864 0.303997 0.766387 -0.0286208 0.641742 -0.367096 -0.923407 -0.112067 -0.37701 -0.91274 0.157383 0.174046 -0.926813 0.332754 -0.107627 -0.940368 0.322682 0.341915 -0.875054 0.3426 -0.366948 -0.885778 0.284158 0.22868 -0.955899 -0.184287 0.357639 -0.915303 -0.185242 -0.38134 -0.920517 -0.0850226 -0.347156 -0.937787 0.00627422 0.909172 0.416419 0.00145563 0.933677 0.358115 0.000531726 -0.999928 -0.0114753 -0.00344809 -0.973082 -0.230379 -0.00602376 -0.926899 -0.375268 -0.00564265 -0.800951 -0.342138 -0.491344 -0.399083 -0.671535 -0.624319 -0.727583 -0.684724 -0.0421541 -0.405583 -0.911403 -0.0696137 -0.751417 -0.495133 -0.436137 -0.262294 -0.910773 -0.318895 0.209568 -0.960555 -0.182798 0.857857 -0.0226858 -0.513387 -0.566103 -0.821675 -0.0661628 0.0613038 -0.993717 0.0936399 -0.163674 -0.900465 -0.402955 0.0567094 -0.954912 -0.291424 0.126305 -0.959098 -0.253334 0.932335 -0.0311505 0.360252 -0.337052 -0.81361 -0.473746 -0.813681 -0.336994 -0.473664 0.945374 -0.0315975 -0.324453 -0.25191 -0.94013 0.229559 0.457825 0.873881 0.16349 0.779812 0.621542 -0.0746872 0.0225368 0.114813 0.993131 0.397414 0.783577 0.477566 -0.212364 -0.887271 -0.409452 -0.240406 -0.870653 -0.429149 0.138353 -0.977995 -0.156157 0.50035 0.00136089 0.865822 0.501073 -0.00993103 0.865348 0.0727181 0.172385 0.982342 0.0273904 0.123488 0.991968 0.0887798 -0.996048 -0.00247758 0.223879 -0.945541 -0.236284 -0.909157 -0.41643 -0.00446822 0.218561 0.957572 -0.187847 0.430341 0.902151 -0.0305049 0.155122 0.961773 -0.225676 -0.0707344 -0.995137 0.0685532 -0.014459 -0.994703 0.101768 0.0629762 0.977368 -0.201953 0.883656 0.287104 -0.36976 -0.121776 -0.287126 -0.950121 0.4887 0.870208 -0.0625332 -0.539053 -0.73671 -0.408264 -0.36674 -0.748001 -0.553169 0.486363 0.873583 -0.0174401 0.480963 0.416359 0.77157 0.212961 0.393248 0.894429 0.677484 0.173887 -0.714688 0.532391 -0.0166687 0.846335 0.571004 -0.0275547 0.820485 0.497816 -0.0333155 0.866642 0.0637248 -0.0227674 0.997708 0.934744 -0.0312311 0.353948 0.832462 -0.0289983 0.553322 0.515052 -0.00264128 0.857155 0.481718 -0.0160835 0.876179 0.185915 0.172457 0.967313 -0.0973603 0.231064 0.968055 0.799853 0.369246 0.473173 0.685606 0.415793 0.597546 0.483377 0.00162698 0.875411 0.25792 0.124014 0.958174 0.539506 0.0440004 0.840832 0.0201478 0.251642 0.96761 0.0689799 -0.995199 -0.0694339 0.0134322 -0.994645 -0.102472 -0.0906433 -0.995882 0.00179823 -0.96478 -0.0321879 0.26108 -0.712808 -0.285453 -0.640641 -0.827172 -3.0435e-07 -0.561948 -0.838159 -2.33779e-07 -0.545425 -0.812203 -0.307158 -0.495964 -0.795225 -0.239813 -0.556873 -0.697988 0.531581 -0.479827 -0.816157 -1.92303e-07 -0.577831 -0.795868 -0.260193 -0.546712 -0.817497 -0.152939 -0.555255 0.372619 -0.927657 0.0246422 0.334205 -0.936236 0.108485 -0.334204 -0.936236 -0.108484 -0.372619 -0.927657 -0.0246419 -0.817644 -0.375087 -0.43677 -0.857535 0.355198 -0.372112 -0.749587 -0.541555 -0.380575 0.141308 0.929328 0.341146 0.260729 0.929538 0.260729 -0.260729 0.929538 -0.260729 -0.141308 0.929328 -0.341147 -0.835235 0.196729 -0.513498 -0.861822 0.0104412 -0.507104 -0.872347 0.118217 -0.474379 0.142006 -0.930394 0.337935 -0.142006 -0.930395 -0.337935 -0.322781 -0.9368 -0.134972 0.322781 -0.9368 0.134973 -0.83142 0.436636 -0.343642 -0.827 -2.44666e-07 -0.562201 -0.785133 0.291124 -0.546638 -0.821087 0.29725 -0.487297 -0.388466 0.915365 -0.105837 -0.520043 0.849165 -0.0920486 -0.686568 0.726012 -0.0391275 -0.319653 0.936721 -0.142745 -0.844079 -0.209476 -0.493611 -0.756831 0.412702 -0.506837 -0.413559 -0.895997 -0.161735 -0.262104 -0.922798 -0.282392 -0.388902 -0.905627 -0.1691 -0.23193 -0.840742 -0.489246 -0.660109 -0.462298 -0.592062 -0.380601 0.915156 -0.132788 -0.757882 0.413813 -0.504356 -0.769356 0.360158 -0.527615 -0.588658 0.802035 -0.101103 -0.277683 0.918085 -0.282864 -0.768309 0.413143 -0.48889 -0.310275 0.8403 -0.444551 -0.79248 0.369053 -0.485567 -0.895393 0.324972 -0.30441 -0.867478 0.0288148 -0.496641 -0.358232 0.864836 -0.35175 -0.873471 0.300961 -0.382714 -0.875006 -0.260915 -0.407783 -0.792474 -0.36905 -0.485579 -0.310272 -0.840292 -0.444567 -0.44654 -0.621563 -0.643632 -0.475845 -0.570653 -0.669273 -0.665535 -0.333161 -0.667883 -0.323487 0.908844 -0.263361 0.323487 0.908844 0.263361 0.201391 0.921698 0.331535 -0.201391 0.921697 -0.331535 0.365968 -0.924869 -0.10337 0.360099 -0.924792 -0.122833 -0.360099 -0.924792 0.122834 -0.365968 -0.924869 0.10337 0.294746 -0.929688 -0.220921 -0.294746 -0.929687 0.220922 -0.712804 0.285456 -0.640644 -0.827171 1.21244e-07 -0.561951 -0.83816 -3.22641e-08 -0.545425 -0.812197 0.307171 -0.495965 0.182119 -0.927358 -0.326864 -0.182119 -0.927358 0.326864 -0.272188 0.888466 -0.369517 0.382688 -0.923878 3.93601e-07 -0.382687 -0.923878 3.93602e-07 -0.425234 -0.905083 0 0.425235 -0.905083 -1.49012e-08 0.0742822 -0.922385 -0.379062 -0.0742848 -0.922385 0.379062 0.168803 -0.930468 0.32517 -0.168803 -0.930468 -0.32517 0.341149 0.929327 0.141312 0.372616 0.927658 0.0246412 -0.372617 0.927658 -0.0246408 -0.341151 0.929326 -0.141308 -0.175079 -0.937288 -0.301396 0.17508 -0.937288 0.301395 0.342787 -0.936993 0.0673857 -0.342787 -0.936993 -0.0673869 -0.151717 0.544705 -0.82479 0.638432 0.544703 -0.543785 -0.638433 0.544703 0.543785 0.151717 0.544705 0.82479 -0.790146 0.544706 -0.281007 0.790146 0.544706 0.281006 -0.857197 0.490258 0.157673 0.857197 0.490258 -0.157673 0.151723 0.544705 0.824789 -0.292039 0.490258 0.821194 0.292039 0.490258 -0.821194 -0.151723 0.544704 -0.824789 0.790146 0.544707 0.281003 -0.790146 0.544707 -0.281003 -0.836703 -9.18732e-08 -0.547657 0.797552 -0.268513 0.540197 0.867201 -0.318421 0.382845 0.904528 -2.09782e-08 0.426414 0.894453 -8.11779e-09 0.447162 0.853349 -0.278763 0.440553 0.851933 -0.296359 0.431719 0.886243 -4.82573e-08 0.463221 0.750114 0.54163 0.379429 0.874198 -0.207792 0.438863 -0.520047 -0.849163 -0.0920463 -0.588677 -0.802022 -0.101093 -0.769369 -0.360146 -0.527605 -0.785137 -0.291123 -0.546634 0.889554 -0.315548 0.330338 0.793545 -0.544677 0.271317 0.894228 0.370397 0.251321 -0.413526 0.896009 -0.161753 -0.262081 0.922801 -0.282401 0.880514 0.271833 0.388333 0.932643 0.0611847 0.355575 0.921365 -0.0495854 0.385524 0.334189 0.936242 0.108487 -0.334189 0.936242 -0.108487 0.88263 0.413825 0.222962 0.894944 4.6995e-08 0.446179 0.857085 0.268284 0.439805 0.607451 0.794307 0.00890726 0.429932 0.902741 -0.0147518 0.878365 0.301115 0.37122 0.363345 0.931248 0.0275122 0.763019 0.64591 -0.0245538 0.885787 -0.283114 0.367732 0.837421 0.360713 0.410625 0.507142 -0.857401 0.0875826 0.313462 -0.935683 0.161985 0.486396 -0.868116 0.0989626 0.742398 -0.464132 0.483143 0.26902 -0.886345 0.376857 0.458185 0.887959 0.0399476 0.677718 0.734481 0.0351603 0.842255 0.329909 0.426341 0.824492 0.401148 0.399116 0.825561 0.418131 0.378965 0.327586 0.92876 0.173469 0.335349 0.883614 0.326753 0.844796 0.388693 0.367746 0.94754 0.19038 0.256756 0.888988 -0.109943 0.444536 0.372162 0.898469 0.232913 0.902366 -0.328889 0.27851 0.916871 0.300316 0.262979 0.33535 -0.883611 0.32676 0.844795 -0.388691 0.367752 0.454469 -0.708077 0.540448 0.482944 -0.664957 0.569735 0.667281 -0.454519 0.590041 -0.388915 0.905625 -0.169083 -0.231931 0.840744 -0.489242 -0.660122 0.462304 -0.592043 -0.380603 -0.915156 -0.132782 -0.757882 -0.413815 -0.504353 -0.27768 -0.918092 -0.282845 -0.768312 -0.413155 -0.488876 -0.795239 0.239831 -0.556845 -0.697992 -0.531579 -0.479825 -0.816158 1.14522e-07 -0.577828 -0.795864 0.2602 -0.546714 -0.817638 0.375091 -0.436778 -0.857539 -0.355199 -0.372103 -0.749591 0.541554 -0.380567 0.325391 0.909375 0.259149 -0.844064 0.209455 -0.493645 -0.821087 -0.29725 -0.487298 -0.756835 -0.412699 -0.506833 -0.388467 -0.915365 -0.105834 -0.872345 -0.118218 -0.474383 -0.831426 -0.436635 -0.343629 -0.835236 -0.19673 -0.513496 -0.861819 -0.0104443 -0.507108 0.14131 -0.929326 0.341151 0.260728 -0.929539 0.260727 -0.260728 -0.929539 -0.260727 -0.14131 -0.929326 -0.341151 0.142009 0.930395 0.337933 -0.142011 0.930395 -0.337933 -0.322783 0.9368 -0.134969 0.322782 0.9368 0.134969 -0.817478 0.152921 -0.555288 -0.827002 7.75459e-08 -0.5622 0.903268 5.17515e-08 0.429077 -0.686565 -0.726015 -0.0391293 -0.319662 -0.936721 -0.142723 -0.895393 -0.32497 -0.30441 -0.867475 -0.0288185 -0.496645 -0.358232 -0.864838 -0.351746 -0.873474 -0.300961 -0.382709 -0.875006 0.260917 -0.407782 -0.446533 0.621568 -0.643632 -0.475842 0.570685 -0.669248 -0.665526 0.333099 -0.667922 -0.323487 -0.908844 -0.26336 0.323487 -0.908844 0.26336 0.201392 -0.921697 0.331536 -0.201391 -0.921697 -0.331536 0.365957 0.924874 -0.103367 0.360089 0.924797 -0.122829 -0.360089 0.924797 0.122829 -0.365957 0.924873 0.103367 0.294746 0.929688 -0.22092 -0.294746 0.929688 0.22092 0.182122 0.927356 -0.326869 -0.182122 0.927355 0.326869 -0.272193 -0.888468 -0.369507 0.382688 0.923878 -3.93604e-07 -0.382687 0.923878 -3.93604e-07 -0.425235 0.905083 1.49012e-08 0.425235 0.905083 0 0.0742814 0.922385 -0.379063 -0.0742859 0.922385 0.379062 0.168795 0.930471 0.325164 -0.168795 0.930471 -0.325164 0.341141 -0.92933 0.14131 -0.341141 -0.92933 -0.141309 -0.175086 0.937288 -0.301389 0.175087 0.937289 0.301388 0.342782 0.936996 0.067376 -0.342781 0.936996 -0.0673772 -0.151719 -0.544704 -0.82479 0.63843 -0.544705 -0.543787 -0.638429 -0.544705 0.543787 0.151719 -0.544704 0.82479 -0.790148 -0.544705 -0.281001 0.790148 -0.544705 0.281002 -0.857193 -0.490262 0.15768 0.857193 -0.490262 -0.15768 0.151717 -0.544704 0.82479 -0.292044 -0.490262 0.821191 0.292043 -0.490262 -0.82119 -0.151718 -0.544705 -0.82479 0.790147 -0.544705 0.281005 -0.790149 -0.544705 -0.281001 0.797551 0.268515 0.540196 0.867199 0.318436 0.382836 0.904528 9.79959e-08 0.426415 0.894452 1.60139e-07 0.447165 0.853359 0.278783 0.44052 0.851924 0.296364 0.431734 0.886245 1.54596e-07 0.463216 0.750119 -0.541628 0.379422 0.874179 0.20777 0.43891 0.889545 0.315557 0.330353 0.793549 0.544676 0.271308 0.894229 -0.370398 0.251315 0.880515 -0.271834 0.38833 0.93264 -0.0611873 0.355583 0.921357 0.0495741 0.385544 0.882633 -0.413824 0.222954 0.894947 1.49598e-07 0.446172 0.857084 -0.268283 0.439808 0.607437 -0.794318 0.00892341 0.429932 -0.902741 -0.0147491 0.878358 -0.301114 0.371238 0.363348 -0.931247 0.0275048 0.76302 -0.645908 -0.0245552 0.885759 0.283053 0.367848 0.837431 -0.360703 0.410613 0.507128 0.857408 0.0875896 0.313451 0.935689 0.161971 0.486413 0.868109 0.0989388 0.742408 0.464138 0.483122 0.269018 0.886346 0.376855 0.458193 -0.887955 0.0399337 0.677743 -0.734459 0.0351423 0.842271 -0.329894 0.426321 0.824494 -0.40115 0.39911 0.825558 -0.418141 0.378962 0.32758 -0.928764 0.173462 0.947541 -0.190376 0.256756 0.888985 0.109912 0.44455 0.372163 -0.89847 0.232908 0.902366 0.328891 0.278509 0.916871 -0.300316 0.262978 0.454459 0.708062 0.540477 0.482937 0.664985 0.569707 0.667281 0.454443 0.5901 0.325394 -0.909375 0.259144 1.72853e-06 0.499991 0.866031 1.99676e-06 0.499998 0.866027 3.32296e-06 0.866024 0.500003 3.03984e-06 0.866019 0.500011 -0.208198 0.824612 -0.525993 -0.361113 0.925778 -0.111944 -0.344406 0.891649 0.293849 -0.231139 0.910561 -0.342715 0.607703 -0.126093 0.78409 0.571985 -0.553808 0.605087 0.481283 -0.0315599 0.875997 0.405829 0.27826 0.87056 -0.69676 0.71554 0.050277 -0.824664 0.565452 -0.0139111 -0.702119 0.711869 -0.0164666 -0.644466 0.763808 0.0355216 -0.42442 0.824499 0.374257 -0.559529 0.555413 0.615178 -0.488265 0.0226288 0.872402 -0.418895 0.602396 0.679445 0.447193 -0.816798 0.364499 0.358261 -0.927014 -0.110881 0.309911 -0.913248 0.26445 0.361107 -0.654796 0.663961 0.245273 -0.812975 -0.528122 0.11353 -0.465979 -0.877482 0.0908625 -0.563566 -0.821059 0.169136 -0.905607 -0.388934 0.384963 0.919447 -0.0801376 0.505359 0.85766 -0.0950333 -0.0393759 0.998659 -0.0335979 -0.0354557 0.998743 -0.0354165 0.700543 0.710264 -0.0690293 0.822384 0.563887 -0.0755991 0.672002 0.730903 -0.119142 0.620338 0.777048 -0.106666 -0.68495 0.723663 -0.0845895 -0.536772 0.841528 -0.0608846 -0.412082 0.910129 -0.0430473 -0.632946 0.770935 -0.0709844 0.412078 0.910131 0.043057 0.53677 0.841528 0.0608939 0.68495 0.723662 0.0845986 0.632946 0.770934 0.0709941 -0.565873 0.824027 0.0277035 -0.437779 0.899059 0.00652395 -0.139549 0.594629 -0.791797 -0.129471 0.460676 -0.878075 -0.0308631 0.0211605 -0.9993 0.0166594 0.00348142 -0.999855 -0.407694 -0.279551 0.869274 -0.598978 0.124312 0.791057 0.286356 -0.852917 -0.4365 0.180338 -0.518641 -0.835757 0.388785 -0.918859 0.0674119 -0.53452 0.682653 0.498271 -0.375161 0.924686 0.0648799 1.09961e-06 1 3.54871e-06 -2.48289e-06 1 3.17565e-06 0.823798 0.564856 0.0478962 0.701756 0.711496 0.0362328 -0.268083 0.855999 -0.442037 -0.100547 0.51243 -0.852822 0.019087 -0.00328442 -0.999812 0.547552 -0.673954 0.495957 0.681958 -0.258586 0.684154 -0.647846 0.279633 0.70859 0.747424 0.126157 0.652259 -0.773576 -0.130655 0.620089 6.33299e-06 -0.866026 -0.5 6.82473e-06 -0.866022 -0.500005 5.41707e-06 -1 -4.63213e-06 5.15626e-06 -1 -5.84556e-06 7.18236e-06 0.5 -0.866025 7.13766e-06 0.500003 -0.866023 7.34687e-06 5.15155e-06 -1 7.3904e-06 -1.31893e-05 -1 1.63954e-06 -2.58921e-05 1 1.48426e-06 -5.16755e-07 1 4.28555e-06 1 3.25356e-06 4.89037e-06 1 4.43289e-06 3.20375e-06 -0.866026 0.499998 3.62098e-06 -0.866032 0.499988 8.20595e-06 -1.23624e-05 -1 7.67755e-06 5.43882e-06 -1 7.46548e-06 -0.499995 -0.866028 7.55489e-06 -0.499997 -0.866027 0.28775 0.675653 0.678744 -0.287861 0.678796 0.675553 -1.95348e-08 0.707127 0.707086 5.81145e-06 0.866027 -0.499998 6.00517e-06 0.866023 -0.500005 1.98185e-06 -0.5 0.866025 2.20537e-06 -0.500007 0.866021 -0.743727 0.473794 0.471582 -0.743727 0.471585 0.473791 -0.287856 0.675558 0.678793 0.287757 0.678746 0.675647 0.743735 0.473837 0.471527 0.743716 0.471642 0.473751 -0.633042 0.549953 0.544802 -0.633041 0.544806 0.54995 0.632607 0.549575 0.545689 0.633476 0.550331 0.543915 0.633 0.544888 0.549917 0.387553 0.841202 0.37707 0.396731 0.627331 0.67012 0.491402 0.0635599 0.868611 0.53642 0.575509 0.617287 0.300553 0.948108 -0.103722 0.313447 0.908056 0.277823 -0.204168 -0.824617 -0.527562 -0.333306 -0.935936 -0.113712 -0.289735 -0.921358 0.259138 -0.18029 -0.914416 -0.362408 -0.336931 -0.675845 0.655523 -0.423694 -0.830505 0.361587 -0.553969 -0.574101 0.602931 -0.483596 -0.0723576 0.872295 0.197989 0.915821 -0.349389 0.172977 0.83294 -0.525633 0.0681891 0.477843 -0.875795 0.118532 0.59417 -0.795558 -0.711965 0.625696 -0.318763 -0.827277 0.498454 -0.259146 -0.798586 0.552583 -0.238565 -0.753311 0.603189 -0.262079 0.00433955 0.848542 -0.52911 0.0160747 0.850552 -0.525646 -0.435504 0.694359 -0.572889 -0.400391 0.715911 -0.571978 -0.762006 0.459125 -0.456675 -0.646128 0.567843 -0.509973 -0.602286 -0.148023 0.784437 -0.41947 0.252748 0.871873 0.0157755 0.881344 -0.472212 0.00046286 0.881666 -0.471874 -0.399364 0.850616 -0.341996 -0.436728 0.838344 -0.326264 0.431752 0.740151 -0.515526 0.397193 0.765344 -0.506444 -0.0304317 0.00516445 -0.999523 0.0303991 0.0215933 -0.999305 0.421363 -0.253875 0.870632 0.594499 0.146112 0.79071 -0.786986 0.571617 -0.232181 -0.670409 0.678794 -0.299651 0.0186609 0.00384921 -0.999818 -0.0820126 -0.515813 -0.852767 -0.140794 -0.456404 -0.878563 0.386295 0.837039 -0.387483 0.428866 0.825017 -0.367996 0.638773 0.654493 -0.404485 0.761613 0.540898 -0.356896 0.757986 0.580542 -0.297368 0.708555 0.627282 -0.323213 0.763762 0.585142 -0.272537 0.640108 0.68469 -0.348514 0.255056 0.862741 -0.436606 0.161211 0.524804 -0.835818 0.355186 0.932368 0.0673274 -0.509178 -0.701688 0.49837 -0.341185 -0.93775 0.0649497 -0.0699053 -0.562434 -0.823882 -0.236895 -0.865208 -0.441924 0.522868 0.693349 0.495859 0.672279 0.283161 0.684003 -0.637034 -0.303062 0.70876 0.751672 -0.0989535 0.652072 -0.0579372 0.998318 0.00216993 -0.0322551 0.99948 -0.000462672 -0.0252069 0.865119 -0.500933 -0.0485962 0.865573 -0.498419 -0.00462348 -0.50381 -0.863802 -0.0238232 -0.00492531 -0.999704 0.000228814 0.000102359 -1 0.018867 -0.499397 -0.866168 0.0651417 -0.866563 0.494799 0.0378864 -0.999282 -0.000264092 0.0535925 -0.998538 -0.00709481 0.0748334 -0.871807 0.484099 0.0132274 -0.865047 -0.501517 0.0386738 -0.865376 -0.499629 0.0494023 -0.998778 0.00137465 0.0299896 -0.99955 -0.000639076 -0.0714732 0.866658 0.493756 -0.102116 0.507353 0.855667 -0.0723383 0.515951 0.853558 -0.043911 0.867464 0.495558 -0.0394269 0.495576 -0.867669 -0.0560991 0.8622 -0.503452 -0.0306145 0.86567 -0.499678 -0.0151743 0.500867 -0.865391 0.34268 -0.0451119 0.938369 0.105899 -0.507615 0.855051 0.101285 -0.523971 0.845693 0.202635 -0.074904 0.976385 -0.0622493 0.998051 -0.00448838 -0.0373692 0.999301 -0.000410359 0.0143816 -0.867396 -0.49741 0.0340738 -0.864822 -0.500921 -0.0179653 0.00119311 -0.999838 0.00527115 -0.000432185 -0.999986 0.021623 -0.498838 -0.866426 -0.00206882 -0.498511 -0.866881 -0.034082 0.500442 -0.865099 -0.0121785 0.498208 -0.866972 -0.0739348 0.492021 0.867438 -0.0273751 0.498409 0.866509 -0.0323002 0.865365 0.5001 -0.0647118 0.862099 0.502591 0.046949 -0.864 0.501299 0.0548594 -0.863123 0.502005 0.0511427 -0.495166 0.867292 0.0681047 -0.492834 0.867454 -0.352971 0.0464668 0.93448 -0.17905 0.0661868 0.981611 -0.041198 -0.00559427 0.999135 0.0107758 0.00149445 0.999941 0.0117232 0.00163107 0.99993 0.0526631 0.00726939 0.998586 -0.0172286 -0.496587 0.867816 0.0288928 -0.00645778 0.999562 -0.00631882 0.000260928 0.99998 -0.0151577 -0.499401 0.866238 -0.00649348 0.500935 -0.865461 -0.0114523 0.00187212 -0.999933 0.0111218 -0.00246621 -0.999935 0.0157045 0.496918 -0.867656 0.0244109 0.867801 0.496312 0.00762981 0.99997 -0.0013192 0.0288649 0.999563 -0.0064024 0.0442972 0.870045 0.490978 0.0253289 0.862904 0.504733 0.0155302 0.999873 0.00347046 0.00652946 0.999979 0.000269007 0.00829491 0.865825 0.500279 -0.030327 -0.868193 0.495298 -0.0521106 -0.507146 0.860283 -0.0292162 -0.505387 0.862398 -0.00329415 -0.866385 0.499366 -0.0161966 -0.497529 -0.867296 -0.0205064 -0.864121 -0.502866 0.00316995 -0.866374 -0.499386 0.00678783 -0.501294 -0.86525 0.300993 0.0507596 0.952275 0.0554147 0.507484 0.859877 0.0667902 0.511655 0.856591 0.13165 0.0291935 0.990866 -0.000718974 -0.500141 -0.865944 -0.00369989 -0.866434 -0.499278 -0.0100456 -0.866189 -0.499616 -0.00656598 -0.500224 -0.865871 -0.0251337 -0.999675 -0.0043577 0.00209009 -0.999998 0.000463851 -0.000770368 0.866073 -0.499917 0.0209642 0.8635 -0.503913 0.0101072 0.867108 -0.498018 0.00615813 0.501181 -0.865321 0.000399392 0.500014 -0.866017 0.00384712 0.866098 -0.499859 -0.00444244 -0.99999 0.000993195 -0.00641049 -0.86529 0.50123 -0.0130756 -0.865681 0.500424 -0.0122091 -0.999925 0.000503793 -0.0495097 0.859612 0.508543 -0.0546637 0.998401 0.014419 0.0164845 0.868425 -0.495546 0.0344948 0.999295 0.0147899 0.00261077 0.000581803 -0.999996 -0.00307224 -0.000126916 -0.999995 0.058506 0.00753437 0.998259 0.00407923 0.497681 0.86735 0.0367351 0.492537 0.869516 0.0103124 0.499606 0.866192 0.0311556 0.860132 0.509118 -0.00479342 0.495758 0.868447 0.0498594 -0.859532 0.508644 -0.00169154 -0.497546 0.867436 0.0510714 -0.00509527 0.998682 0.0107673 -0.496237 0.86812 -0.0139515 0.00311843 0.999898 -8.35934e-05 3.74763e-06 1 0.0432718 -0.866805 -0.496765 0.062699 -0.997926 0.0146132 -0.318869 -0.0539009 0.946265 -0.114338 -0.0253546 0.993118 -0.0276336 -0.860157 0.509281 -0.0252088 -0.999574 0.014699 -0.0589141 -0.00765186 0.998234 0.0209128 -0.495894 -0.868131 -0.0544412 0.867815 -0.493897 -0.0767368 0.994456 0.0718886 -0.0463991 0.989942 0.13365 -0.0286484 0.865299 -0.500436 -0.777692 0.102379 0.620253 0.738036 -0.317272 -0.595518 0.766184 -0.300338 -0.568119 0.754252 0.0274507 -0.656011 0.731929 0.0266136 -0.680861 0.754636 -0.56135 0.339723 0.774912 -0.540298 0.32801 0.766361 -0.618641 0.173133 0.738737 -0.64922 0.181053 0.698454 0.715655 -7.23212e-06 0.73039 0.68303 7.6384e-07 0.733588 0.595199 0.328003 0.709041 0.617133 0.341185 0.711629 0.37064 0.596833 0.742319 0.355244 0.568123 0.754247 0.027455 0.656016 0.731852 0.0266185 0.680943 0.742326 0.355239 -0.568117 0.711687 0.370607 -0.596785 0.738745 -0.649217 -0.181031 0.766362 -0.618642 -0.173123 0.774914 -0.540298 -0.328004 0.754678 -0.561316 -0.339684 0.0315039 -0.865451 -0.500002 0.0363774 -0.999338 1.80304e-06 0.0363773 -0.999338 1.76951e-06 0.0315028 -0.865452 -0.500001 0.76618 -0.300335 0.568126 0.737976 -0.317295 0.59558 0.733591 0.595199 -0.327998 0.709084 0.617093 -0.341169 -0.0363785 0.999338 5.62333e-06 -0.0315029 0.865456 -0.499994 -0.031504 0.865451 -0.500001 -0.0363773 0.999338 4.10341e-06 -0.0181933 0.499676 -0.866022 -1.8074e-06 5.78703e-06 -1 1.6947e-06 2.93301e-06 -1 -0.018193 0.499671 -0.866024 -2.05068e-06 -6.97273e-06 1 -0.0181884 0.499665 0.866028 -0.018189 0.499663 0.866029 -9.30636e-07 -6.27626e-06 1 0.0315029 -0.865452 0.5 0.0315043 -0.865453 0.499998 0.0181931 -0.499665 -0.866028 0.018193 -0.499668 -0.866026 -0.0315059 0.865449 0.500005 -0.0315063 0.86545 0.500005 0.0181929 -0.49966 0.86603 0.0181932 -0.499667 0.866027 3.83147e-06 6.01854e-07 1 1.31427e-06 -4.20658e-06 1 -0.0162816 -0.86843 -0.495545 -0.00927937 -0.499434 -0.866302 -0.00326081 0.000145562 -0.999995 0.00436003 0.499584 -0.866255 -0.00259814 -0.000207933 -0.999997 -0.0250631 0.495624 -0.868176 -0.0460495 0.00405027 0.998931 -0.043154 0.866811 -0.496766 0.0538207 -0.867863 -0.49388 0.0237061 -0.490476 -0.871132 0.0196359 -0.485805 -0.873846 0.0343635 -0.86502 -0.500559 -0.0040384 -0.000632764 -0.999992 0.00659134 0.000661796 -0.999978 -0.0278848 0.489968 -0.871295 -0.00827766 0.486727 -0.873515 0.0780935 -0.994334 0.0721205 0.0437087 -0.990029 0.133913 -0.0156682 -0.990942 0.133371 -0.00278614 -0.86611 -0.499846 -0.0245202 -0.870113 -0.492243 -0.0461624 -0.996338 0.0719768 -0.138382 -0.0416709 0.989502 -0.034702 -0.469294 0.88236 -0.0484141 -0.374903 0.925799 -0.103561 -0.0187418 0.994446 0.0432599 -0.369931 0.928052 0.0208954 -0.734753 0.678012 -0.016728 -0.822674 0.568267 0.0504038 -0.468212 0.882178 -0.0301832 0.735529 0.67682 -0.0446515 0.373893 0.926396 -0.0323307 0.465538 0.884437 0.0223037 0.822444 0.568409 0.0488085 0.473434 0.879476 0.149248 0.0462993 0.987715 0.106372 0.0239589 0.994038 0.0411302 0.376207 0.925622 -0.0340399 0.823083 0.5669 -0.00234322 0.735177 0.677871 0.00688139 0.866036 -0.499934 0.0105495 0.991085 0.132816 0.0482284 0.996251 0.0718199 0.0244834 0.870115 -0.492241 -0.0665908 0.0124988 0.997702 -0.119656 0.0319928 0.9923 0.0693328 -0.00796177 0.997562 0.133892 -0.0342466 0.990404 0.0385309 -0.821928 0.568287 -0.006305 -0.734686 0.678378 0.00462303 0.487714 -0.872991 0.00557077 0.495125 -0.868804 0.00700998 -0.000480678 -0.999975 -0.00377472 0.000464502 -0.999993 0.00627885 -0.488258 -0.872677 -0.00907289 -0.494819 -0.868949 5.43641e-06 1 -6.24737e-06 5.36249e-06 1 -4.92678e-06 3.09944e-06 0.866027 0.499998 3.42727e-06 0.866036 0.499981 2.01166e-06 -0.866016 0.500017 2.33948e-06 -0.866024 0.500003 4.91232e-06 -1 4.1947e-06 4.3742e-06 -1 3.01492e-06 8.65757e-06 -0.49999 -0.866031 8.29995e-06 -0.500004 -0.866023 8.47257e-06 -6.07788e-06 -1 8.6491e-06 3.35624e-05 -1 7.03335e-06 0.866029 -0.499994 7.51019e-06 0.866022 -0.500006 1.2219e-06 -0.499981 0.866036 1.14739e-06 -0.499998 0.866026 7.21216e-06 -0.866018 -0.500013 7.34627e-06 -0.866027 -0.499996 7.92742e-06 0.500006 -0.866022 8.06153e-06 0.499994 -0.866029 1.22221e-06 4.78354e-05 1 9.10843e-07 5.06787e-07 1 1.72853e-06 0.5 0.866025 2.13087e-06 0.500017 0.866015 8.91699e-06 3.33134e-05 -1 8.06626e-06 -5.72735e-06 -1 -8.83788e-05 -0.866041 -0.499973 -0.000160992 -0.500096 -0.86597 -0.000161707 -0.499903 -0.866081 -8.86917e-05 -0.866009 -0.500028 9.53376e-05 -0.86604 0.499976 9.68209e-07 -1 1.35133e-06 2.06886e-06 -1 1.39199e-06 9.48012e-05 -0.86601 0.500027 0.000191966 -6.38143e-05 1 0.000165001 -0.500097 0.865969 0.000164181 -0.499901 0.866083 0.000190409 6.27216e-05 1 -0.000185836 -6.30669e-05 -1 -0.000161693 0.499904 -0.866081 -0.000161424 0.500097 -0.86597 -0.000185814 6.20815e-05 -1 -0.722388 0.689256 0.0555149 -0.838962 0.54063 -0.0621393 -0.730337 0.678921 -0.0753213 -0.679192 0.732737 0.0423793 -0.298725 0.92957 0.216015 -0.387347 0.893405 0.227575 0.138281 0.984383 0.108945 0.131591 0.984153 0.118854 -0.714854 0.664504 0.217757 -0.822276 0.529887 0.207562 -0.601912 0.731947 0.319305 -0.569762 0.766001 0.297681 0.673969 0.716672 0.179297 0.529209 0.843365 0.0931264 0.419077 0.905033 0.0727251 0.637505 0.754552 0.155687 9.61721e-05 0.866009 0.500028 0.000164717 0.499901 0.866083 0.000164673 0.500098 0.865969 9.62913e-05 0.866041 0.499974 -0.419078 0.905032 -0.0727328 -0.52921 0.843364 -0.0931346 -0.673961 0.716672 -0.179326 -0.637501 0.75455 -0.155715 0.636387 0.770844 0.0284735 0.51737 0.853464 0.0626641 -8.96454e-05 0.866009 -0.500028 -8.89599e-05 0.866042 -0.499972 0.730952 0.679492 0.0632407 0.839335 0.540871 0.0545563 0.728231 0.684294 -0.0377155 0.688355 0.725259 -0.0128762 2.7944e-06 1 1.60604e-06 2.60244e-06 1 -3.37251e-07 9.36174e-08 1 -2.18795e-06 6.93001e-07 1 -1.96493e-06 -0.836406 0.538974 -0.0996615 -0.729255 0.677904 -0.0929192 -0.50143 -0.865198 -2.38419e-07 -0.708453 -0.705758 -2.83122e-07 7.46396e-14 -1 -7.23918e-07 -0.708454 -0.705757 -7.30157e-07 -0.501431 -0.865197 -7.59959e-07 0.501432 -0.865197 -1.01328e-06 0.708454 -0.705757 -8.9407e-07 0.708453 -0.705758 -1.49012e-07 0.50143 -0.865198 -3.27826e-07 1.45688e-06 -1 -9.56474e-07 0.757162 -0.653227 -4.04874e-07 -0.757162 -0.653227 -6.5469e-07 -4.3648e-07 -1 -4.19886e-07 -3.95134e-07 1 2.02452e-06 -1.34949e-06 1 2.19329e-06 -0.419079 0.905032 -0.0727274 -0.52921 0.843364 -0.0931298 0.000190003 -6.2549e-05 1 0.00019055 6.28128e-05 1 0.668274 0.718744 0.191878 0.836406 0.538974 0.0996554 0.729255 0.677904 0.092913 0.625733 0.758198 0.183287 -0.684877 0.712142 -0.154263 -0.642581 0.752696 -0.143309 0.534045 0.840854 0.0880907 0.4194 0.904916 0.0723239 1.99676e-06 0.49998 0.866037 2.35438e-06 0.499997 0.866027 3.47197e-06 0.866024 0.500003 3.68059e-06 0.866015 0.500019 0.389235 0.893 -0.225937 -0.143134 0.983258 -0.112768 -0.12632 0.985407 -0.114093 0.294662 0.92981 -0.220516 0.613811 0.730809 -0.298585 0.573625 0.765878 -0.290491 0.82002 0.528434 -0.21983 0.710522 0.660476 -0.242755 -0.641556 0.766279 -0.0349545 -0.512908 0.856611 -0.0560571 8.16584e-06 -0.86603 -0.499993 9.07481e-06 -0.866022 -0.500007 6.49906e-06 -1 -5.88216e-06 6.79012e-06 -1 -7.10508e-06 9.10461e-06 0.499991 -0.866031 9.49204e-06 0.500004 -0.866023 1.11613e-05 8.03096e-06 -1 9.80848e-06 -3.19577e-05 -1 1.40116e-06 -4.7123e-05 1 1.39404e-06 -1.28389e-06 1 4.94748e-06 1 4.19704e-06 5.44564e-06 1 3.73274e-06 2.87592e-06 -0.866027 0.499997 3.45707e-06 -0.866038 0.499979 1.11613e-05 -3.07001e-05 -1 9.81536e-06 6.8111e-06 -1 9.50694e-06 -0.499994 -0.866029 9.56655e-06 -0.500006 -0.866022 0.287723 0.667685 0.686595 -0.292931 0.689185 0.662733 0.210885 0.684705 0.697644 -0.206913 0.701719 0.681745 7.42078e-06 0.866027 -0.499997 7.58469e-06 0.866018 -0.500013 1.93715e-06 -0.500001 0.866025 1.92225e-06 -0.500018 0.866015 0.639447 0.549851 0.537374 0.639448 0.537378 0.549847 -0.730731 0.490715 0.474586 -0.730731 0.474589 0.490711 -0.206916 0.681749 0.701715 0.210883 0.69765 0.684699 -0.292924 0.662741 0.689181 0.287731 0.686598 0.667678 -0.638859 0.553149 0.534682 -0.640025 0.540055 0.546542 0.731148 0.492749 0.471827 0.730299 0.477351 0.488671 0.512691 0.593559 0.620351 -0.62796 0.569124 0.530815 0.51269 0.620356 0.593555 -0.627959 0.53082 0.56912 -0.517095 0.598657 0.611738 0.626425 0.567734 0.534106 0.653559 0.394564 -0.645895 0.653646 0.660046 -0.370252 0.751063 0.577098 -0.320722 0.750932 0.348716 -0.560802 -0.50826 0.588428 0.628827 0.629435 0.570462 0.527622 -0.510596 0.624384 0.591131 0.626075 0.534852 0.567418 0.653214 -0.34563 -0.673685 0.653414 0.0281327 -0.756477 0.750713 0.032393 -0.659834 0.750406 -0.292375 -0.592796 0.653675 0.756775 -3.99076e-06 0.751107 0.660181 -3.5173e-06 0.653646 0.660049 0.370247 0.751063 0.5771 0.320717 0.653559 0.394564 0.645895 0.750932 0.348716 0.560801 0.653415 0.0281367 0.756477 0.750713 0.0323961 0.659834 0.653215 -0.345627 0.673686 0.750406 -0.292374 0.592797 0.652955 -0.63121 0.418597 0.750011 -0.543898 0.376375 0.633177 -0.733044 0.248463 0.730668 -0.642214 0.231702 0.633177 -0.733046 -0.248457 0.652955 -0.631212 -0.418594 0.750011 -0.543901 -0.376372 0.730668 -0.642217 -0.231695 0.739388 0.477325 -0.474834 0.739374 0.474771 -0.477408 -5.58847e-08 0.707079 -0.707135 0.62481 0.554996 -0.549173 0.279997 0.680548 -0.677093 -0.279719 0.676949 -0.680806 -0.624147 0.548587 -0.556321 -0.739388 0.474831 -0.477328 -0.62536 0.549653 -0.553902 -0.739375 0.477405 -0.474774 -0.624754 0.555108 -0.549124 -0.279858 0.680675 -0.677023 0.27986 0.677019 -0.680679 0.624754 0.549121 -0.555111 0.0317493 -0.999477 0.00620535 0.0705879 -0.916206 0.394442 0.0710438 -0.945163 0.318779 0.0287267 -0.999224 -0.0269642 -0.072818 0.892875 -0.444378 -0.0758113 0.926791 -0.367847 -0.0307272 0.711005 -0.702515 -0.0398105 0.679628 -0.732476 0.160024 -0.513097 0.843282 0.216065 -0.334265 0.917378 0.192615 0.0376466 0.980552 0.199684 -0.187432 0.961767 -0.103987 0.989777 -0.0976074 -0.10177 0.994609 0.0198907 -0.216876 0.554719 0.803275 -0.280088 0.316177 0.906412 -0.200267 0.664551 0.719906 -0.177774 0.803759 0.567774 -0.117443 0.959812 -0.25489 -0.11043 0.980379 -0.163286 -0.252629 0.887395 -0.385628 -0.0776484 0.751457 -0.655196 -0.0974733 0.948468 -0.30151 -0.106516 0.993355 0.0435844 -0.0893526 0.99597 0.00770159 0.0106938 0.363156 -0.931667 0.0540021 0.378454 -0.924044 0.135971 0.0437201 -0.989748 -0.00405125 0.000889354 -0.999991 -0.0492165 0.998699 -0.0133161 -0.0627932 0.997939 -0.0132464 -0.00679727 0.994928 0.10036 -0.0159962 0.999725 0.0171695 -0.308677 0.294511 0.904423 -0.303457 0.542246 0.783507 -0.129323 0.826521 0.54785 -0.188928 0.690784 0.697942 0.260288 -0.527017 0.809014 0.0790454 -0.834676 0.54504 -0.098014 -0.952761 0.287472 0.0241806 -0.747336 0.664006 0.210444 -0.520318 0.827637 0.386877 -0.207379 0.89851 0.253676 -0.309869 0.916313 0.132891 -0.707524 0.694081 -0.222949 -0.428198 -0.875751 -0.048418 -0.689156 -0.722993 0.146207 -0.933315 -0.327944 -0.043893 -0.801815 -0.595958 -0.20301 -0.322897 -0.924405 -0.169991 0.0373027 -0.984739 -0.298881 -0.0961051 -0.949439 -0.265536 -0.405584 -0.874638 -0.0469857 0.771255 0.63479 0.056866 0.955833 0.288357 -0.430813 0.230931 0.872394 -0.238697 0.590172 0.771181 -0.281056 -0.061673 0.957708 0.0119435 -0.947584 -0.319283 -0.0396684 -0.878311 -0.476441 0.111658 -0.908723 -0.402188 0.0153324 -0.988173 -0.152576 0.0226704 -0.99972 0.006769 0.128544 -0.856044 0.500665 0.175407 -0.803093 0.56945 -0.0583902 -0.997155 0.0476695 0.226049 0.0496044 0.972852 0.011281 -0.942166 -0.334956 -0.0902196 -0.714319 -0.69398 -0.087179 0.585518 -0.805958 0.191113 0.291907 -0.937159 -0.0753515 0.739776 -0.66862 -0.0739494 0.969065 0.235467 -0.100975 -0.877339 -0.469127 -0.0676787 -0.821113 -0.566738 -0.107065 -0.805327 -0.583083 -0.123548 -0.798479 -0.58921 0.1402 -0.987072 -0.077665 0.0881299 -0.995954 0.0175892 0.0320067 -0.756293 -0.65345 -0.0812535 -0.84889 -0.522286 -0.156106 -0.726987 -0.66867 -0.167993 -0.748223 -0.641826 -0.132336 0.917786 0.374374 -0.0659827 0.996435 -0.0525782 -0.0187642 0.999824 -1.62892e-07 0.00333579 0.999994 -1.62952e-07 0.0613941 0.997942 0.0185069 -0.201345 0.901758 0.382482 0.0038734 -0.756674 0.653781 0.00319988 -0.999995 1.64392e-07 0.122639 -0.842105 0.525185 0.102706 -0.893259 0.437652 0.123784 -0.886426 0.446011 0.157488 -0.814763 0.557995 -0.00438201 0.378847 -0.925449 0.0129157 0.380316 -0.924766 -0.0135325 0.0026452 -0.999905 0.0306677 0.0287857 -0.999115 -0.013022 -0.928444 -0.371245 -0.00555439 -0.923449 -0.38368 -0.139036 0.957123 0.254136 -0.126477 0.906712 0.402338 -0.055114 -0.741663 -0.668504 -0.0574371 -0.697957 -0.713833 -0.254405 0.238796 0.937153 -0.257995 -0.0504235 0.96483 -0.184507 -0.960366 -0.208935 -8.09078e-10 -0.979223 -0.202789 -0.489982 -0.848849 -0.198425 -0.124947 0.934347 0.333743 -0.0974156 0.992809 0.0695767 0.171165 0.732743 0.658628 0.249159 0.683558 0.686053 -1.02818e-06 -0.59515 0.803615 -9.83477e-07 -0.349806 0.936822 -2.0481e-07 1.62921e-07 1 0.036303 0.99818 0.0481545 -0.033723 0.999431 -1.62828e-07 -0.0275568 0.99962 -1.63126e-07 3.12924e-07 -0.595148 0.803616 4.17233e-07 -0.710979 0.703213 4.17233e-07 0.710979 0.703213 6.85453e-07 0.595148 0.803616 2.73644e-08 1.62921e-07 1 0.0398156 0.9369 0.347322 0.0341405 0.920766 0.388618 0.0986625 0.689889 0.71716 0.0831428 0.757678 0.647311 0.496333 -0.854333 -0.154169 0.200549 -0.961428 -0.188245 0.114785 -0.774473 0.622106 0.135239 -0.68167 0.719053 0.658479 -0.740679 -0.133416 2.68221e-07 -0.349804 0.936823 -2.98023e-08 0.349804 0.936823 -0.0979226 -0.464745 -0.880013 -0.124548 -0.357091 -0.925729 0.396686 -0.61805 0.678716 0.485156 -0.49223 0.722726 -0.188786 0.733677 0.652747 -0.0226913 0.747379 0.66401 -0.396733 0.618075 0.678665 -0.322312 0.699419 0.637909 0.281236 -0.691126 0.665772 0.651481 -0.738617 -0.173254 0.721064 -0.676824 -0.148241 -0.516066 0.52359 0.677886 0.000576869 0.721109 0.692821 0.369648 0.603558 0.706455 0.0368404 -0.999207 0.0151232 0.0666229 -0.930452 0.360305 0.489982 -0.848849 -0.198424 -0.197777 -0.734057 0.64965 0.0630018 -0.996793 0.0493327 0.0950381 -0.953684 0.285403 -0.282713 -0.691452 0.664806 -0.719687 -0.681319 -0.133624 -0.658478 -0.74068 -0.133416 -0.112056 0.0219012 -0.993461 -0.135941 -0.127601 -0.982465 -0.721064 -0.676824 -0.148241 0.719687 -0.681319 -0.133624 -0.496333 -0.854333 -0.154169 -0.200549 -0.961428 -0.188245 0.184508 -0.960366 -0.208935 -0.651481 -0.738617 -0.173254 1.85147e-06 -0.538336 -0.84273 7.06315e-06 -0.388145 -0.921598 4.48601e-06 -1.6292e-07 -1 1.56873e-06 -2.92043e-07 -1 4.60825e-13 0.747571 0.664181 -1.68856e-07 -1.71287e-07 -1 -5.83008e-07 -0.735413 -0.67762 -2.29478e-06 -0.711438 -0.702748 1.04308e-06 -0.596033 -0.80296 4.58956e-06 -0.350332 -0.936626 5.56755e-07 3.76459e-07 -1 4.03883e-07 -1.71287e-07 -1 -1.30848e-07 -3.26076e-07 -1 6.52671e-06 0.380763 -0.924673 -2.98023e-07 0.547167 -0.837023 -0.142744 -0.731139 -0.667128 -0.0338972 -0.736065 -0.676062 0.892123 0.392668 0.223445 0.806046 0.524764 0.273702 0.879044 -0.19903 0.433207 0.9383 0.0391299 0.343602 -0.771603 0.577813 -0.266009 0.771135 0.558777 0.305152 0.711875 0.610022 -0.348005 -0.632781 0.702684 0.325306 2.62141e-07 -1.62921e-07 -1 -1.38581e-06 0.538334 -0.842732 5.51343e-07 0.388137 -0.921602 2.96497e-06 -1.62921e-07 -1 0.935842 0.234211 0.263335 -3.97861e-06 -0.542377 -0.840135 -5.70714e-06 0.656044 -0.754722 -5.96046e-08 0.410431 -0.911892 -2.42144e-06 -0.261262 -0.965268 0.0452959 0.57123 -0.819539 0.13876 0.487343 -0.862115 4.06802e-06 -0.463992 -0.885839 -1.35601e-06 -0.151651 -0.988434 -1.86265e-06 0.202301 -0.979323 2.563e-06 0.606416 -0.795147 3.37511e-06 0.732445 -0.680826 2.75671e-06 -0.624212 -0.781255 -0.44112 -0.4507 -0.776069 -0.351639 -0.595523 -0.72229 -1.90549e-06 0.0608414 -0.998147 1.18301e-06 -0.00154442 -0.999999 8.34465e-07 0.240573 -0.970631 0.335883 0.343177 -0.877162 9.38773e-07 -0.57513 -0.818062 -1.72853e-06 0.533071 -0.846071 -8.62777e-06 -0.240093 -0.97075 9.62615e-06 0.618761 -0.785579 3.45707e-06 0.321849 -0.946791 -0.732501 0.679045 0.0483732 0.732501 0.679045 -0.0483754 0.857201 0.490254 -0.157663 -0.830635 0.535449 0.152777 0.592204 0.62838 -0.504413 -0.592204 0.62838 0.504413 -0.25556 0.646766 0.718598 0.25556 0.646766 -0.718598 -0.732942 0.628373 -0.26066 0.732943 0.628373 0.260657 -0.634562 0.751485 -0.180556 0.634567 0.751485 0.180539 0.518052 0.743393 0.42307 -0.518036 0.743393 -0.42309 -0.26675 0.605164 0.750081 0.292041 0.490253 -0.821197 -0.151727 0.544702 -0.82479 0.105405 0.612874 0.783119 0.64797 0.75228 -0.119209 -0.647974 0.75228 0.119183 0.136846 0.750385 0.64668 -0.167254 0.627769 -0.760219 -0.781965 0.503438 -0.367533 0.723193 0.53989 0.430709 -0.493127 0.761853 0.420008 0.493111 0.761852 -0.420026 -0.427217 0.752281 -0.501557 -0.117197 0.761852 -0.63706 0.117167 0.761853 0.637066 0.427199 0.752281 0.501572 0.220753 0.752281 -0.620758 -0.220776 0.752279 0.620753 0.537472 0.679043 0.500024 -0.537476 0.679043 -0.50002 -0.732944 0.628373 -0.260655 0.732942 0.628373 0.26066 -0.668838 0.743408 0.000940297 -0.606073 0.751471 -0.260703 0.606063 0.751471 0.260726 0.668838 0.743408 -0.000915298 -1.68383e-06 0.261261 -0.965268 -9.38773e-07 -0.297595 -0.954692 0.506653 0.713433 -0.484062 0.122443 0.985145 -0.120401 0.00244764 -0.747569 0.66418 0.200814 -0.73417 0.648589 0.653637 0.756786 -0.0058838 0.784032 -0.464456 0.411794 -0.00901404 -0.978593 0.205607 0.704904 0.652552 0.278005 0.637111 -0.727486 0.254663 0.748161 -0.573599 0.333525 0.813896 -0.486467 0.317683 0.668188 -0.696118 0.262574 0.75515 0.58417 0.297481 0.87006 0.356994 0.339928 0.615225 -0.749864 0.243316 0.723565 0.628141 0.286169 0.931578 -0.025065 0.362675 0.931306 0.0338431 0.362662 0.747707 -0.597786 0.289113 0.658018 0.708608 0.25473 0.793198 0.525237 0.308161 0.858267 -0.390229 0.333317 -0.000284491 1 -5.57757e-05 0.000206956 1 -0.000194385 -0.0283971 -0.912898 -0.407199 -0.0222235 -0.925305 -0.378572 0.0260996 -0.703249 -0.710465 0.00677289 -0.71157 -0.702583 -0.0624855 -0.996321 -0.0586515 -0.0527468 -0.998555 0.0103092 -0.180187 -0.528153 0.829811 -0.217116 -0.333984 0.917232 -0.145328 -0.679226 0.719397 -0.139596 -0.786678 0.601375 0.196997 0.48708 0.85085 0.465872 0.472668 0.748029 -0.0293124 -0.752843 0.657547 -0.22792 -0.563527 0.794034 -0.500096 -0.507388 0.701756 -0.376267 -0.60717 0.699834 0.0737176 -0.351526 -0.933271 0.112672 -0.396942 -0.910902 0.193357 -0.0621726 -0.979157 0.0555592 0.0121913 -0.998381 -0.280528 -0.302534 0.910921 -0.272089 -0.531298 0.802303 -0.088318 -0.835942 0.541665 -0.16806 -0.698303 0.695793 0.223564 0.513143 0.828676 0.0491275 0.814684 0.577821 0.350871 0.18808 0.917341 0.211043 0.320902 0.9233 0.0940709 0.714575 0.693205 -0.238659 0.432548 -0.869451 -0.0578086 0.69781 -0.713946 0.123519 0.930846 -0.343901 -0.0675898 0.792419 -0.606221 -0.222122 0.318107 -0.921667 -0.188161 -0.0412893 -0.98127 -0.313695 0.100869 -0.944151 -0.0295641 0.938415 -0.344242 0.0111537 0.969618 -0.244368 -0.00193302 0.999998 -0.000166791 -0.00089986 1 -0.0003684 -0.27301 0.417004 -0.866933 -0.399731 -0.214268 0.891237 -0.242925 0.0533056 0.968579 0.00436385 0.99999 -0.000920716 -0.0143296 0.99989 0.00387683 -0.0566459 0.997643 0.0387207 -0.0584629 0.990921 0.121065 -0.0133942 0.970357 0.241306 0.0284665 0.938575 0.343899 0.184751 -0.0405406 0.981949 0.0626782 0.989774 -0.12814 0.0422396 0.998432 -0.0367373 -0.111456 0.710743 -0.694566 -0.0475542 -0.626576 -0.777908 0.224133 -0.342343 -0.91245 -0.0163499 -0.732198 -0.680896 -0.0269283 -0.776065 -0.630078 -0.218123 -0.916285 -0.335923 0.105599 0.991637 -0.074196 -0.0365126 -0.999294 0.00881275 -0.0587768 -0.951549 0.301826 -0.105274 -0.893674 0.436193 -0.0909808 -0.957227 0.27466 -0.0680059 -0.992025 0.106117 0.361564 0.932209 0.0160372 4.02723e-09 0.999997 -0.00231658 0.00233648 0.999995 -0.00219326 -0.0393088 0.936752 -0.34778 -0.0342482 0.920754 -0.388636 -0.0210247 -0.987503 -0.156192 -0.079881 0.755868 -0.649832 -0.0835806 0.692986 -0.71609 -0.361582 0.932203 0.0160132 4.04953e-09 0.999997 -0.00234215 -0.00236276 0.999995 -0.00221796 -0.0989899 -0.95109 0.292626 -0.0821044 -0.914498 0.396172 -0.358001 0.933502 -0.0202202 -0.589496 0.807388 -0.0248635 -1.06581e-12 -0.747571 0.664182 -4.02331e-07 -0.710979 0.703213 -0.0406608 -0.946906 -0.31893 0.0371488 -0.877742 -0.477691 0.0784113 -0.816312 -0.572264 -0.0714983 -0.997015 0.0291242 -0.0603876 -0.945989 -0.318523 -6.55651e-07 0.595149 0.803616 -4.47035e-07 0.710979 0.703213 0 2.51339e-06 1 1.49012e-07 0.349806 0.936822 0.127345 0.488019 0.863493 0.177385 0.344339 0.921936 0.153271 -0.0299557 0.98773 0.165638 0.155476 0.973854 0.0440713 0.00861305 -0.998991 0.0703812 -0.368985 -0.926767 0.59138 0.806117 0.0210921 1.56368e-07 7.25431e-08 1 -1.13687e-13 2.51339e-06 1 0.0436995 -0.420167 -0.906394 0.0799124 -0.0750095 -0.993976 -0.216843 0.0423803 0.975286 0.695156 0.718655 -0.0171373 0.729075 0.684344 -0.0111174 0.589486 0.807395 -0.024882 1.12846e-07 1.167e-07 1 -0.695923 0.717987 0.0136287 -0.591391 0.80611 0.0210683 -0.148195 0.351526 -0.924374 -0.135091 -0.0264032 -0.990481 -0.121072 0.483111 -0.867148 -0.159098 0.149337 -0.975903 -0.729098 0.684365 0.0077343 0.695917 0.717992 0.0136496 0.729098 0.684365 0.0077512 -0.0948199 -0.924749 0.368577 0.357979 0.93351 -0.020243 -0.695158 0.718653 -0.0171204 -0.729075 0.684343 -0.0110994 -0.216452 -0.203171 0.954919 -1.01328e-06 0.350338 -0.936624 5.25375e-07 4.49222e-07 -1 5.96046e-08 0.596034 -0.802959 -3.38538e-07 1.3319e-06 -1 -1.72853e-06 -0.380756 -0.924676 -1.78814e-06 -0.547167 -0.837023 0.892093 -0.392713 0.223489 0.806163 -0.524724 0.273432 0.878859 0.198568 0.433794 0.936026 -0.0290345 0.350731 1.27405e-06 -0.618763 -0.785578 0.935744 -0.234369 0.263544 -0.167251 -0.62777 -0.760219 0.136857 -0.750385 0.646678 -0.0016004 -0.999786 0.0206121 0.0523638 -0.73274 -0.678491 -0.632389 -0.702697 0.326038 -0.771202 -0.57777 -0.267263 0.770713 -0.558785 0.306204 0.711484 -0.610017 -0.348813 -0.240119 0.682338 -0.690477 -0.154293 0.732039 -0.663561 -0.448673 0.458419 -0.767167 -0.360544 0.600549 -0.713687 0.103008 -0.59955 -0.793681 0.187659 -0.521681 -0.832246 0.374571 -0.382705 -0.844531 1.34669e-06 0.735412 -0.67762 -3.8743e-07 -0.240574 -0.970631 8.62777e-06 -0.321838 -0.946795 -1.10269e-06 0.240101 -0.970748 -5.21541e-07 0.711438 -0.702749 1.49757e-06 -0.732444 -0.680827 7.59959e-07 0.624213 -0.781254 2.80142e-06 0.463986 -0.885842 2.39909e-06 -0.606417 -0.795146 8.73208e-06 0.542371 -0.840139 4.70877e-06 -0.656039 -0.754727 -8.24034e-06 -0.410438 -0.911888 -5.67734e-06 0.261264 -0.965267 0.732943 0.628373 0.260656 -0.732944 0.628373 -0.260656 -0.732503 0.679043 0.048382 0.732502 0.679043 -0.048382 -0.518039 -0.743393 -0.423088 0.518052 -0.743393 0.423071 0.565171 0.629557 -0.533141 -0.638432 0.544703 0.543786 -0.292042 0.49026 0.821192 0.271544 0.585874 -0.763554 0.140733 0.628379 0.765071 -0.14073 0.628378 -0.765072 -0.494535 0.646769 -0.580625 0.494541 0.646769 0.58062 -0.047828 0.736087 -0.675195 -0.634562 -0.751485 -0.180557 0.634567 -0.751485 0.18054 0.723198 -0.53989 0.430702 -0.781964 -0.503438 -0.367536 -0.668838 -0.743408 0.000937585 0.668838 -0.743408 -0.000916193 0.606065 -0.751471 0.260724 -0.606073 -0.751471 -0.260703 -0.427216 -0.752281 -0.501558 0.427202 -0.75228 0.50157 0.117176 -0.761853 0.637064 -0.117192 -0.761853 -0.637061 0.220754 -0.752281 -0.620758 -0.220771 -0.752279 0.620755 0.732943 0.628373 0.260657 0.750098 0.646772 -0.137982 -0.750098 0.646772 0.137982 -0.732943 0.628373 -0.260656 -1.16974e-06 0.151646 -0.988435 -1.20699e-06 -0.202302 -0.979323 -3.50922e-06 -0.261262 -0.965268 -3.33786e-06 0.297598 -0.954691 -3.11434e-06 -0.533073 -0.846069 -4.44055e-06 0.575131 -0.818061 -0.592209 0.628376 0.504412 0.592209 0.628376 -0.504412 0.255557 0.646767 -0.718598 -0.255557 0.646767 0.718598 -0.493125 -0.761853 0.420009 0.493112 -0.761853 -0.420025 0.647971 -0.75228 -0.119205 -0.647974 -0.75228 0.119187 0.506653 -0.713433 -0.484062 0.102648 -0.989725 -0.0995346 0.0251431 -0.72574 -0.68751 0.653547 -0.756863 -0.00587884 0.784015 0.464392 0.411898 0.0889928 0.965597 0.244342 0.704831 -0.652577 0.27813 0.637062 0.727501 0.254743 0.748122 0.5736 0.333611 0.61585 -0.751231 0.237445 0.657514 -0.708829 0.255414 0.747189 0.598034 0.289937 0.725845 0.628238 0.280118 0.755187 -0.584243 0.297243 0.668195 0.696143 0.262488 0.615223 0.749864 0.243321 0.72355 -0.62814 0.286208 0.931201 0.0259021 0.363584 0.930942 -0.0348819 0.363498 0.813913 0.486188 0.318068 0.870016 -0.3568 0.340244 0.79236 -0.526016 0.308987 0.857596 0.390887 0.334269 0.113172 -0.976132 0.185359 0.159432 -0.967214 0.197682 0.215623 -0.755492 0.618659 0.188677 -0.728687 0.658343 -0.0513352 -0.946999 -0.317109 0.0769655 -0.995621 0.0530644 0.0458225 -0.998889 0.010961 -0.0234745 -0.992167 -0.122693 -0.12379 -0.842323 0.524565 -0.167859 -0.929274 0.329049 -0.0310071 -0.969251 0.244115 -0.0166656 -0.999857 -0.00287873 -0.136805 -0.922221 0.361652 0.00572181 -0.979082 -0.203386 -0.0726581 -0.97755 -0.197781 -0.121121 -0.920918 -0.370459 0.00834383 -0.917861 -0.396815 -0.126314 -0.855663 0.501883 0.0241128 -0.978813 0.203331 0.021993 -0.91767 0.396735 0.163822 -0.919253 0.357961 -0.124317 -0.886554 0.445608 -0.0950037 -0.956733 0.275022 -0.110696 -0.92584 -0.36134 0.0268725 -0.999627 -0.00478692 0.0243372 -0.99968 -0.00693678 -0.108447 -0.971938 -0.208747 0.0402584 -0.99481 -0.0934481 0.00656538 -0.998999 -0.0442524 0.00514083 -0.72596 0.687718 0.0066735 -0.972131 -0.234345 0.0254359 -0.994819 -0.0984332 0.0215047 -0.999476 -0.0241918 0.122236 -0.971462 0.203271 0.0940815 -0.990693 0.098371 -0.128353 -0.938611 -0.320211 0.038351 -0.991745 0.122356 0.0293592 -0.998612 0.0437337 0.0399875 -0.968343 0.246401 0.0517118 -0.947097 -0.316755 0.102865 -0.87786 -0.467739 -0.101818 -0.912576 -0.396028 -0.0646507 -0.977623 -0.200183 -0.0367998 -0.994982 -0.0930436 -0.02051 -0.99979 -0.000385898 -0.0440164 -0.998974 0.0106734 0.0223141 -0.992035 -0.123969 -0.0541708 -0.99458 0.0887495 -0.156837 -0.814628 0.558376 -0.21081 -0.754891 0.621046 0.11563 -0.971523 -0.206814 0.0690868 -0.977301 -0.200275 -0.104077 -0.97363 0.203011 -0.12948 -0.969952 0.205981 0.195902 -0.752679 -0.628567 0.120183 -0.808642 -0.575894 -0.00359288 -0.971948 -0.235169 -0.0270294 -0.994835 -0.0978366 0.0217967 -0.999762 -0.000180597 -0.00505084 -0.999016 -0.0440608 0.0939383 -0.956538 0.276062 0.052822 -0.994517 0.0902492 -0.0726716 -0.995972 0.0525331 -0.0855917 -0.991556 0.0974227 0.162115 -0.919822 0.357276 -0.0376758 -0.991802 0.122108 0.0144825 -0.999895 1.73398e-07 0.106673 -0.840698 -0.530893 0.118929 -0.925333 -0.36002 0.13189 -0.937998 -0.32057 -0.0179415 -0.999512 -0.0255721 -0.0254589 -0.998784 0.0422275 0.0905372 -0.957176 0.274986 0.0637647 -0.992001 0.108938 0.132478 -0.920652 -0.367218 5.07218e-05 -1 4.57373e-05 -0.121939 -0.920915 0.370198 0.182442 -0.92611 0.330204 -0.0702686 -0.977578 0.198502 0.0828789 -0.977359 -0.194682 -0.179771 -0.728307 0.66125 0.202897 -0.729165 -0.653568 0.183021 -0.797868 -0.574379 -0.194639 -0.897982 0.394643 -0.168737 -0.802733 0.571969 0.0472264 -0.952088 0.302155 -3.46452e-06 0.622043 -0.782983 -1.08033e-06 -0.756502 -0.653992 -0.537473 0.679042 -0.500025 0.537473 0.679042 0.500025 0.714683 0.642842 0.275651 0.648235 -0.720125 0.247407 -0.552867 0.522519 -0.649086 0.565154 0.49026 0.66351 -5.37076e-06 0.00153687 -0.999999 -4.96954e-06 -0.0608451 -0.998147 0.0523572 0.73274 -0.678491 -0.00160968 0.999786 0.020612 -0.23042 -0.679783 -0.696277 -0.750099 0.64677 0.137988 0.750099 0.64677 -0.137989 0.615788 0.751235 0.237596 0.72573 -0.628234 0.280423 -0.140734 0.628379 -0.765072 0.140733 0.628379 0.765071 0.49454 0.646769 0.580621 -0.49454 0.646769 -0.580621 4.87268e-06 -0.622042 -0.782984 1.74344e-06 0.756501 -0.653992 0.714596 -0.642739 0.276115 0.648084 0.719956 0.248293 -0.107094 0.946051 0.305809 0.0394997 0.799834 0.59892 -0.472714 0.862097 0.182565 -0.457343 0.83862 -0.295895 -0.176218 -0.799829 -0.573777 -0.20891 -0.94605 -0.247681 -0.322112 -0.838617 0.439278 -0.506737 -0.862097 -0.00239384 0.675693 0.440049 0.591435 0.267302 0.618492 0.73893 0.420995 -0.440054 -0.793168 -0.0131563 -0.618496 -0.785677 0.9835 -6.11246e-05 -0.180907 0.983496 -7.38204e-05 -0.18093 0.638428 0.544704 -0.54379 0.638427 -0.544706 -0.543789 0.761277 2.84673e-07 -0.648427 0.638431 -0.544704 -0.543786 0.638427 0.544705 -0.54379 0.464373 0.792406 -0.395538 0.464375 -0.792407 -0.395534 0.217036 0.958499 -0.184865 0.268611 0.958501 0.0955214 0.574732 0.792406 0.204388 0.464374 0.792406 -0.395538 -0.108849 0.945773 0.306048 -0.217034 0.958501 0.184858 -0.464376 0.792407 0.395533 -0.222616 0.747408 0.625959 0.210633 0.945773 0.24728 0.430795 0.747407 0.505764 -0.26861 0.958501 -0.0955267 -0.574733 0.792405 -0.204394 -0.0515796 0.958499 -0.280393 -0.11036 0.792406 -0.599928 -0.107085 0.946051 0.305811 0.0395022 0.799829 0.598926 -0.472709 0.862099 0.182568 -0.457338 0.838623 -0.295894 -0.176224 -0.799825 -0.573781 -0.208915 -0.946048 -0.247684 -0.322115 -0.838618 0.439274 -0.506739 -0.862096 -0.00239791 0.675694 0.440052 0.591432 0.267301 0.618497 0.738926 0.420993 -0.44005 -0.793172 -0.0131385 -0.618483 -0.785689 0.983499 -6.40377e-06 -0.180915 0.9835 -1.71363e-07 -0.180908 0.638428 0.544705 -0.543789 0.638428 -0.544706 -0.543788 0.761277 2.84675e-07 -0.648426 0.63843 -0.544705 -0.543786 0.638425 0.544708 -0.543789 0.464374 0.792405 -0.395538 0.464376 -0.792406 -0.395535 -0.450027 0.88917 0.0827818 -0.450029 0.889169 0.0827824 -0.983499 -5.0115e-07 0.180913 -0.983499 9.46969e-06 0.180913 -0.450033 -0.889167 0.0827827 -0.450035 -0.889166 0.0827835 -0.983499 1.32918e-05 0.180914 -0.217037 -0.958498 0.184868 -0.268617 -0.958498 -0.0955284 -0.574731 -0.792406 -0.204392 -0.464374 -0.792405 0.395539 0.108841 -0.945773 -0.30605 0.217035 -0.9585 -0.184861 0.464376 -0.792406 -0.395535 0.22261 -0.747409 -0.625958 -0.210626 -0.945773 -0.247286 -0.430788 -0.747409 -0.505768 0.26861 -0.958501 0.0955265 0.574732 -0.792405 0.204393 0.0515784 -0.958499 0.280392 0.110358 -0.792406 0.599928 -0.309899 0.913394 0.263957 -0.506535 0.74651 0.431445 -0.761279 -1.2363e-07 0.648425 -0.50655 -0.746491 0.43146 -0.309896 -0.913395 0.263957 -0.506552 -0.746491 0.431459 -0.506548 0.746497 0.431453 0.47231 0.511721 -0.717681 0.000816607 -0.000757565 -0.999999 0.00165377 -0.000907305 -0.999998 0.322634 0.591042 -0.739309 0.104925 0.669386 -0.735468 0.00273193 -0.00045816 -0.999996 -0.494956 -0.530476 0.688196 -0.516916 -0.488204 0.703174 8.83395e-05 -9.36786e-05 1 -1.12549e-05 1.08239e-05 1 0.414979 0.502713 -0.758335 0.612058 0.22313 -0.758681 0.000514708 -0.001468 -0.999999 0.000723084 -0.000597829 -0.999999 -0.147461 -0.655715 -0.740468 0.000785312 -0.000174951 -1 -0.419051 -0.50968 -0.751414 -0.355073 -0.672334 -0.649531 0.00109974 -0.000582799 -0.999999 0.0012007 -0.000168634 -0.999999 -0.10302 -0.736391 -0.668666 -0.102929 -0.669709 -0.735456 -0.32043 -0.592246 -0.739303 0.146992 0.648273 -0.747084 -0.515942 -0.48906 -0.703296 0.000892274 -0.000948527 -0.999999 0.000908775 -0.00085688 -0.999999 -0.495513 -0.529172 -0.688799 -0.0011862 -0.00123868 -0.999999 -0.714635 -0.0475722 -0.697878 -0.61798 -0.227736 -0.752487 -0.471385 -0.512575 -0.717679 0.00119494 -6.92229e-06 -0.999999 -0.00227226 -0.752978 -0.658041 -0.0126975 -0.534873 -0.844837 0.00158132 -1.60217e-05 -0.999999 -0.608438 -0.765683 -0.208648 -0.433784 -0.758493 -0.486333 0.254018 -0.753113 0.606874 0.510079 -0.76017 0.402444 0.133653 0.92945 0.343889 0.104342 0.643014 0.758713 0.112395 0.758712 0.641657 0.106144 0.885872 -0.451624 0.517137 0.487792 -0.703298 0.496736 0.528021 -0.688801 0.356459 0.6716 -0.649531 0.0151452 0.529609 -0.848107 -0.312435 -0.592275 0.742694 -0.0987741 -0.673225 0.732811 0.000206636 -2.987e-05 1 5.43619e-05 -2.85139e-05 1 0.0960477 0.670799 -0.735394 0.106135 0.741242 0.662793 0.109975 0.768091 0.630826 0.0988415 0.690329 -0.716713 0.0842863 0.710248 -0.698888 0.0929949 0.659153 -0.746236 0.0956512 0.768454 0.632716 0.116877 0.820012 0.560285 -0.10178 -0.665027 -0.739851 -0.10172 -0.710142 -0.696671 -0.118195 -0.811442 0.572356 -0.104551 -0.758298 0.64347 -0.00694086 0.540556 0.84128 -0.00120705 0.753273 0.657707 0.000506235 -1.62149e-05 1 0.00104323 -8.28749e-05 0.999999 -0.11156 -0.781913 -0.613324 -0.110089 -0.771605 -0.626504 -0.0976937 -0.684723 0.722226 -0.107864 -0.756005 0.645618 0.608617 0.766259 -0.205991 0.64482 0.763537 -0.0349106 -0.632261 0.731205 0.256094 -0.509466 0.759053 0.405319 -0.644713 -0.763415 -0.0392644 0.632892 -0.73196 0.252353 0.0991083 0.673176 0.732811 -0.0957157 -0.670851 -0.735389 -0.0985098 -0.690443 -0.716648 -0.109604 -0.768202 0.630755 -0.105767 -0.741298 0.66279 -0.738624 -0.262284 0.621 -0.697296 -0.0362298 0.715867 0.000723216 -0.000822734 0.999999 0.000217201 -0.00111655 0.999999 -0.107778 -0.755413 -0.646325 -0.111755 -0.783285 -0.611536 -0.111774 -0.783415 0.611365 -0.111544 -0.781804 0.613466 -0.157238 -0.748204 0.644567 -0.487289 -0.605076 0.629628 0.000316233 -0.000505266 1 4.78826e-05 -0.000184686 1 0.000152515 -0.000227608 1 -0.00741002 -0.48957 0.871932 -0.00366056 -0.699854 0.714277 0.000157146 8.07557e-06 1 0.00191173 -0.752258 0.658866 0.108142 0.755248 -0.646456 0.111921 0.781645 0.6136 -0.427111 -0.575376 0.697509 0.279014 -0.576106 -0.768279 -0.278022 0.570565 -0.77276 0.425973 0.580842 0.693664 0.112133 0.78311 -0.61169 0.112152 0.783241 0.611519 0.108226 0.755842 0.645748 0.111936 0.781753 -0.613459 -0.105025 -0.736109 -0.668665 -0.0961079 -0.673612 0.73281 -0.47381 -0.510649 0.717455 7.23686e-05 -6.71621e-05 1 0.0980258 0.68461 0.722288 0.110467 0.771495 -0.626572 -0.00627102 0.220105 -0.975456 -0.0211719 0.137081 -0.990334 0.0151382 0.201403 -0.979392 0.0140785 0.332792 -0.942895 0.104616 0.736167 -0.668666 -0.00124204 0.000376197 -0.999999 0.019608 -0.136704 -0.990418 0.00542627 -0.210041 -0.977678 0.00618476 -0.00295651 -0.999977 -0.119855 -0.739098 0.662849 -0.364327 -0.66082 0.656188 0.000282732 -0.000156073 1 3.94588e-07 1.48975e-07 1 0.0169286 -0.487849 -0.872764 0.00131298 0.00149093 -0.999998 0.724634 -0.689134 -2.46415e-07 0.728896 -0.684618 -0.0030686 0.690384 0.723435 0.00329715 0.687331 0.726344 5.85602e-05 0.00387402 0.751817 -0.659361 0.706506 0.0454462 -0.706247 0.0964437 0.673564 0.73281 0.371239 0.781237 0.501848 -0.166012 0.780734 -0.602407 0.105392 0.736057 -0.668665 -0.372057 -0.780613 0.502213 0.166753 -0.781705 -0.600941 -0.0143745 0.492177 -0.870377 -0.125209 -0.878251 -0.461517 -0.113373 -0.762532 0.636939 -0.095475 -0.644991 0.758203 -0.135028 -0.926011 0.352521 0.687637 0.726047 -0.00327671 0.732369 -0.6809 0.00312911 0.433738 0.760111 -0.483841 -0.255676 0.750575 0.609317 0.000162899 0.493355 0.869828 0.00498064 0.696182 0.717848 0.312609 0.592184 0.742694 0.00899396 -0.534501 0.84512 0.703712 0.0353419 0.709606 0.7472 0.264569 0.609669 0.494887 0.530541 0.688196 0.364774 0.660573 0.656188 0.0188229 -0.221646 -0.974946 -0.0192694 0.702661 -0.711264 0.00430922 -0.705875 -0.708324 0.101292 0.707423 0.699494 0.102413 0.715251 -0.691324 0.213074 0.747569 -0.629078 -0.00502156 0.739655 0.672967 0.159175 0.756541 0.634279 0.493433 0.611761 0.618282 0.473961 0.510509 0.717455 0.517063 0.48805 0.703174 0.119749 0.739116 0.662849 -0.0014252 0.25706 -0.966394 -0.0121366 0.366413 -0.930373 -0.00372572 0.366011 -0.930603 0.00101575 0.256602 -0.966517 0.00413327 -0.337066 -0.941472 0.00213178 -0.000130722 -0.999998 0.000119754 1.83844e-06 -1 0.000873388 -1.41022e-05 -1 0.00133665 -0.365849 -0.930673 -0.00748947 -0.366642 -0.930332 -0.0243943 -0.134338 -0.990635 -0.00255315 -0.000850554 -0.999996 0.00668254 0.00316245 -0.999973 0.0171422 -0.188987 -0.98183 -0.00348183 0.747151 -0.664645 0.0124991 0.719107 -0.694786 0.00472878 -0.256339 -0.966575 0.00449085 -0.257186 -0.966351 0.0175985 0.132492 -0.991028 0.0156969 0.22083 -0.975186 -0.00247894 0.332827 -0.942985 0.00447556 0.198328 -0.980125 0.00712327 -0.719175 -0.694793 0.012378 -0.745774 -0.666084 0.00315144 0.000196388 -0.999995 0.022076 -0.32784 -0.944475 -0.00350716 -0.219146 -0.975686 0.101881 0.711541 -0.69522 0.10129 0.70741 0.699508 -0.100935 -0.707435 0.699534 -0.101524 -0.711568 -0.695243 0.000269586 5.31497e-07 1 -0.00038421 -0.711016 0.703175 0.000252556 3.45145e-07 1 0.00015565 3.72245e-06 1 -0.000912532 -0.739274 0.673405 5.83153e-05 -0.711053 0.703138 -0.100935 -0.707449 0.69952 0.00338217 -0.739617 0.673019 -0.211995 -0.74687 -0.630273 -0.102052 -0.715278 -0.691348 -0.00349424 -0.715577 -0.698525 0.000785287 0.711017 0.703174 -0.00556127 0.715599 -0.698489 0.000323131 0.711054 0.703138 0.000894517 0.739179 0.673508 -0.350698 0.914335 -0.20249 0.350709 0.914335 0.20247 0.202487 0.914335 0.350699 -0.202473 0.914336 -0.350707 0.350703 0.914334 0.202485 -0.350708 0.914335 -0.202475 -0.202485 0.914335 -0.350702 0.202476 0.914334 0.350709 -7.22736e-06 0.914335 0.40496 -7.72073e-06 0.914335 -0.404958 0.202473 0.914335 -0.350707 -0.202487 0.914335 0.3507 -0.350708 0.914335 0.202474 0.3507 0.914335 -0.202487 0.404958 0.914335 -7.62645e-06 -0.404957 0.914336 -7.50891e-06 0.350708 0.914334 -0.202477 -0.350704 0.914334 0.202483 -0.404959 0.914335 5.5237e-06 0.404959 0.914335 5.68713e-06 0.107875 0.908999 -0.402596 -0.107874 0.909 0.402595 -0.202479 0.914334 0.350707 0.202482 0.914334 -0.350706 0.656369 -0.370374 -0.65727 0.653476 -0.369857 -0.660436 0.227263 -0.890176 -0.394891 0.389748 -0.891503 -0.23091 -0.679405 -0.280407 0.678072 -0.653479 -0.369856 0.660433 -0.227268 -0.890178 0.394883 -0.307886 -0.69516 0.649584 0.679397 -0.280404 -0.678081 0.699555 -0.104154 -0.706948 0.57999 -0.264123 -0.770617 0.307881 -0.695148 -0.649599 -0.702602 0.106487 0.70357 -0.699555 -0.104153 0.706948 -0.579991 -0.264123 0.770616 -0.76641 0.272334 0.581765 0.702603 0.106486 -0.703569 0.686192 0.277516 -0.672403 0.660727 0.686324 -0.303973 0.766411 0.272331 -0.581764 -0.656368 0.370376 0.657269 -0.686187 0.277517 0.672407 -0.660718 0.686331 0.303976 -0.389745 0.891504 0.230909 0.656371 0.370376 -0.657266 0.653479 0.36986 -0.660431 0.227266 0.890179 -0.394882 0.389749 0.891503 -0.230905 -0.67939 0.2804 0.67809 -0.653475 0.369859 0.660435 -0.227263 0.890177 0.394887 -0.307878 0.695145 0.649603 0.679395 0.280402 -0.678084 0.699555 0.104154 -0.706947 0.579993 0.264115 -0.770617 0.307881 0.695149 -0.649598 -0.70259 -0.106492 0.703581 -0.699564 0.10416 0.706937 -0.579999 0.264145 0.770603 -0.766398 -0.272355 0.581771 0.702602 -0.106486 -0.70357 0.686197 -0.277515 -0.672398 0.660737 -0.686316 -0.303969 0.766411 -0.27233 -0.581765 -0.686194 -0.277514 0.672401 -0.707011 8.53422e-08 0.707202 0.707012 -1.15218e-07 -0.707201 -0.660732 -0.68632 0.303971 0.107886 0.908998 0.402595 -0.107864 0.909 -0.402596 -0.656372 -0.370372 0.657267 -0.389752 -0.891501 0.230908 0.880722 -0.472797 0.0281275 0.87325 -0.485636 0.0399086 0.999992 -6.38259e-10 -0.00391499 0.898261 -0.439299 0.0119939 0.929644 -0.368441 0.00375811 -0.0749455 -0.140486 0.987242 0.0982683 -0.260287 0.960518 0.0859537 -0.194268 0.977175 -0.0449128 -0.0449128 0.997981 0.254508 -0.401264 0.879894 0.203698 -0.354435 0.912624 0.380812 -0.557665 0.737558 0.294989 -0.511848 0.806842 0.965923 -0.258484 -0.0133451 -0.936828 0.349785 -0.00186006 -0.420526 0.907276 -0.00274562 -0.774063 0.633106 -0.00150557 -0.996003 0.0893169 -0.000513352 0.433215 -0.675465 0.596717 0.342548 -0.570814 0.746212 0.989173 -0.144707 -0.0244379 -0.471177 0.882024 -0.00501317 -0.474728 0.880127 -0.00306149 0.0675851 0.0328712 0.997172 0.161855 -0.160093 0.973742 0.393298 -0.756495 0.522524 0.3518 -0.674385 0.649185 0.314022 -0.475173 0.821949 0.255503 -0.356551 0.89866 -1 -4.96836e-05 0.000149258 -1 0 -0 0.252446 -0.0492254 0.966358 0.253984 -0.264501 0.93034 0.163106 -0.689343 0.705835 0.123525 -0.455457 0.881646 0.203767 -0.867444 0.453893 0.159672 -0.296025 0.94174 0.306385 -0.745431 0.591997 0.326374 -0.413809 0.849848 0.370115 -0.725591 0.580115 0.293639 -0.300751 0.907372 0.99748 -0.0345438 -0.0619694 0.469271 -0.474329 0.744847 0.602417 -0.639063 0.478218 0.596026 -0.776373 0.204934 0.481544 -0.87623 0.0183461 0.453593 -0.886512 -0.0913776 0.262277 -0.3251 0.908582 0.991624 -0.128478 -0.013243 0.934002 -0.305043 0.185981 0.17753 -0.964023 0.197847 0.127374 -0.983527 0.128257 0.775122 -0.540811 0.326663 0.309069 -0.894421 0.323245 0.534508 -0.7505 0.388653 0.0279193 -0.215579 0.976087 -0.477677 0.878534 -0.00160776 -0.467931 0.883758 -0.00344621 0.881056 0.470998 -0.0436067 0.99991 -2.18685e-09 -0.0134202 0.872609 0.48528 -0.0552957 0.899572 0.435892 -0.0277045 0.931649 0.36281 -0.0199691 -0.464068 0.869899 0.16708 -0.70607 0.706067 0.0541742 -0.714939 0.696089 0.0657349 -0.499955 0.848971 0.171151 -0.730063 0.67807 0.0850223 -0.558818 0.804282 0.202122 -0.752207 0.651129 0.101077 -0.662663 0.721387 0.201192 0.968075 0.250638 -0.00345445 -0.936829 -0.349787 0.000587937 -0.996054 -0.0887499 -0.000750937 -0.774584 -0.632471 0.000239119 -0.420526 -0.907279 0.00147631 -0.873461 0.486755 -0.0116447 -0.819268 0.567622 0.0812739 0.990759 0.135437 0.00728472 -0.471309 -0.88196 0.00378365 -0.47473 -0.88013 0.00180215 -0.895609 0.435587 -0.0902659 -0.89089 0.450345 -0.0591971 -0.942119 0.142902 -0.3033 -0.902759 0.420408 -0.0910094 -0.953573 -0.0292505 -0.299737 -0.884139 0.464931 -0.0462307 -0.999999 -2.25013e-10 -0.00137861 -0.999999 0.00050154 -0.00151379 -0.956636 -0.186537 -0.223722 -0.961732 -0.131264 -0.240502 -0.471205 -0.772273 -0.426099 -0.496479 -0.592325 -0.634555 -0.595093 -0.269083 -0.75727 -0.451372 -0.836825 -0.309819 -0.771305 -0.104239 -0.627872 -0.929653 0.07965 -0.359723 -0.914899 0.315299 -0.252084 -0.941952 0.105633 -0.318696 0.99868 0.0250114 0.0448688 -0.0816705 0.906609 0.413994 -0.316377 0.820653 0.475851 -0.604184 0.690723 0.39732 -0.770359 0.589052 0.24406 -0.86611 0.497219 0.0512511 0.0587916 0.95494 0.290917 0.939127 0.286818 -0.189147 0.994017 0.108649 0.011199 0.127111 0.981491 -0.143242 0.180566 0.960323 -0.212546 0.78326 0.525089 -0.332844 0.314979 0.887507 -0.336331 0.542531 0.739301 -0.398866 0.125068 0.965718 0.22748 -0.478242 -0.878228 0.000371858 -0.468208 -0.883615 0.00221717 0.881059 -0.470993 -0.0436016 0.99991 -2.18604e-09 -0.0134152 0.87261 -0.48528 -0.0552734 0.899582 -0.435873 -0.0277088 0.931657 -0.362791 -0.0199666 0.0749456 0.140487 0.987242 0.0449135 0.0449137 0.997981 -0.0859535 0.194269 0.977175 -0.0982693 0.260285 0.960518 -0.203698 0.354435 0.912624 -0.254505 0.401268 0.879893 -0.294992 0.511845 0.806842 -0.380807 0.557671 0.737556 0.968071 -0.250651 -0.00343781 -0.93683 0.349786 0.000509172 -0.996057 0.0887103 -0.000833523 -0.774616 0.632431 0.000164852 -0.420527 0.907279 0.00140006 -0.342558 0.570809 0.746211 -0.433218 0.675464 0.596717 0.990757 -0.135451 0.00730755 -0.471316 0.881957 0.00372271 -0.47473 0.88013 0.00175726 -0.0675856 -0.0328711 0.997172 -0.161862 0.16009 0.973741 -0.351806 0.674384 0.649183 -0.393306 0.756491 0.522523 -0.314045 0.475173 0.82194 -0.255507 0.356549 0.898659 -0.999999 -2.37299e-10 -0.00145388 -0.999999 -0.00053218 -0.00160556 -0.252471 0.0492306 0.966351 -0.253985 0.264501 0.930339 -0.123525 0.455457 0.881646 -0.16313 0.689371 0.705802 -0.203773 0.867447 0.453886 -0.15971 0.296095 0.941712 -0.306407 0.745434 0.591982 -0.326391 0.413808 0.849842 -0.370129 0.725587 0.580111 -0.29366 0.30075 0.907366 0.998678 -0.0250266 0.044896 -0.469272 0.474327 0.744847 -0.602411 0.639076 0.478208 -0.596026 0.776373 0.204933 -0.481546 0.876229 0.0183467 -0.453599 0.886509 -0.0913769 -0.262277 0.325093 0.908585 0.939113 -0.286869 -0.189139 0.994011 -0.108707 0.0112048 0.127111 -0.981494 -0.14322 0.180564 -0.960324 -0.21254 0.783255 -0.525104 -0.332832 0.314982 -0.887505 -0.336336 0.542539 -0.739298 -0.39886 -0.0279195 0.215583 0.976086 -0.478277 0.878209 0.000294998 -0.468226 0.883606 0.00213582 0.880719 0.472804 0.0281272 0.873249 0.485636 0.0399171 0.999992 -6.3717e-10 -0.00390831 0.898252 0.439317 0.0119957 0.929636 0.368459 0.00376266 -0.464068 0.869899 -0.16708 -0.499955 0.848971 -0.171153 -0.714939 0.69609 -0.0657331 -0.70607 0.706067 -0.0541773 -0.558819 0.80428 -0.202127 -0.730064 0.678069 -0.0850268 -0.662662 0.721389 -0.201188 -0.752209 0.651125 -0.101084 0.965927 0.25847 -0.0133299 -0.936828 -0.349786 -0.00186142 -0.420525 -0.907277 -0.00274623 -0.774065 -0.633104 -0.00150353 -0.996003 -0.0893161 -0.000514526 -0.819267 0.567623 -0.0812735 -0.873462 0.486754 0.0116427 0.989173 0.144705 -0.0244421 -0.471176 -0.882025 -0.00501991 -0.474729 -0.880127 -0.0030522 -0.89561 0.435588 0.0902524 -0.89089 0.450345 0.059196 -0.90276 0.420407 0.0910076 -0.942123 0.142892 0.303291 -0.953573 -0.029248 0.29974 -0.884137 0.464934 0.0462374 -1 4.85011e-05 0.000146361 -1 9.01537e-14 5.52354e-07 -0.956636 -0.186537 0.223721 -0.961733 -0.131264 0.2405 -0.496479 -0.592325 0.634555 -0.471206 -0.772273 0.426099 -0.595098 -0.269107 0.757258 -0.451372 -0.836825 0.309819 -0.771301 -0.10423 0.627878 -0.929659 0.079645 0.359708 -0.914906 0.315286 0.252074 -0.941971 0.105617 0.318647 0.997477 0.0345677 -0.0620122 -0.0816731 0.906607 -0.413997 -0.316371 0.820659 -0.475845 -0.604182 0.690725 -0.39732 -0.770359 0.589052 -0.24406 -0.866101 0.497234 -0.0512524 0.0587898 0.954939 -0.290922 0.991613 0.128564 -0.0132519 0.934003 0.305041 0.18598 0.17753 0.964022 0.19785 0.127374 0.983526 0.128265 0.775128 0.540796 0.326674 0.309068 0.894422 0.323245 0.534502 0.750501 0.38866 0.125068 0.965718 -0.22748 -0.477678 -0.878534 -0.00160503 -0.467931 -0.883758 -0.0034469 0.655274 -0.728434 -0.200001 0.537762 -0.813887 -0.22 -0.605389 -0.769311 -0.204119 -0.719608 -0.672051 -0.174673 0.244502 -0.936508 -0.25134 -0.254028 -0.934277 -0.250192 -0.17582 -0.950902 -0.254702 0.321339 -0.91458 -0.245529 -0.477221 -0.849234 -0.225969 0.659787 -0.725275 -0.196614 -0.600611 -0.77342 -0.2027 0.76659 -0.618825 -0.171451 -0.60059 -0.774143 -0.199986 0.76656 -0.617957 -0.174687 -0.477163 -0.850837 -0.219984 0.659706 -0.723279 -0.204097 -0.175776 -0.951801 -0.251351 0.321298 -0.913327 -0.250203 0.244477 -0.935603 -0.254711 -0.253993 -0.935522 -0.245532 0.537703 -0.812299 -0.225933 -0.605321 -0.771317 -0.196612 0.655245 -0.727715 -0.202694 -0.719576 -0.672916 -0.171448 -0.261935 -0.68898 0.675793 0.31133 -0.664958 0.6789 0.025722 -0.706641 0.707105 0.764433 -0.44079 0.470475 0.764514 -0.442956 0.468303 0.31144 -0.668017 0.675839 -0.262057 -0.685783 0.67899 0.0257246 -0.706713 0.707032 -0.730368 -0.495244 0.470421 -0.730278 -0.497421 0.468259 0.654129 -0.520419 0.548889 0.654308 -0.52544 0.54387 -0.615053 -0.567049 0.547873 -0.614074 -0.566145 0.549903 -0.613829 -0.572623 0.543431 -0.61484 -0.570767 0.544239 </float_array>
          <technique_common>
            <accessor count="2672" offset="0" source="#meshId0-bitangents-array" stride="3">
              <param name="X" type="float" />
              <param name="Y" type="float" />
              <param name="Z" type="float" />
            </accessor>
          </technique_common>
        </source>
        <source id="meshId0-tex0" name="meshId0-tex0">
          <float_array id="meshId0-tex0-array" count="5344"> 0.0554679 0.654936 0.0544488 0.66269 0.042118 0.656783 0.0424192 0.65425 0.119839 0.674862 0.1216 0.668391 0.133079 0.671779 0.131976 0.677997 0.0763871 0.65401 0.0848727 0.654374 0.0842435 0.662192 0.0755393 0.658507 0.144892 0.679295 0.144872 0.672591 0.519045 0.680876 0.519662 0.672586 0.526626 0.67319 0.525659 0.680886 0.0149322 0.67969 0.0276813 0.683763 0.024863 0.691104 0.0138062 0.682112 0.0233515 0.707375 0.0212503 0.706903 0.0268204 0.691564 0.0869854 0.678297 0.0848333 0.678386 0.0862545 0.662107 0.0402364 0.6887 0.0525658 0.694609 0.052366 0.710736 0.0377706 0.70983 0.467162 0.686113 0.443449 0.685906 0.446654 0.674098 0.494124 0.686113 0.482309 0.706674 0.476359 0.70069 0.455334 0.665474 0.467162 0.662345 0.382902 0.70015 0.384605 0.700432 0.383954 0.702069 0.436472 0.699526 0.43539 0.701488 0.434693 0.699834 0.410807 0.715736 0.408617 0.715728 0.409704 0.714338 0.0535977 0.686859 0.0545659 0.694626 0.422597 0.707705 0.423477 0.709224 0.541185 0.692146 0.541693 0.688607 0.542779 0.693904 0.0405393 0.686165 0.397083 0.70791 0.396237 0.709434 0.00717058 0.703003 0.056449 0.662699 0.0563583 0.678841 0.0542112 0.678819 0.548819 0.674887 0.551323 0.672482 0.551414 0.672915 0.549293 0.675042 0.434769 0.672039 0.436472 0.672321 0.540003 0.688929 0.449375 0.700668 0.44561 0.694095 0.0987682 0.655318 0.101496 0.677001 0.542299 0.688692 0.543392 0.694183 0.157154 0.67121 0.158429 0.678094 0.0631219 0.690602 0.0636067 0.694293 0.550231 0.687089 0.548105 0.687139 0.548206 0.679746 0.550215 0.679794 0.494117 0.709881 0.550229 0.678752 0.549731 0.675209 0.55132 0.673453 0.539661 0.687617 0.53956 0.680155 0.541693 0.680209 0.541678 0.687565 0.472565 0.694066 0.547502 0.679341 0.547375 0.687524 0.546641 0.687741 0.546827 0.679097 0.551933 0.673176 0.55188 0.672785 0.542872 0.694442 0.540747 0.692311 0.543339 0.694574 0.547857 0.688801 0.547415 0.689199 0.548001 0.678139 0.548546 0.678433 0.539049 0.689609 0.538283 0.688265 0.538958 0.688022 0.539457 0.689223 0.551046 0.679655 0.550836 0.678667 0.542509 0.687704 0.14392 0.698219 0.143898 0.691515 0.15618 0.690131 0.157457 0.697015 0.52679 0.681029 0.52784 0.693069 0.526746 0.693304 0.540272 0.692465 0.03963 0.677889 0.551066 0.68725 0.542782 0.694875 0.0620983 0.686154 0.547592 0.677753 0.164956 0.668751 0.166876 0.675872 0.519627 0.693937 0.518609 0.680878 0.520158 0.693831 0.14489 0.679846 0.131903 0.678407 0.119654 0.675349 0.158507 0.678536 0.167072 0.676322 0.519205 0.67248 0.133262 0.670762 0.144773 0.671494 0.122185 0.667421 0.15678 0.670069 0.165135 0.667421 0.538097 0.679554 0.53883 0.679771 0.52784 0.672795 0.542528 0.680048 0.382902 0.672945 0.384681 0.672637 0.540626 0.675214 0.540122 0.675059 0.542738 0.672482 0.54284 0.672938 0.131003 0.696924 0.132105 0.690705 0.0639448 0.654222 0.0649782 0.658687 0.118865 0.693791 0.120624 0.68732 0.163951 0.68768 0.165872 0.6948 0.0287288 0.659642 0.0295737 0.651857 0.0252293 0.675413 0.0231341 0.674937 0.0267731 0.65919 0.0545123 0.710752 0.015743 0.650221 0.0091112 0.671031 0.084319 0.693994 0.0967951 0.687192 0.0995617 0.708828 0.0850812 0.710151 0.467154 0.709881 0.455347 0.706674 0.470411 0.685907 0.473617 0.674099 0.482296 0.665474 0.422291 0.664561 0.383985 0.670983 0.435419 0.670402 0.410757 0.656742 0.40967 0.658133 0.408567 0.656734 0.082312 0.694082 0.0829241 0.686278 0.423137 0.663037 0.0654649 0.662371 0.541683 0.679119 0.541091 0.675383 0.542748 0.673508 0.0168636 0.647807 0.395897 0.663247 0.396777 0.664765 0.0961351 0.684619 0.0829334 0.710244 0.549172 0.692091 0.551381 0.694363 0.551279 0.694818 0.548669 0.692247 0.539894 0.678792 0.542314 0.679028 0.543392 0.673205 0.506563 0.680908 0.513177 0.680916 0.514266 0.693334 0.507678 0.693862 0.073252 0.694115 0.0735881 0.69041 0.494124 0.662345 0.549637 0.691921 0.55022 0.688179 0.551289 0.693793 0.0742827 0.663775 0.0664363 0.663901 0.551933 0.694095 0.551872 0.694507 0.54333 0.672793 0.548439 0.688504 0.538871 0.678097 0.539313 0.678495 0.550851 0.68827 0.143799 0.690418 0.155806 0.68899 0.0744211 0.685933 0.514147 0.67319 0.507182 0.672586 0.143918 0.69877 0.157535 0.697457 0.11868 0.694278 0.130929 0.697334 0.506127 0.68091 0.507148 0.693968 0.506725 0.67248 0.166067 0.695251 0.121209 0.686349 0.132287 0.689688 0.514308 0.681059 0.51536 0.693099 0.51536 0.672795 0.164131 0.686349 0.0723438 0.695682 0.0645743 0.69582 0.0751957 0.662207 0.0981124 0.652739 0.0554679 0.654936 0.0544488 0.66269 0.042118 0.656783 0.0424192 0.65425 0.119839 0.674862 0.1216 0.668391 0.133079 0.671779 0.131976 0.677997 0.0763871 0.65401 0.0848727 0.654374 0.0842435 0.662192 0.0755393 0.658507 0.144892 0.679295 0.144872 0.672591 0.519045 0.680876 0.519662 0.672586 0.526626 0.67319 0.525659 0.680886 0.0149322 0.67969 0.0276813 0.683763 0.024863 0.691104 0.0138062 0.682112 0.0233515 0.707375 0.0212503 0.706903 0.0268204 0.691564 0.0869854 0.678297 0.0848333 0.678386 0.0862545 0.662107 0.0402364 0.6887 0.0525658 0.694609 0.052366 0.710736 0.0377706 0.70983 0.467162 0.686113 0.443449 0.685906 0.446654 0.674098 0.494124 0.686113 0.482309 0.706674 0.476359 0.70069 0.455334 0.665474 0.467162 0.662345 0.382902 0.70015 0.384605 0.700432 0.383954 0.702069 0.436472 0.699526 0.43539 0.701488 0.434693 0.699834 0.410807 0.715736 0.408617 0.715728 0.409704 0.714338 0.0535977 0.686859 0.0545659 0.694626 0.422597 0.707705 0.423477 0.709224 0.541185 0.692146 0.541693 0.688607 0.542779 0.693904 0.0405393 0.686165 0.397083 0.70791 0.396237 0.709434 0.00717058 0.703003 0.056449 0.662699 0.0563583 0.678841 0.0542112 0.678819 0.548819 0.674887 0.551323 0.672482 0.551414 0.672915 0.549293 0.675042 0.434769 0.672039 0.436472 0.672321 0.540003 0.688929 0.449375 0.700668 0.44561 0.694095 0.0987682 0.655318 0.101496 0.677001 0.542299 0.688692 0.543392 0.694183 0.157154 0.67121 0.158429 0.678094 0.0631219 0.690602 0.0636067 0.694293 0.550231 0.687089 0.548105 0.687139 0.548206 0.679746 0.550215 0.679794 0.494117 0.709881 0.550229 0.678752 0.549731 0.675209 0.55132 0.673453 0.539661 0.687617 0.53956 0.680155 0.541693 0.680209 0.541678 0.687565 0.472565 0.694066 0.547502 0.679341 0.547375 0.687524 0.546641 0.687741 0.546827 0.679097 0.551933 0.673176 0.55188 0.672785 0.542872 0.694442 0.540747 0.692311 0.543339 0.694574 0.547857 0.688801 0.547415 0.689199 0.548001 0.678139 0.548546 0.678433 0.539049 0.689609 0.538283 0.688265 0.538958 0.688022 0.539457 0.689223 0.551046 0.679655 0.550836 0.678667 0.542509 0.687704 0.14392 0.698219 0.143898 0.691515 0.15618 0.690131 0.157457 0.697015 0.52679 0.681029 0.52784 0.693069 0.526746 0.693304 0.540272 0.692465 0.03963 0.677889 0.551066 0.68725 0.542782 0.694875 0.0620983 0.686154 0.547592 0.677753 0.164956 0.668751 0.166876 0.675872 0.519627 0.693937 0.518609 0.680878 0.520158 0.693831 0.14489 0.679846 0.131903 0.678407 0.119654 0.675349 0.158507 0.678536 0.167072 0.676322 0.519205 0.67248 0.133262 0.670762 0.144773 0.671494 0.122185 0.667421 0.15678 0.670069 0.165135 0.667421 0.538097 0.679554 0.53883 0.679771 0.52784 0.672795 0.542528 0.680048 0.382902 0.672945 0.384681 0.672637 0.540626 0.675214 0.540122 0.675059 0.542738 0.672482 0.54284 0.672938 0.131003 0.696924 0.132105 0.690705 0.0639448 0.654222 0.0649782 0.658687 0.118865 0.693791 0.120624 0.68732 0.163951 0.68768 0.165872 0.6948 0.0287288 0.659642 0.0295737 0.651857 0.0252293 0.675413 0.0231341 0.674937 0.0267731 0.65919 0.0545123 0.710752 0.015743 0.650221 0.0091112 0.671031 0.084319 0.693994 0.0967951 0.687192 0.0995617 0.708828 0.0850812 0.710151 0.467154 0.709881 0.455347 0.706674 0.470411 0.685907 0.473617 0.674099 0.482296 0.665474 0.422291 0.664561 0.383985 0.670983 0.435419 0.670402 0.410757 0.656742 0.40967 0.658133 0.408567 0.656734 0.082312 0.694082 0.0829241 0.686278 0.423137 0.663037 0.0654649 0.662371 0.541683 0.679119 0.541091 0.675383 0.542748 0.673508 0.0168636 0.647807 0.395897 0.663247 0.396777 0.664765 0.0961351 0.684619 0.0829334 0.710244 0.549172 0.692091 0.551381 0.694363 0.551279 0.694818 0.548669 0.692247 0.539894 0.678792 0.542314 0.679028 0.543392 0.673205 0.506563 0.680908 0.513177 0.680916 0.514266 0.693334 0.507678 0.693862 0.073252 0.694115 0.0735881 0.69041 0.494124 0.662345 0.549637 0.691921 0.55022 0.688179 0.551289 0.693793 0.0742827 0.663775 0.0664363 0.663901 0.551933 0.694095 0.551872 0.694507 0.54333 0.672793 0.548439 0.688504 0.538871 0.678097 0.539313 0.678495 0.550851 0.68827 0.143799 0.690418 0.155806 0.68899 0.0744211 0.685933 0.514147 0.67319 0.507182 0.672586 0.143918 0.69877 0.157535 0.697457 0.11868 0.694278 0.130929 0.697334 0.506127 0.68091 0.507148 0.693968 0.506725 0.67248 0.166067 0.695251 0.121209 0.686349 0.132287 0.689688 0.514308 0.681059 0.51536 0.693099 0.51536 0.672795 0.164131 0.686349 0.0723438 0.695682 0.0645743 0.69582 0.0751957 0.662207 0.0981124 0.652739 0.702014 0.796211 0.715328 0.768583 0.726725 0.766493 0.707147 0.79624 0.674872 0.773744 0.682216 0.759336 0.691604 0.778324 0.686079 0.78864 0.667891 0.76353 0.259392 0.967916 0.237325 0.967916 0.237325 0.956831 0.259392 0.956831 0.674271 0.735123 0.68391 0.715102 0.687269 0.729629 0.114451 0.976724 0.137401 0.976724 0.137402 0.98781 0.114451 0.98781 0.671702 0.749381 0.666785 0.749825 0.669334 0.731011 0.119973 0.956831 0.119973 0.967916 0.117758 0.967916 0.117758 0.956831 0.678523 0.71291 0.70129 0.759185 0.709854 0.72725 0.70546 0.728354 0.705771 0.726143 0.708148 0.725722 0.676682 0.711615 0.678835 0.710814 0.699535 0.741806 0.69605 0.755595 0.703338 0.798137 0.705549 0.797981 0.697066 0.802852 0.694921 0.802616 0.696198 0.800878 0.744626 0.702522 0.745048 0.704675 0.725001 0.712909 0.723812 0.711051 0.767267 0.702522 0.766881 0.704729 0.78867 0.710238 0.787603 0.712166 0.667252 0.729789 0.664539 0.749766 0.684954 0.713095 0.703116 0.723786 0.699094 0.738163 0.725631 0.808226 0.724565 0.810154 0.684476 0.790275 0.673267 0.775326 0.665794 0.764273 0.0906375 0.98781 0.0906375 0.976724 0.0930671 0.976724 0.0930671 0.98781 0.208406 0.967916 0.189845 0.967916 0.189845 0.956831 0.208406 0.956831 0.176265 0.967916 0.176265 0.956831 0.811222 0.72418 0.797907 0.751809 0.78651 0.753899 0.806088 0.724152 0.161437 0.967916 0.161437 0.956831 0.703691 0.721611 0.111183 0.956831 0.111183 0.967916 0.0906375 0.967916 0.0906375 0.956831 0.141277 0.967916 0.141277 0.956831 0.235087 0.967916 0.235087 0.956831 0.160352 0.976724 0.183302 0.976724 0.183302 0.98781 0.160352 0.98781 0.227211 0.956831 0.227211 0.967916 0.225165 0.967916 0.225165 0.956831 0.788125 0.973231 0.802472 0.973231 0.802472 0.987449 0.788125 0.987449 0.773778 0.973231 0.773778 0.987449 0.759431 0.973231 0.759431 0.987449 0.831167 0.973231 0.845514 0.973231 0.845514 0.987449 0.831167 0.987449 0.81682 0.973231 0.81682 0.987449 0.756618 0.760196 0.707923 0.592096 0.713013 0.592758 0.72841 0.62487 0.717398 0.621265 0.678005 0.610706 0.691114 0.597454 0.695201 0.60842 0.683343 0.625972 0.669713 0.619888 0.805087 0.79467 0.789423 0.80934 0.788234 0.807483 0.803381 0.793142 0.672212 0.648895 0.684352 0.656089 0.679068 0.670031 0.809897 0.722255 0.807686 0.722411 0.671585 0.634421 0.666766 0.652306 0.666772 0.63332 0.205369 0.976724 0.205369 0.98781 0.673436 0.671478 0.702223 0.628688 0.706412 0.661485 0.704515 0.66277 0.702216 0.662033 0.702206 0.6598 0.673463 0.673597 0.671436 0.672514 0.698145 0.645673 0.696548 0.631541 0.709495 0.590366 0.711664 0.590819 0.703914 0.58485 0.702789 0.586689 0.701757 0.584795 0.73754 0.690668 0.718062 0.679415 0.719491 0.677735 0.738248 0.688591 0.759889 0.691476 0.759975 0.693715 0.782221 0.688949 0.781424 0.686895 0.664539 0.653236 0.664539 0.633076 0.679832 0.67216 0.697217 0.649224 0.699268 0.664011 0.732146 0.581315 0.732943 0.583369 0.689746 0.595618 0.676628 0.608922 0.667735 0.618869 0.816169 0.71754 0.818314 0.717776 0.817037 0.719513 0.768609 0.817869 0.768187 0.815716 0.745968 0.817869 0.746354 0.815662 0.838363 0.746648 0.831019 0.761056 0.821631 0.742068 0.827156 0.731752 0.838964 0.785269 0.829325 0.805289 0.825967 0.790763 0.699545 0.666244 0.8137 0.778585 0.807775 0.792038 0.817185 0.764797 0.807464 0.794249 0.843902 0.789381 0.834712 0.807482 0.841533 0.77101 0.846451 0.770567 0.328243 0.967916 0.305293 0.967916 0.305293 0.956831 0.328243 0.956831 0.322721 0.98781 0.322721 0.976724 0.324936 0.976724 0.324936 0.98781 0.845344 0.756861 0.811945 0.761207 0.757184 0.635132 0.836554 0.808777 0.8344 0.809578 0.845983 0.790603 0.848696 0.770626 0.828282 0.807296 0.810119 0.796606 0.814142 0.782229 0.82876 0.730117 0.839968 0.745065 0.847441 0.756118 0.352057 0.956831 0.352057 0.967916 0.349627 0.967916 0.349627 0.956831 0.234288 0.976724 0.252849 0.976724 0.252849 0.98781 0.234288 0.98781 0.266429 0.976724 0.266429 0.98781 0.281257 0.976724 0.281257 0.98781 0.809545 0.798781 0.331511 0.98781 0.331511 0.976724 0.352056 0.976724 0.352056 0.98781 0.301417 0.976724 0.301417 0.98781 0.207607 0.976724 0.207607 0.98781 0.282342 0.967916 0.282342 0.956831 0.215483 0.98781 0.215483 0.976724 0.217529 0.976724 0.217529 0.98781 0.721928 0.987449 0.707581 0.987449 0.707581 0.973231 0.721928 0.973231 0.736276 0.987449 0.736276 0.973231 0.750623 0.987449 0.750623 0.973231 0.678886 0.987449 0.664539 0.987449 0.664539 0.973231 0.678886 0.973231 0.693234 0.987449 0.693234 0.973231 0.806444 0.678169 0.801354 0.677506 0.785957 0.645395 0.796969 0.649 0.836362 0.659559 0.823253 0.67281 0.819166 0.661845 0.831024 0.644293 0.844654 0.650377 0.842155 0.62137 0.830015 0.614176 0.835299 0.600234 0.842782 0.635844 0.847601 0.617959 0.847595 0.636945 0.840931 0.598786 0.812144 0.641576 0.807955 0.60878 0.809852 0.607495 0.812151 0.608232 0.812161 0.610465 0.840904 0.596668 0.842931 0.597751 0.816222 0.624592 0.817819 0.638724 0.804872 0.679899 0.802702 0.679446 0.810453 0.685415 0.811578 0.683576 0.81261 0.68547 0.776828 0.579597 0.796305 0.59085 0.794876 0.59253 0.776119 0.581674 0.754478 0.578789 0.754393 0.57655 0.849828 0.617028 0.849828 0.637189 0.834535 0.598105 0.81715 0.621041 0.815099 0.606254 0.824621 0.674647 0.837739 0.661343 0.846632 0.651396 0.814822 0.604021 0.918542 0.36137 0.850396 0.36137 0.850396 0.34086 0.918541 0.34086 0.72809 0.365308 0.712471 0.34534 0.749846 0.331376 0.758014 0.35803 0.68124 0.549092 0.690517 0.522596 0.72452 0.544845 0.709301 0.567743 0.0723616 0.921776 0.0493767 0.934308 0.0496417 0.921497 0.0695565 0.916594 0.711015 0.319931 0.690532 0.303971 0.724526 0.281715 0.738597 0.305849 0.710998 0.506628 0.712453 0.481213 0.749833 0.495177 0.738587 0.520707 0.728076 0.461241 0.723418 0.436346 0.762987 0.441099 0.758003 0.468523 0.0862319 0.862951 0.097633 0.857096 0.0964407 0.883248 0.0905522 0.883 0.0530145 0.841209 0.0538246 0.828421 0.0756775 0.842837 0.072448 0.847764 0.0269383 0.920821 0.00440382 0.907496 0.0155414 0.901167 0.0299504 0.915762 0.0155413 0.861466 0.00440381 0.855137 0.0269381 0.841812 0.0299503 0.846871 0.0954356 0.909408 0.0845658 0.902617 0.762993 0.385454 0.723426 0.390197 0.764633 0.413277 0.733846 0.413273 0.709301 0.258822 0.681246 0.27748 0.705126 0.45564 0.709147 0.434637 0.698999 0.476131 0.690072 0.331015 0.699012 0.350424 0.00449773 0.881317 0.0103837 0.881317 0.0493764 0.828326 0.0496417 0.841136 0.705136 0.370915 0.709154 0.391918 0.710221 0.413277 0.690063 0.495543 0.678781 0.513797 0.678787 0.312763 0.664539 0.52971 0.664539 0.296857 0.918542 0.463917 0.850396 0.463917 0.850396 0.443407 0.918542 0.443407 0.918541 0.279332 0.850396 0.279332 0.850396 0.258822 0.918541 0.258822 0.918542 0.381879 0.850396 0.381879 0.850396 0.320351 0.918541 0.32035 0.850396 0.422898 0.918542 0.422898 0.918542 0.504936 0.850397 0.504936 0.850397 0.484426 0.918542 0.484426 0.43741 0.942411 0.437409 0.962921 0.399137 0.952664 0.850396 0.299841 0.918541 0.299841 0.850396 0.402388 0.918542 0.402388 0.409392 0.990936 0.388882 0.990936 0.360865 0.962921 0.360864 0.942411 0.388886 0.91439 0.409396 0.914392 0.427154 0.980682 0.371121 0.980682 0.371124 0.924643 0.371118 0.924649 0.427157 0.924649 0.609263 0.526817 0.581678 0.512737 0.595747 0.488601 0.629746 0.510853 0.607808 0.55223 0.570431 0.538265 0.592188 0.668133 0.607809 0.688102 0.570431 0.702066 0.562262 0.675412 0.581679 0.727595 0.609264 0.713514 0.629746 0.729478 0.595748 0.75173 0.562261 0.56492 0.592187 0.572199 0.596848 0.597091 0.55728 0.592343 0.585015 0.794991 0.579679 0.783433 0.605766 0.785632 0.605229 0.791523 0.561524 0.833468 0.548735 0.834095 0.560784 0.810853 0.566085 0.813472 0.572512 0.787448 0.579585 0.798033 0.639028 0.755972 0.61097 0.774626 0.655731 0.834081 0.642782 0.833461 0.638204 0.81347 0.643654 0.810854 0.64194 0.856333 0.636715 0.853053 0.586424 0.620166 0.555637 0.620166 0.610969 0.465705 0.639027 0.48436 0.63188 0.787471 0.624669 0.79806 0.610049 0.620166 0.61112 0.641525 0.596849 0.64324 0.567615 0.853053 0.562546 0.856335 0.622044 0.867385 0.628424 0.878753 0.602245 0.878591 0.602164 0.872427 0.576066 0.878753 0.582284 0.867386 0.615139 0.577803 0.61112 0.598806 0.621264 0.557312 0.630203 0.70243 0.621265 0.683019 0.557281 0.647989 0.61514 0.662528 0.630203 0.537902 0.641486 0.519649 0.641486 0.720682 0.655731 0.503739 0.012185 0.0662635 0.0247119 0.0661369 0.0246712 0.0867315 0.0123736 0.0867839 0.00744403 0.148333 0.00711679 0.127754 0.0107744 0.127735 0.010941 0.148317 0.00750334 0.20837 0.00785161 0.18851 0.0112687 0.188562 0.0109122 0.20851 0.0128864 0.168536 0.0249111 0.168482 0.0247317 0.188633 0.0129812 0.188566 0.00666035 0.0459057 0.00632679 0.0257757 0.00966908 0.0255809 0.0102733 0.0458401 0.00729863 0.107282 0.00696874 0.0868225 0.0106182 0.0868014 0.0106702 0.107271 0.00440393 0.248436 0.00662116 0.228235 0.00997735 0.228512 0.00779449 0.249486 0.00706001 0.0663095 0.01043 0.0662851 0.00771863 0.168557 0.0111633 0.168557 0.0125321 0.127714 0.0247627 0.127653 0.0248753 0.148161 0.0126881 0.148297 0.0124242 0.107256 0.0246827 0.107202 0.0113802 0.0254771 0.023511 0.024962 0.024245 0.0455285 0.0120175 0.0458013 0.012623 0.208558 0.0246145 0.208863 0.0239653 0.22933 0.011715 0.228634 0.00440381 0.00561701 0.00798253 0.0045975 0.00976322 0.00445706 0.0225259 0.00440381 0.0228497 0.250015 0.00965149 0.249678 0.843446 0.22674 0.844285 0.246971 0.82072 0.247138 0.820354 0.227058 0.847593 0.107424 0.847631 0.127179 0.844203 0.127162 0.844168 0.107393 0.848089 0.0481676 0.847782 0.0679237 0.844355 0.0678543 0.844666 0.0480523 0.842862 0.0480114 0.842552 0.0678373 0.819755 0.0674928 0.819945 0.0475316 0.848538 0.206878 0.848445 0.226582 0.84519 0.226681 0.844892 0.206915 0.847747 0.146958 0.84794 0.166787 0.844492 0.166795 0.844312 0.146955 0.850108 0.00845289 0.848689 0.0284532 0.845372 0.02827 0.846726 0.00754688 0.842507 0.146972 0.84268 0.166817 0.819783 0.166873 0.819668 0.146942 0.848196 0.186716 0.844719 0.186738 0.847637 0.0876756 0.844213 0.0876292 0.842411 0.0876246 0.842367 0.107396 0.819593 0.107217 0.819642 0.0873623 0.842892 0.186756 0.84307 0.206942 0.820248 0.207008 0.819962 0.186892 0.610191 0.0455429 0.61108 0.0657667 0.680113 0.0863024 0.681047 0.0659783 0.8424 0.127172 0.819607 0.127069 0.610281 0.00555705 0.609685 0.0257361 0.843515 0.0281866 0.82051 0.0274999 0.682085 0.0459514 0.68281 0.0264637 0.610124 0.208534 0.609624 0.228274 0.682212 0.247562 0.682648 0.227929 0.844712 0.00760128 0.820833 0.00742186 0.611886 0.167939 0.61102 0.188347 0.849657 0.246171 0.846061 0.247056 0.682017 0.208355 0.681004 0.188245 0.61025 0.248103 0.614443 0.147527 0.624793 0.0866381 0.624025 0.0652614 0.63973 0.0647786 0.640385 0.088199 0.655731 0.736592 0.0454225 0.819518 0.0454225 0.751372 0.0659321 0.751372 0.0659323 0.819518 0.230008 0.819517 0.230008 0.751371 0.250517 0.751371 0.250517 0.819517 0.12746 0.819517 0.127461 0.751372 0.14797 0.751372 0.14797 0.819517 0.16848 0.819517 0.168479 0.751372 0.188989 0.751372 0.188989 0.819517 0.0864413 0.751372 0.0864418 0.819518 0.00440381 0.819518 0.00440381 0.751372 0.0249133 0.751372 0.0249133 0.819518 0.952286 0.40406 0.952286 0.422215 0.92735 0.422215 0.92735 0.40406 0.209498 0.751372 0.209498 0.819517 0.106951 0.751372 0.106951 0.819517 0.952286 0.313287 0.952286 0.331442 0.92735 0.331442 0.92735 0.313287 0.952286 0.349596 0.952286 0.367751 0.92735 0.367751 0.92735 0.349596 0.952286 0.258822 0.952286 0.276977 0.92735 0.276977 0.92735 0.258822 0.952286 0.44037 0.92735 0.44037 0.952286 0.385905 0.92735 0.385906 0.952286 0.295132 0.92735 0.295132 0.952286 0.458524 0.92735 0.458524 0.952286 0.476679 0.92735 0.476679 0.680084 0.1679 0.677673 0.147507 0.673841 0.127093 0.677688 0.106683 0.618584 0.12706 0.614469 0.106594 0.682478 0.00692573 0.611932 0.0861821 0.624746 0.167496 0.627225 0.147193 0.640793 0.146312 0.64034 0.165954 0.631276 0.127069 0.641076 0.127075 0.627249 0.106942 0.640814 0.107839 0.623962 0.188863 0.639649 0.189368 0.652918 0.18937 0.65294 0.16594 0.667268 0.167436 0.668104 0.188815 0.622316 0.246721 0.621562 0.228041 0.639947 0.227978 0.640967 0.24386 0.651801 0.228029 0.652804 0.214268 0.669637 0.209998 0.670788 0.227829 0.652938 0.0399045 0.652285 0.0263727 0.671018 0.0265443 0.669779 0.044269 0.621743 0.0260599 0.622541 0.00701052 0.641555 0.0106439 0.640408 0.0262721 0.622663 0.0439958 0.63949 0.0399368 0.652983 0.0882302 0.652986 0.0648062 0.668182 0.0653945 0.667305 0.0867531 0.651564 0.0109914 0.670581 0.00818158 0.651081 0.243684 0.670247 0.246334 0.62257 0.210102 0.639341 0.214171 0.653019 0.107883 0.664969 0.107044 0.652993 0.127082 0.661222 0.127087 0.652999 0.146283 0.664951 0.147135 0.773441 0.320351 0.841587 0.32035 0.841587 0.34086 0.773442 0.34086 0.773442 0.422898 0.841587 0.422898 0.841587 0.443407 0.773442 0.443407 0.773442 0.484426 0.841588 0.484426 0.841588 0.504936 0.773442 0.504936 0.773441 0.299841 0.841587 0.299841 0.773442 0.402388 0.841587 0.402388 0.773442 0.463917 0.841587 0.463917 0.773441 0.279332 0.841587 0.279332 0.773442 0.381879 0.841587 0.381879 0.841587 0.36137 0.773442 0.36137 0.773441 0.258822 0.841587 0.258822 0.91919 0.770328 0.919186 0.746106 0.955652 0.746106 0.955656 0.770328 0.91919 0.818773 0.91919 0.794551 0.955656 0.79455 0.955656 0.818773 0.919182 0.867217 0.919186 0.842995 0.955652 0.842995 0.955648 0.867217 0.919182 0.721884 0.919179 0.697662 0.955644 0.697661 0.955648 0.721884 0.168961 0.91944 0.147008 0.929676 0.14773 0.920792 0.167888 0.917012 0.343632 0.883619 0.352057 0.880698 0.347628 0.904512 0.345007 0.904082 0.314147 0.856675 0.316302 0.848027 0.333832 0.864743 0.332039 0.8667 0.279891 0.934361 0.259325 0.921565 0.267159 0.917319 0.281337 0.932139 0.919175 0.624995 0.919179 0.600772 0.955644 0.600772 0.95564 0.624995 0.267158 0.877376 0.259325 0.873131 0.279891 0.860335 0.281337 0.862557 0.344214 0.928493 0.337164 0.923033 0.919175 0.673439 0.95564 0.673439 0.300614 0.939139 0.299893 0.948023 0.321846 0.937787 0.320772 0.935359 0.919175 0.649217 0.95564 0.649217 0.259842 0.897348 0.262492 0.897348 0.299893 0.846672 0.300614 0.855556 0.864224 0.0242144 0.878726 0.00971207 0.898537 0.044025 0.918347 0.00971195 0.93285 0.0242145 0.93285 0.0638356 0.918348 0.0783379 0.878727 0.0783381 0.864224 0.0638358 0.938158 0.044025 0.898537 0.0836462 0.898537 0.00440381 0.858916 0.044025 0.106958 0.879001 0.109607 0.879001 0.114274 0.898973 0.106441 0.903218 0.919183 0.57655 0.955648 0.57655 0.127007 0.841988 0.147008 0.828326 0.14773 0.837209 0.128452 0.84421 0.127007 0.916014 0.128452 0.913792 0.106441 0.854784 0.114274 0.859029 0.910366 0.679097 0.858636 0.679097 0.858636 0.658588 0.910366 0.658588 0.199173 0.862351 0.194743 0.886165 0.192123 0.885735 0.190748 0.865272 0.180948 0.846396 0.179155 0.848353 0.163418 0.82968 0.161263 0.838328 0.191329 0.910146 0.18428 0.904686 0.910367 0.781645 0.858637 0.781645 0.858637 0.761135 0.910366 0.761135 0.910366 0.59706 0.858636 0.59706 0.858636 0.57655 0.910366 0.57655 0.910366 0.699607 0.858636 0.699607 0.858636 0.638079 0.910366 0.638078 0.858636 0.740626 0.910366 0.740626 0.910367 0.822663 0.858637 0.822663 0.858637 0.802154 0.910367 0.802154 0.935647 0.120693 0.935593 0.141202 0.930212 0.139748 0.930259 0.122119 0.858636 0.617569 0.910366 0.617569 0.858636 0.720116 0.910366 0.720116 0.888467 0.163801 0.906096 0.163801 0.907536 0.169185 0.887026 0.169185 0.864304 0.122119 0.86435 0.139748 0.85897 0.141202 0.858916 0.120693 0.90627 0.0979386 0.888641 0.0978455 0.887229 0.0924538 0.907738 0.0925621 0.921371 0.154999 0.925307 0.158946 0.873192 0.154999 0.869256 0.158946 0.87332 0.106566 0.869405 0.102599 0.805445 0.963931 0.78782 0.9643 0.787477 0.939795 0.80476 0.939433 0.873064 0.10682 0.869108 0.102895 0.921498 0.10682 0.925455 0.102895 0.840672 0.962454 0.823063 0.963315 0.822037 0.93883 0.839303 0.937985 0.770191 0.964423 0.770191 0.939916 0.752562 0.9643 0.752905 0.939795 0.734937 0.963931 0.735621 0.939433 0.717318 0.963315 0.718345 0.93883 0.69971 0.962454 0.701079 0.937985 0.682116 0.961347 0.683826 0.936899 0.664539 0.959994 0.66659 0.935573 0.875843 0.959993 0.858266 0.961346 0.856556 0.936899 0.873792 0.935573 0.899816 0.242512 0.882529 0.242511 0.891175 0.210252 0.914788 0.23387 0.923433 0.2189 0.923436 0.201613 0.914795 0.186641 0.899816 0.177992 0.914788 0.186634 0.882529 0.177994 0.867559 0.186638 0.858916 0.201609 0.858916 0.218896 0.867559 0.233867 0.0757567 0.35803 0.0751755 0.380181 0.0131455 0.375265 0.0143202 0.356053 0.353002 0.390886 0.413627 0.385729 0.415047 0.40724 0.354273 0.410026 0.00815454 0.413436 0.068816 0.42456 0.0631296 0.445375 0.00440381 0.432257 0.351119 0.371839 0.41108 0.36465 0.34058 0.315231 0.400111 0.299941 0.405356 0.321448 0.344999 0.333943 0.440267 0.38729 0.455539 0.388491 0.45868 0.409476 0.441365 0.409259 0.423147 0.384789 0.420957 0.363599 0.438165 0.361931 0.425311 0.429095 0.437374 0.429799 0.431932 0.450322 0.424147 0.449722 0.474681 0.359424 0.453119 0.36071 0.45146 0.331806 0.473969 0.330842 0.409567 0.297022 0.421233 0.292662 0.431991 0.312329 0.415996 0.319258 0.0903961 0.430713 0.100263 0.410351 0.118066 0.418199 0.0979297 0.434677 0.0840344 0.452033 0.0796925 0.449369 0.0784741 0.42695 0.0837322 0.404147 0.0949779 0.286681 0.101327 0.285062 0.120949 0.302839 0.103493 0.307398 0.0828843 0.289576 0.078247 0.269143 0.0857861 0.26722 0.0889978 0.265848 0.428548 0.288341 0.449251 0.303965 0.409561 0.274599 0.413766 0.271706 0.402358 0.277435 0.103198 0.330497 0.114523 0.340139 0.11096 0.347265 0.10831 0.356084 0.101745 0.358874 0.125561 0.388497 0.142237 0.390691 0.143169 0.414097 0.0723641 0.446941 0.0866353 0.335955 0.0866211 0.312552 0.443759 0.430162 0.435322 0.451063 0.425462 0.406741 0.435718 0.335886 0.118594 0.342966 0.120379 0.334135 0.123613 0.337967 0.143809 0.329636 0.145841 0.309359 0.167428 0.311742 0.16644 0.330835 0.127197 0.330761 0.145358 0.333661 0.129904 0.334852 0.418752 0.34206 0.476393 0.387294 0.498272 0.35875 0.498622 0.386332 0.498279 0.405474 0.477961 0.405121 0.165508 0.390695 0.165428 0.41341 0.119279 0.385058 0.113378 0.378454 0.11772 0.375783 0.122511 0.381366 0.354685 0.429223 0.415622 0.428923 0.414738 0.450276 0.354481 0.448413 0.0143743 0.336802 0.076597 0.335902 0.348393 0.352863 0.409031 0.343236 0.0136878 0.317534 0.0756523 0.313418 0.335516 0.296721 0.393212 0.279546 0.764627 0.867175 0.714583 0.876721 0.757298 0.848663 0.543711 0.300773 0.518995 0.306065 0.516604 0.288826 0.536241 0.284896 0.638477 0.904815 0.651077 0.923998 0.596821 0.946471 0.474443 0.307533 0.496793 0.307592 0.497532 0.330579 0.555165 0.904815 0.574347 0.892215 0.397301 0.900928 0.378119 0.888328 0.419775 0.846672 0.649133 0.339178 0.58755 0.336443 0.589036 0.31422 0.650364 0.320069 0.75672 0.905357 0.764627 0.887085 0.0112309 0.394441 0.0728133 0.402581 0.742641 0.919436 0.542565 0.923998 0.365519 0.869146 0.0118511 0.298368 0.0730984 0.291283 0.106746 0.44456 0.09242 0.459371 0.47575 0.289838 0.49627 0.290297 0.436909 0.278062 0.455491 0.287338 0.124829 0.434565 0.685947 0.918858 0.704219 0.926765 0.421802 0.263922 0.562847 0.283533 0.553673 0.274154 0.0861002 0.358369 0.0851865 0.38077 0.671868 0.904779 0.185952 0.431687 0.187659 0.414234 0.212747 0.418341 0.206033 0.434756 0.705037 0.826677 0.686525 0.834006 0.0688937 0.270077 0.00933649 0.279315 0.724947 0.826677 0.724129 0.926765 0.672446 0.848085 0.664539 0.866357 0.664539 0.886267 0.743219 0.834584 0.474422 0.804172 0.460904 0.808979 0.460102 0.807628 0.474026 0.802613 0.419775 0.905583 0.444863 0.751371 0.444863 0.810282 0.42239 0.805627 0.403207 0.793027 0.390607 0.773845 0.385953 0.751371 0.318235 0.837865 0.259325 0.837865 0.263979 0.815391 0.276579 0.796209 0.149202 0.291136 0.169924 0.294062 0.522326 0.885865 0.520543 0.88432 0.519776 0.876404 0.520915 0.869111 0.78315 0.542208 0.78315 0.56179 0.780062 0.561791 0.780438 0.542208 0.289073 0.786622 0.288676 0.785064 0.302194 0.780256 0.302996 0.781608 0.519307 0.861922 0.299329 0.761494 0.303977 0.756036 0.310031 0.764282 0.303168 0.766723 0.470233 0.422268 0.455949 0.43757 0.28166 0.762766 0.279052 0.768705 0.272001 0.767408 0.276114 0.758043 0.284706 0.752492 0.287108 0.759246 0.0987452 0.258822 0.111829 0.275037 0.303492 0.773201 0.311217 0.770831 0.309845 0.77829 0.446218 0.456107 0.27573 0.783454 0.283215 0.780412 0.281506 0.788374 0.311905 0.779443 0.281177 0.791444 0.780608 0.903242 0.780608 0.922824 0.773435 0.922824 0.773435 0.903242 0.813041 0.903242 0.813041 0.922824 0.806554 0.922824 0.806554 0.903242 0.787095 0.903242 0.787095 0.922824 0.797396 0.542208 0.797396 0.56179 0.790737 0.56179 0.790737 0.542208 0.854021 0.903242 0.854021 0.922824 0.839674 0.922824 0.839674 0.903242 0.807625 0.56179 0.807625 0.542208 0.875372 0.542207 0.875372 0.561789 0.873011 0.561789 0.873011 0.542207 0.817854 0.542208 0.817854 0.56179 0.848542 0.561789 0.838313 0.561789 0.838312 0.542207 0.848542 0.542207 0.828084 0.56179 0.828083 0.542208 0.8325 0.903242 0.8325 0.922824 0.826014 0.922824 0.826014 0.903242 0.865427 0.561789 0.858771 0.561789 0.858771 0.542207 0.865427 0.542207 0.279376 0.775184 0.272512 0.777625 0.773441 0.561759 0.774156 0.542171 0.165374 0.4309 0.144818 0.431548 0.52402 0.892028 0.521898 0.852628 0.52402 0.846672 0.512908 0.858558 0.512921 0.850526 0.519562 0.853981 0.489542 0.860147 0.49674 0.852936 0.50051 0.858999 0.495941 0.863585 0.506378 0.849695 0.506642 0.856932 0.494643 0.869929 0.487493 0.87014 0.501155 0.880494 0.497752 0.886786 0.490126 0.880001 0.496315 0.876186 0.587759 0.35829 0.648619 0.358297 0.313606 0.334842 0.252225 0.336887 0.252014 0.315059 0.313338 0.315543 0.314515 0.354077 0.253722 0.358383 0.322454 0.411381 0.262016 0.424101 0.257611 0.402261 0.318859 0.392415 0.575864 0.265727 0.567224 0.258822 0.233038 0.434663 0.247223 0.451882 0.238892 0.459371 0.224298 0.444664 0.242957 0.292423 0.230863 0.290969 0.237599 0.270679 0.245375 0.271763 0.252403 0.426659 0.240531 0.430596 0.230424 0.410401 0.246794 0.40402 0.570479 0.287129 0.561599 0.307644 0.580284 0.26818 0.582448 0.290347 0.578193 0.313087 0.570462 0.429165 0.564184 0.430872 0.54442 0.413521 0.561711 0.408832 0.58241 0.426078 0.587419 0.446297 0.579944 0.448343 0.577685 0.380331 0.560063 0.384987 0.559793 0.358326 0.577583 0.358298 0.576769 0.449751 0.251544 0.449143 0.258867 0.446583 0.544302 0.358369 0.522119 0.358484 0.521029 0.329387 0.543735 0.328801 0.559949 0.331599 0.57764 0.336237 0.58766 0.270277 0.54393 0.387821 0.521496 0.387239 0.578243 0.403418 0.224462 0.290201 0.234242 0.269717 0.241463 0.314964 0.225558 0.311442 0.208087 0.310058 0.519736 0.407442 0.22845 0.35979 0.22734 0.386625 0.217241 0.378951 0.220278 0.371683 0.222324 0.362905 0.948529 0.124004 0.995596 0.143596 0.944455 0.143477 0.649149 0.377414 0.587579 0.380116 0.222078 0.357142 0.650391 0.396544 0.589059 0.402302 0.966242 0.946759 0.919175 0.927166 0.970317 0.927286 0.316342 0.373269 0.254834 0.380141 0.948438 0.162969 0.959308 0.179632 0.596821 0.887561 0.619294 0.892215 0.226615 0.332664 0.216044 0.341918 0.210549 0.336299 0.243643 0.358986 0.242528 0.33732 0.46143 0.888328 0.442248 0.900928 0.478685 0.846672 0.47403 0.869146 0.652713 0.301088 0.592111 0.292315 0.59689 0.271446 0.655731 0.282254 0.254845 0.271773 0.252702 0.293178 0.959475 0.107391 0.360864 0.846672 0.655731 0.946471 0.313976 0.29624 0.31524 0.276982 0.268112 0.444837 0.938878 0.880145 0.919414 0.876025 0.955464 0.89113 0.537911 0.946471 0.938657 0.974279 0.955295 0.963371 0.59208 0.424186 0.596722 0.445179 0.65273 0.415552 0.655731 0.43444 0.919175 0.978308 0.976113 0.096483 0.995595 0.0924538 0.244975 0.380916 0.966334 0.907794 0.975895 0.190617 0.995358 0.194737 0.326709 0.430164 0.372491 0.815391 0.377145 0.837865 0.359891 0.796209 0.503774 0.751371 0.499119 0.773845 0.486519 0.793027 0.209674 0.834488 0.211456 0.836033 0.212222 0.843946 0.211085 0.851238 0.451193 0.809793 0.212693 0.858428 0.77979 0.513744 0.77979 0.533326 0.773441 0.533327 0.773441 0.513744 0.874723 0.533325 0.872012 0.533325 0.872011 0.513743 0.875099 0.513743 0.536509 0.429813 0.516699 0.42554 0.567191 0.456898 0.553919 0.440984 0.1973 0.296439 0.212665 0.28197 0.223612 0.263963 0.318235 0.778954 0.453253 0.810946 0.481921 0.797791 0.481592 0.800862 0.340709 0.783609 0.478392 0.836744 0.47599 0.829989 0.481438 0.826469 0.486984 0.831193 0.46377 0.827742 0.459121 0.833199 0.453067 0.824954 0.459931 0.822513 0.565918 0.955279 0.565918 0.974861 0.559432 0.974861 0.559432 0.955279 0.864424 0.533325 0.864424 0.513743 0.552258 0.955279 0.552258 0.974861 0.537911 0.974861 0.537911 0.955279 0.578891 0.955279 0.578891 0.974861 0.572405 0.974861 0.572405 0.955279 0.496131 0.423023 0.857766 0.533325 0.857765 0.513743 0.782151 0.533326 0.78215 0.513744 0.789735 0.513744 0.789735 0.533326 0.796391 0.533326 0.79639 0.513744 0.80662 0.513744 0.80662 0.533326 0.816849 0.533326 0.816849 0.513744 0.827078 0.513744 0.827078 0.533326 0.604837 0.974861 0.598351 0.974861 0.598351 0.955279 0.604837 0.955279 0.484047 0.82053 0.491098 0.821827 0.483723 0.814052 0.490586 0.811611 0.479883 0.808824 0.487368 0.805782 0.591864 0.955279 0.591864 0.974861 0.585378 0.974861 0.585378 0.955279 0.837307 0.533326 0.837307 0.513744 0.847536 0.513744 0.847537 0.533326 0.881721 0.513775 0.881006 0.533363 0.166311 0.334936 0.20798 0.828326 0.210102 0.867725 0.20798 0.873682 0.219094 0.861792 0.219082 0.869827 0.212438 0.866371 0.224399 0.830921 0.234237 0.833574 0.230842 0.839867 0.224583 0.838182 0.2315 0.861349 0.23527 0.867416 0.225628 0.870658 0.225364 0.863417 0.237367 0.85042 0.244516 0.850201 0.242475 0.860201 0.236073 0.856764 0.241869 0.840344 0.235686 0.844166 0.145228 0.337741 0.132462 0.339236 0.128497 0.384574 0.144041 0.386695 0.115519 0.349166 0.119205 0.351168 0.117918 0.356756 0.113148 0.356607 0.211446 0.385465 0.204075 0.345359 0.207449 0.348765 0.203776 0.360812 0.198992 0.342589 0.165559 0.382373 0.144129 0.382546 0.14355 0.380711 0.165572 0.380406 0.205231 0.388872 0.166201 0.33889 0.166151 0.340808 0.144566 0.339516 0.21297 0.37634 0.215667 0.370086 0.131478 0.378495 0.127206 0.359911 0.143623 0.36005 0.131336 0.380329 0.209591 0.37323 0.211955 0.368336 0.165532 0.386448 0.122927 0.371675 0.120535 0.36652 0.119736 0.361946 0.126386 0.342144 0.121876 0.346347 0.126106 0.375221 0.120903 0.352341 0.11987 0.356848 0.12354 0.347372 0.215119 0.350518 0.212191 0.344603 0.219485 0.348687 0.125482 0.377043 0.12117 0.372614 0.212914 0.362821 0.212791 0.357809 0.217404 0.357666 0.217491 0.362687 0.208257 0.381827 0.202341 0.384977 0.199563 0.380767 0.205342 0.377561 0.204805 0.343741 0.199073 0.340851 0.201632 0.33677 0.207485 0.339837 0.207874 0.372303 0.210229 0.367278 0.117793 0.361934 0.118763 0.3676 0.114954 0.369394 0.113069 0.361796 0.211576 0.352429 0.209045 0.347801 0.13249 0.341051 0.209939 0.353547 0.165755 0.360521 0.204296 0.333032 0.199438 0.378958 0.204737 0.375768 0.211017 0.362829 0.210916 0.357891 0.11023 0.371044 0.108084 0.362039 0.187492 0.381026 0.187739 0.360665 0.187429 0.340656 0.127129 0.343857 0.186865 0.338903 0.186896 0.382839 0.186939 0.386957 0.186941 0.33495 0.188654 0.331168 0.18813 0.312983 0.188695 0.390942 0.10316 0.386323 0.469543 0.8307 0.468225 0.837865 0.611324 0.955279 0.611324 0.974861 0.218412 0.840199 0.217898 0.832154 0.618497 0.955279 0.618497 0.974861 0.451881 0.818405 0.459607 0.816035 0.881721 0.561789 0.88172 0.542207 0.1292 0.286527 0.819527 0.922824 0.819527 0.903242 0.507598 0.889446 0.507411 0.882186 0.800068 0.903242 0.800068 0.922824 0.793581 0.922824 0.793581 0.903242 0.293556 0.758536 0.294874 0.751371 0.513581 0.880152 0.514103 0.888205 0.946966 0.0579627 0.959107 0.0542614 0.960824 0.0570555 0.9471 0.0612392 0.959107 0.0113817 0.946966 0.00768031 0.9471 0.00440381 0.960824 0.00858753 0.967897 0.0451043 0.970759 0.046705 0.967897 0.0205388 0.970759 0.0189381 0.971099 0.0328216 0.974378 0.0328216 0.890528 0.555444 0.890528 0.542751 0.901521 0.549097 0.912513 0.542751 0.912513 0.555444 0.901521 0.561791 0.901521 0.536404 0.0297901 0.968076 0.017097 0.968076 0.017097 0.965183 0.0297901 0.965183 0.0805625 0.968076 0.0678694 0.968076 0.0678694 0.965183 0.0805625 0.965183 0.00440381 0.968076 0.00440381 0.965183 0.0551763 0.968076 0.0551763 0.965183 0.0424832 0.968076 0.0424832 0.965183 0.20798 0.936049 0.220122 0.932348 0.221838 0.935142 0.208114 0.939326 0.220122 0.889468 0.20798 0.885767 0.208115 0.88249 0.221838 0.886674 0.228912 0.923191 0.231774 0.924791 0.228912 0.898625 0.231774 0.897025 0.232113 0.910908 0.235392 0.910908 0.512581 0.807913 0.512581 0.79522 0.523574 0.801567 0.534566 0.79522 0.534566 0.807913 0.523574 0.81426 0.523574 0.788873 0.939417 0.217662 0.953764 0.217662 0.946591 0.230087 0.932243 0.230087 0.939417 0.242512 0.953764 0.242512 0.960938 0.230087 0.0551762 0.953482 0.0678694 0.953482 0.0678694 0.956375 0.0551762 0.956375 0.00440381 0.953482 0.0170969 0.953482 0.0170969 0.956375 0.00440381 0.956375 0.0805624 0.953482 0.0805624 0.956375 0.02979 0.953482 0.02979 0.956375 0.0424831 0.953482 0.0424831 0.956375 0.525006 0.751371 0.537431 0.758545 0.525006 0.765719 0.537431 0.772892 0.525006 0.780066 0.512581 0.772892 0.512581 0.758545 0.324609 0.468268 0.324693 0.503428 0.307402 0.503402 0.307295 0.468314 0.292308 0.468382 0.292457 0.503377 0.335516 0.547655 0.352406 0.547701 0.352329 0.581509 0.335435 0.581507 0.497191 0.480851 0.512012 0.480825 0.512087 0.503657 0.497191 0.50364 0.483631 0.526442 0.483606 0.503623 0.497137 0.526428 0.374476 0.538808 0.374547 0.503493 0.385173 0.503505 0.385209 0.538808 0.292199 0.538407 0.307196 0.538512 0.483685 0.480804 0.342747 0.538681 0.342896 0.503453 0.360313 0.503475 0.360179 0.538754 0.525555 0.503673 0.525283 0.526399 0.511957 0.526489 0.324517 0.5386 0.457146 0.503592 0.4571 0.538805 0.466937 0.526208 0.466923 0.503603 0.0223735 0.73149 0.0405369 0.728927 0.0417667 0.73747 0.0236102 0.740032 0.518814 0.633848 0.520463 0.624202 0.528811 0.625312 0.526291 0.637808 0.342834 0.46823 0.360264 0.468199 0.374561 0.468179 0.466991 0.480999 0.385673 0.547767 0.398956 0.547755 0.399028 0.581512 0.385659 0.581512 0.327764 0.679133 0.327598 0.670514 0.338876 0.668484 0.341908 0.676551 0.516602 0.64819 0.50421 0.651996 0.503428 0.643413 0.512178 0.640884 0.504215 0.714967 0.516652 0.718626 0.512319 0.725977 0.503537 0.723552 0.478544 0.603451 0.469117 0.615377 0.469243 0.581545 0.478598 0.58155 0.382936 0.720412 0.394616 0.727626 0.391699 0.735733 0.377963 0.727465 0.0223599 0.635364 0.00440381 0.632742 0.00565128 0.624201 0.0235587 0.626817 0.00440381 0.734016 0.00560547 0.742563 0.398951 0.615278 0.327807 0.68794 0.34195 0.690529 0.338914 0.698595 0.327638 0.696559 0.511484 0.559533 0.521238 0.559835 0.52113 0.58158 0.511322 0.581572 0.356202 0.699052 0.369874 0.709958 0.364487 0.716701 0.351286 0.706145 0.492718 0.559459 0.501826 0.559479 0.501784 0.581564 0.492793 0.581558 0.00440381 0.581453 0.00851368 0.563743 0.021326 0.550628 0.0213235 0.581455 0.469143 0.547705 0.356164 0.668035 0.351251 0.660941 0.489531 0.725675 0.488339 0.717127 0.488308 0.650035 0.489396 0.641469 0.369842 0.657137 0.364458 0.650391 0.377939 0.639634 0.382909 0.646689 0.404823 0.729039 0.404841 0.737663 0.369644 0.547741 0.369577 0.581511 0.391679 0.631373 0.394592 0.639481 0.0241693 0.525116 0.0163187 0.516657 0.0184529 0.515234 0.0250057 0.522439 0.385293 0.468204 0.0134698 0.503704 0.0163701 0.490749 0.0185021 0.492184 0.0160487 0.503709 0.309586 0.54762 0.321037 0.547616 0.320994 0.581504 0.309631 0.581503 0.00866713 0.521948 0.00440381 0.503688 0.884729 0.903242 0.906496 0.903346 0.906496 0.911763 0.884729 0.911863 0.457184 0.468378 0.525338 0.480947 0.404822 0.629449 0.474354 0.63924 0.473104 0.647926 0.4048 0.638073 0.474367 0.727908 0.473132 0.71922 0.00872405 0.485425 0.526462 0.728893 0.529121 0.741361 0.520791 0.742564 0.519038 0.732937 0.862963 0.911765 0.862829 0.903345 0.0405125 0.638003 0.0417209 0.629457 0.00848517 0.599082 0.0213165 0.612203 0.385667 0.615262 0.47857 0.559792 0.521202 0.603458 0.51145 0.603823 0.335506 0.615359 0.321026 0.615394 0.0242712 0.482298 0.0221849 0.471895 0.0220615 0.53548 0.303946 0.667102 0.302736 0.675549 0.0498684 0.639343 0.0510917 0.630799 0.492688 0.603869 0.501794 0.603862 0.369636 0.615284 0.352397 0.615318 0.309575 0.615386 0.0338116 0.528579 0.0344332 0.525484 0.262997 0.525119 0.26365 0.528193 0.025101 0.484986 0.0251 0.503732 0.263349 0.503297 0.0341432 0.503762 0.0345754 0.481958 0.263145 0.481556 0.281735 0.492061 0.283875 0.503359 0.281315 0.503353 0.279554 0.493314 0.0315755 0.468932 0.266145 0.468717 0.263792 0.478489 0.0339483 0.478855 0.281686 0.514656 0.273425 0.524472 0.272559 0.521812 0.279507 0.513391 0.265982 0.538018 0.0314161 0.538453 0.272526 0.503329 0.272658 0.484882 0.273532 0.482233 0.312506 0.676948 0.313714 0.668507 0.313752 0.698559 0.312548 0.690118 0.295625 0.5815 0.295572 0.547655 0.285746 0.581498 0.0302745 0.581457 0.0302776 0.547633 0.285705 0.547669 0.303983 0.69996 0.0511126 0.736137 0.0498934 0.727592 0.302778 0.691512 0.276222 0.538191 0.295561 0.615347 0.276354 0.468561 0.285693 0.615329 0.0302672 0.615281 0.0339796 0.943116 0.0339796 0.944674 0.0191918 0.944674 0.0191917 0.943116 0.122704 0.943115 0.122704 0.944673 0.107917 0.944673 0.107917 0.943116 0.0931294 0.943116 0.0931295 0.944673 0.0783421 0.944673 0.0783421 0.943116 0.0635547 0.943116 0.0635547 0.944673 0.0487671 0.944674 0.0487671 0.943116 0.152278 0.943115 0.152278 0.944673 0.137491 0.944673 0.137491 0.943115 0.181852 0.943115 0.181852 0.944673 0.167065 0.944673 0.167065 0.943115 0.948402 0.53957 0.962374 0.539611 0.962892 0.541544 0.947872 0.541548 0.897102 0.847335 0.885024 0.84031 0.885542 0.838377 0.898551 0.845887 0.974452 0.532586 0.981474 0.520506 0.983407 0.521024 0.975901 0.534034 0.904079 0.873388 0.904124 0.859415 0.906057 0.858898 0.906057 0.873918 0.981429 0.506533 0.974478 0.494412 0.975894 0.492997 0.983407 0.506003 0.885006 0.892457 0.897128 0.885509 0.898544 0.886924 0.885535 0.894435 0.962356 0.487465 0.948383 0.487424 0.947865 0.485491 0.962885 0.485487 0.858955 0.885473 0.871033 0.892497 0.870515 0.894431 0.857507 0.88692 0.936305 0.494449 0.929283 0.506529 0.92735 0.506011 0.934857 0.493001 0.851978 0.85942 0.851933 0.873392 0.85 0.87391 0.85 0.858889 0.929328 0.520502 0.936279 0.532623 0.934864 0.534038 0.92735 0.521032 0.858929 0.847299 0.878029 0.866404 0.955379 0.513517 0.857514 0.845883 0.00440383 0.944674 0.00440381 0.943116 0.871052 0.840351 0.870522 0.838373 0.542447 0.549459 0.545906 0.548916 0.545906 0.563544 0.539061 0.550768 0.535703 0.553179 0.976538 0.259357 0.975898 0.262965 0.971426 0.261946 0.971605 0.258822 0.975003 0.266591 0.971188 0.265078 0.973577 0.270555 0.970831 0.268433 0.533256 0.556525 0.965512 0.551911 0.965511 0.552744 0.952634 0.552726 0.952297 0.551914 0.97011 0.272958 0.967745 0.269646 0.531845 0.559999 0.961812 0.55928 0.965501 0.559713 0.966715 0.258822 0.966993 0.262326 0.966415 0.275571 0.964788 0.27078 0.963576 0.266794 0.967311 0.265807 0.952022 0.550356 0.965512 0.550356 0.961806 0.259546 0.962649 0.263196 0.963028 0.267223 0.962002 0.26349 0.964361 0.27136 0.961094 0.25977 0.965303 0.274354 0.964928 0.275198 0.963742 0.276864 0.963415 0.275941 0.531306 0.563291 0.977376 0.267664 0.974941 0.271602 0.971754 0.274992 0.968168 0.277613 0.96496 0.279336 0.978906 0.263839 0.530045 0.563158 0.530672 0.55977 0.542072 0.548231 0.545786 0.547616 0.532151 0.555854 0.538402 0.549675 0.53482 0.552286 0.979854 0.260007 0.954439 0.555263 0.958124 0.557912 0.542208 0.61111 0.54591 0.597087 0.545657 0.611713 0.538845 0.609742 0.535529 0.607274 0.905961 0.923987 0.906496 0.92892 0.903372 0.929098 0.902353 0.924626 0.90024 0.929336 0.898727 0.925521 0.896885 0.929693 0.894763 0.926947 0.533141 0.603885 0.90402 0.521545 0.890804 0.521524 0.891143 0.520713 0.90402 0.520712 0.895672 0.93278 0.892359 0.930415 0.53179 0.600387 0.90033 0.514171 0.90402 0.513743 0.906496 0.933809 0.902992 0.933531 0.894538 0.935737 0.889747 0.934109 0.898524 0.936948 0.899511 0.933214 0.904017 0.5231 0.890528 0.523082 0.905772 0.938718 0.902122 0.937875 0.901828 0.938523 0.898095 0.937496 0.893958 0.936163 0.905548 0.939431 0.890964 0.935222 0.890119 0.935596 0.888454 0.936782 0.889377 0.937109 0.531308 0.597087 0.897654 0.923149 0.893716 0.925583 0.890326 0.92877 0.887705 0.932356 0.885982 0.935564 0.901479 0.921618 0.530613 0.600596 0.530045 0.597198 0.545514 0.61301 0.541811 0.612331 0.532024 0.604538 0.538167 0.610823 0.534631 0.60815 0.905311 0.92067 0.892951 0.518178 0.896641 0.515534 0.931052 0.552256 0.92735 0.566279 0.927603 0.551654 0.934415 0.553624 0.937731 0.556093 0.901426 0.968218 0.896493 0.968752 0.896314 0.965628 0.900786 0.96461 0.896076 0.962497 0.899891 0.960984 0.895719 0.959142 0.898465 0.95702 0.940119 0.559481 0.512582 0.824622 0.525797 0.824645 0.525458 0.825456 0.512582 0.825455 0.892633 0.957928 0.894997 0.954616 0.94147 0.562979 0.516271 0.831997 0.512581 0.832424 0.891603 0.968752 0.891881 0.965249 0.889676 0.956794 0.891303 0.952004 0.888464 0.96078 0.892199 0.961768 0.512584 0.823067 0.526073 0.823087 0.886694 0.968029 0.887537 0.964379 0.88689 0.964085 0.887916 0.960352 0.889249 0.956215 0.885982 0.967804 0.890191 0.953221 0.889816 0.952376 0.88863 0.950711 0.888303 0.951633 0.941952 0.566279 0.902264 0.959911 0.899829 0.955972 0.896642 0.952582 0.893056 0.949962 0.889848 0.948238 0.903794 0.963736 0.942647 0.56277 0.943215 0.566168 0.927746 0.550356 0.931449 0.551035 0.941236 0.558828 0.935093 0.552543 0.938629 0.555216 0.904742 0.967568 0.52365 0.82799 0.51996 0.830634 0.533504 0.586437 0.530045 0.586979 0.530045 0.572351 0.536891 0.585127 0.540249 0.582716 0.62784 0.958595 0.631447 0.959235 0.630429 0.963707 0.627305 0.963528 0.635074 0.96013 0.63356 0.963945 0.639038 0.961556 0.636916 0.964302 0.542695 0.57937 0.946966 0.0778489 0.946967 0.0770158 0.959844 0.0770342 0.960181 0.0778457 0.641441 0.965023 0.638129 0.967388 0.544106 0.575896 0.950666 0.0704797 0.946977 0.0700468 0.627305 0.968418 0.630808 0.96814 0.644053 0.968718 0.639263 0.970345 0.635277 0.971557 0.63429 0.967822 0.960455 0.0794039 0.946966 0.0794039 0.628028 0.973327 0.631679 0.972484 0.635705 0.972105 0.631973 0.973131 0.639842 0.970772 0.628253 0.974039 0.642837 0.96983 0.643681 0.970205 0.645347 0.971391 0.644424 0.971718 0.544645 0.572604 0.636147 0.957757 0.640085 0.960192 0.643475 0.963379 0.646095 0.966965 0.647819 0.970173 0.632322 0.956227 0.545906 0.572737 0.545279 0.576125 0.53388 0.587665 0.530166 0.588279 0.5438 0.580042 0.537549 0.58622 0.541131 0.583609 0.62849 0.955279 0.958039 0.0744969 0.954353 0.0718481 0.475412 0.918784 0.459689 0.927862 0.456473 0.924645 0.474234 0.91439 0.450612 0.943584 0.446218 0.942407 0.450612 0.961739 0.446218 0.962916 0.459689 0.977461 0.456473 0.980678 0.475412 0.986539 0.474234 0.990933 0.493567 0.986539 0.494744 0.990933 0.509289 0.977461 0.512506 0.980678 0.518366 0.961739 0.522761 0.962916 0.518366 0.943584 0.522761 0.942407 0.509289 0.927862 0.512506 0.924645 0.493566 0.918784 0.494744 0.91439 0.773435 0.869631 0.773435 0.851476 0.807313 0.860555 0.798236 0.826677 0.816391 0.826677 0.841191 0.851476 0.841192 0.869631 0.807313 0.860555 0.816387 0.894435 0.798233 0.894433 0.782513 0.835754 0.832113 0.835754 0.832111 0.885359 0.832116 0.885354 0.782511 0.885354 0.782511 0.885354 </float_array>
          <technique_common>
            <accessor count="2672" offset="0" source="#meshId0-tex0-array" stride="2">
              <param name="S" type="float" />
              <param name="T" type="float" />
            </accessor>
          </technique_common>
        </source>
        <source id="meshId0-color0" name="meshId0-color0">
          <float_array id="meshId0-color0-array" count="8016"> 1 1 1 1 1 1 1 1 1 1 1 1 1 1 1 1 1 1 1 1 1 1 1 1 1 1 1 1 1 1 1 1 1 1 1 1 1 1 1 1 1 1 1 1 1 1 1 1 1 1 1 1 1 1 1 1 1 1 1 1 1 1 1 1 1 1 1 1 1 1 1 1 1 1 1 1 1 1 1 1 1 1 1 1 1 1 1 1 1 1 1 1 1 1 1 1 1 1 1 1 1 1 1 1 1 1 1 1 1 1 1 1 1 1 1 1 1 1 1 1 1 1 1 1 1 1 1 1 1 1 1 1 1 1 1 1 1 1 1 1 1 1 1 1 1 1 1 1 1 1 1 1 1 1 1 1 1 1 1 1 1 1 1 1 1 1 1 1 1 1 1 1 1 1 1 1 1 1 1 1 1 1 1 1 1 1 1 1 1 1 1 1 1 1 1 1 1 1 1 1 1 1 1 1 1 1 1 1 1 1 1 1 1 1 1 1 1 1 1 1 1 1 1 1 1 1 1 1 1 1 1 1 1 1 1 1 1 1 1 1 1 1 1 1 1 1 1 1 1 1 1 1 1 1 1 1 1 1 1 1 1 1 1 1 1 1 1 1 1 1 1 1 1 1 1 1 1 1 1 1 1 1 1 1 1 1 1 1 1 1 1 1 1 1 1 1 1 1 1 1 1 1 1 1 1 1 1 1 1 1 1 1 1 1 1 1 1 1 1 1 1 1 1 1 1 1 1 1 1 1 1 1 1 1 1 1 1 1 1 1 1 1 1 1 1 1 1 1 1 1 1 1 1 1 1 1 1 1 1 1 1 1 1 1 1 1 1 1 1 1 1 1 1 1 1 1 1 1 1 1 1 1 1 1 1 1 1 1 1 1 1 1 1 1 1 1 1 1 1 1 1 1 1 1 1 1 1 1 1 1 1 1 1 1 1 1 1 1 1 1 1 1 1 1 1 1 1 1 1 1 1 1 1 1 1 1 1 1 1 1 1 1 1 1 1 1 1 1 1 1 1 1 1 1 1 1 1 1 1 1 1 1 1 1 1 1 1 1 1 1 1 1 1 1 1 1 1 1 1 1 1 1 1 1 1 1 1 1 1 1 1 1 1 1 1 1 1 1 1 1 1 1 1 1 1 1 1 1 1 1 1 1 1 1 1 1 1 1 1 1 1 1 1 1 1 1 1 1 1 1 1 1 1 1 1 1 1 1 1 1 1 1 1 1 1 1 1 1 1 1 1 1 1 1 1 1 1 1 1 1 1 1 1 1 1 1 1 1 1 1 1 1 1 1 1 1 1 1 1 1 1 1 1 1 1 1 1 1 1 1 1 1 1 1 1 1 1 1 1 1 1 1 1 1 1 1 1 1 1 1 1 1 1 1 1 1 1 1 1 1 1 1 1 1 1 1 1 1 1 1 1 1 1 1 1 1 1 1 1 1 1 1 1 1 1 1 1 1 1 1 1 1 1 1 1 1 1 1 1 1 1 1 1 1 1 1 1 1 1 1 1 1 1 1 1 1 1 1 1 1 1 1 1 1 1 1 1 1 1 1 1 1 1 1 1 1 1 1 1 1 1 1 1 1 1 1 1 1 1 1 1 1 1 1 1 1 1 1 1 1 1 1 1 1 1 1 1 1 1 1 1 1 1 1 1 1 1 1 1 1 1 1 1 1 1 1 1 1 1 1 1 1 1 1 1 1 1 1 1 1 1 1 1 1 1 1 1 1 1 1 1 1 1 1 1 1 1 1 1 1 1 1 1 1 1 1 1 1 1 1 1 1 1 1 1 1 1 1 1 1 1 1 1 1 1 1 1 1 1 1 1 1 1 1 1 1 1 1 1 1 1 1 1 1 1 1 1 1 1 1 1 1 1 1 1 1 1 1 1 1 1 1 1 1 1 1 1 1 1 1 1 1 1 1 1 1 1 1 1 1 1 1 1 1 1 1 1 1 1 1 1 1 1 1 1 1 1 1 1 1 1 1 1 1 1 1 1 1 1 1 1 1 1 1 1 1 1 1 1 1 1 1 1 1 1 1 1 1 1 1 1 1 1 1 1 1 1 1 1 1 1 1 1 1 1 1 1 1 1 1 1 1 1 1 1 1 1 1 1 1 1 1 1 1 1 1 1 1 1 1 1 1 1 1 1 1 1 1 1 1 1 1 1 1 1 1 1 1 1 1 1 1 1 1 1 1 1 1 1 1 1 1 1 1 1 1 1 1 1 1 1 1 1 1 1 1 1 1 1 1 1 1 1 1 1 1 1 1 1 1 1 1 1 1 1 1 1 1 1 1 1 1 1 1 1 1 1 1 1 1 1 1 1 1 1 1 1 1 1 1 1 1 1 1 1 1 1 1 1 1 1 1 1 1 1 1 1 1 1 1 1 1 1 1 1 1 1 1 1 1 1 1 1 1 1 1 1 1 1 1 1 1 1 1 1 1 1 1 1 1 1 1 1 1 1 1 1 1 1 1 1 1 1 1 1 1 1 1 1 1 1 1 1 1 1 1 1 1 1 1 1 1 1 1 1 1 1 1 1 1 1 1 1 1 1 1 1 1 1 1 1 1 1 1 1 1 1 1 1 1 1 1 1 1 1 1 1 1 1 1 1 1 1 1 1 1 1 1 1 1 1 1 1 1 1 1 1 1 1 1 1 1 1 1 1 1 1 1 1 1 1 1 1 1 1 1 1 1 1 1 1 1 1 1 1 1 1 1 1 1 1 1 1 1 1 1 1 1 1 1 1 1 1 1 1 1 1 1 1 1 1 1 1 1 1 1 1 1 1 1 1 1 1 1 1 1 1 1 1 1 1 1 1 1 1 1 1 1 1 1 1 1 1 1 1 1 1 1 1 1 1 1 1 1 1 1 1 1 1 1 1 1 1 1 1 1 1 1 1 1 1 1 1 1 1 1 1 1 1 1 1 1 1 1 1 1 1 1 1 1 1 1 1 1 1 1 1 1 1 1 1 1 1 1 1 1 1 1 1 1 1 1 1 1 1 1 1 1 1 1 1 1 1 1 1 1 1 1 1 1 1 1 1 1 1 1 1 1 1 1 1 1 1 1 1 1 1 1 1 1 1 1 1 1 1 1 1 1 1 1 1 1 1 1 1 1 1 1 1 1 1 1 1 1 1 1 1 1 1 1 1 1 1 1 1 1 1 1 1 1 1 1 1 1 1 1 1 1 1 1 1 1 1 1 1 1 1 1 1 1 1 1 1 1 1 1 1 1 1 1 1 1 1 1 1 1 1 1 1 1 1 1 1 1 1 1 1 1 1 1 1 1 1 1 1 1 1 1 1 1 1 1 1 1 1 1 1 1 1 1 1 1 1 1 1 1 1 1 1 1 1 1 1 1 1 1 1 1 1 1 1 1 1 1 1 1 1 1 1 1 1 1 1 1 1 1 1 1 1 1 1 1 1 1 1 1 1 1 1 1 1 1 1 1 1 1 1 1 1 1 1 1 1 1 1 1 1 1 1 1 1 1 1 1 1 1 1 1 1 1 1 1 1 1 1 1 1 1 1 1 1 1 1 1 1 1 1 1 1 1 1 1 1 1 1 1 1 1 1 1 1 1 1 1 1 1 1 1 1 1 1 1 1 1 1 1 1 1 1 1 1 1 1 1 1 1 1 1 1 1 1 1 1 1 1 1 1 1 1 1 1 1 1 1 1 1 1 1 1 1 1 1 1 1 1 1 1 1 1 1 1 1 1 1 1 1 1 1 1 1 1 1 1 1 1 1 1 1 1 1 1 1 1 1 1 1 1 1 1 1 1 1 1 1 1 1 1 1 1 1 1 1 1 1 1 1 1 1 1 1 1 1 1 1 1 1 1 1 1 1 1 1 1 1 1 1 1 1 1 1 1 1 1 1 1 1 1 1 1 1 1 1 1 1 1 1 1 1 1 1 1 1 1 1 1 1 1 1 1 1 1 1 1 1 1 1 1 1 1 1 1 1 1 1 1 1 1 1 1 1 1 1 1 1 1 1 1 1 1 1 1 1 1 1 1 1 1 1 1 1 1 1 1 1 1 1 1 1 1 1 1 1 1 1 1 1 1 1 1 1 1 1 1 1 1 1 1 1 1 1 1 1 1 1 1 1 1 1 1 1 1 1 1 1 1 1 1 1 1 1 1 1 1 1 1 1 1 1 1 1 1 1 1 1 1 1 1 1 1 1 1 1 1 1 1 1 1 1 1 1 1 1 1 1 1 1 1 1 1 1 1 1 1 1 1 1 1 1 1 1 1 1 1 1 1 1 1 1 1 1 1 1 1 1 1 1 1 1 1 1 1 1 1 1 1 1 1 1 1 1 1 1 1 1 1 1 1 1 1 1 1 1 1 1 1 1 1 1 1 1 1 1 1 1 1 1 1 1 1 1 1 1 1 1 1 1 1 1 1 1 1 1 1 1 1 1 1 1 1 1 1 1 1 1 1 1 1 1 1 1 1 1 1 1 1 1 1 1 1 1 1 1 1 1 1 1 1 1 1 1 1 1 1 1 1 1 1 1 1 1 1 1 1 1 1 1 1 1 1 1 1 1 1 1 1 1 1 1 1 1 1 1 1 1 1 1 1 1 1 1 1 1 1 1 1 1 1 1 1 1 1 1 1 1 1 1 1 1 1 1 1 1 1 1 1 1 1 1 1 1 1 1 1 1 1 1 1 1 1 1 1 1 1 1 1 1 1 1 1 1 1 1 1 1 1 1 1 1 1 1 1 1 1 1 1 1 1 1 1 1 1 1 1 1 1 1 1 1 1 1 1 1 1 1 1 1 1 1 1 1 1 1 1 1 1 1 1 1 1 1 1 1 1 1 1 1 1 1 1 1 1 1 1 1 1 1 1 1 1 1 1 1 1 1 1 1 1 1 1 1 1 1 1 1 1 1 1 1 1 1 1 1 1 1 1 1 1 1 1 1 1 1 1 1 1 1 1 1 1 1 1 1 1 1 1 1 1 1 1 1 1 1 1 1 1 1 1 1 1 1 1 1 1 1 1 1 1 1 1 1 1 1 1 1 1 1 1 1 1 1 1 1 1 1 1 1 1 1 1 1 1 1 1 1 1 1 1 1 1 1 1 1 1 1 1 1 1 1 1 1 1 1 1 1 1 1 1 1 1 1 1 1 1 1 1 1 1 1 1 1 1 1 1 1 1 1 1 1 1 1 1 1 1 1 1 1 1 1 1 1 1 1 1 1 1 1 1 1 1 1 1 1 1 1 1 1 1 1 1 1 1 1 1 1 1 1 1 1 1 1 1 1 1 1 1 1 1 1 1 1 1 1 1 1 1 1 1 1 1 1 1 1 1 1 1 1 1 1 1 1 1 1 1 1 1 1 1 1 1 1 1 1 1 1 1 1 1 1 1 1 1 1 1 1 1 1 1 1 1 1 1 1 1 1 1 1 1 1 1 1 1 1 1 1 1 1 1 1 1 1 1 1 1 1 1 1 1 1 1 1 1 1 1 1 1 1 1 1 1 1 1 1 1 1 1 1 1 1 1 1 1 1 1 1 1 1 1 1 1 1 1 1 1 1 1 1 1 1 1 1 1 1 1 1 1 1 1 1 1 1 1 1 1 1 1 1 1 1 1 1 1 1 1 1 1 1 1 1 1 1 1 1 1 1 1 1 1 1 1 1 1 1 1 1 1 1 1 1 1 1 1 1 1 1 1 1 1 1 1 1 1 1 1 1 1 1 1 1 1 1 1 1 1 1 1 1 1 1 1 1 1 1 1 1 1 1 1 1 1 1 1 1 1 1 1 1 1 1 1 1 1 1 1 1 1 1 1 1 1 1 1 1 1 1 1 1 1 1 1 1 1 1 1 1 1 1 1 1 1 1 1 1 1 1 1 1 1 1 1 1 1 1 1 1 1 1 1 1 1 1 1 1 1 1 1 1 1 1 1 1 1 1 1 1 1 1 1 1 1 1 1 1 1 1 1 1 1 1 1 1 1 1 1 1 1 1 1 1 1 1 1 1 1 1 1 1 1 1 1 1 1 1 1 1 1 1 1 1 1 1 1 1 1 1 1 1 1 1 1 1 1 1 1 1 1 1 1 1 1 1 1 1 1 1 1 1 1 1 1 1 1 1 1 1 1 1 1 1 1 1 1 1 1 1 1 1 1 1 1 1 1 1 1 1 1 1 1 1 1 1 1 1 1 1 1 1 1 1 1 1 1 1 1 1 1 1 1 1 1 1 1 1 1 1 1 1 1 1 1 1 1 1 1 1 1 1 1 1 1 1 1 1 1 1 1 1 1 1 1 1 1 1 1 1 1 1 1 1 1 1 1 1 1 1 1 1 1 1 1 1 1 1 1 1 1 1 1 1 1 1 1 1 1 1 1 1 1 1 1 1 1 1 1 1 1 1 1 1 1 1 1 1 1 1 1 1 1 1 1 1 1 1 1 1 1 1 1 1 1 1 1 1 1 1 1 1 1 1 1 1 1 1 1 1 1 1 1 1 1 1 1 1 1 1 1 1 1 1 1 1 1 1 1 1 1 1 1 1 1 1 1 1 1 1 1 1 1 1 1 1 1 1 1 1 1 1 1 1 1 1 1 1 1 1 1 1 1 1 1 1 1 1 1 1 1 1 1 1 1 1 1 1 1 1 1 1 1 1 1 1 1 1 1 1 1 1 1 1 1 1 1 1 1 1 1 1 1 1 1 1 1 1 1 1 1 1 1 1 1 1 1 1 1 1 1 1 1 1 1 1 1 1 1 1 1 1 1 1 1 1 1 1 1 1 1 1 1 1 1 1 1 1 1 1 1 1 1 1 1 1 1 1 1 1 1 1 1 1 1 1 1 1 1 1 1 1 1 1 1 1 1 1 1 1 1 1 1 1 1 1 1 1 1 1 1 1 1 1 1 1 1 1 1 1 1 1 1 1 1 1 1 1 1 1 1 1 1 1 1 1 1 1 1 1 1 1 1 1 1 1 1 1 1 1 1 1 1 1 1 1 1 1 1 1 1 1 1 1 1 1 1 1 1 1 1 1 1 1 1 1 1 1 1 1 1 1 1 1 1 1 1 1 1 1 1 1 1 1 1 1 1 1 1 1 1 1 1 1 1 1 1 1 1 1 1 1 1 1 1 1 1 1 1 1 1 1 1 1 1 1 1 1 1 1 1 1 1 1 1 1 1 1 1 1 1 1 1 1 1 1 1 1 1 1 1 1 1 1 1 1 1 1 1 1 1 1 1 1 1 1 1 1 1 1 1 1 1 1 1 1 1 1 1 1 1 1 1 1 1 1 1 1 1 1 1 1 1 1 1 1 1 1 1 1 1 1 1 1 1 1 1 1 1 1 1 1 1 1 1 1 1 1 1 1 1 1 1 1 1 1 1 1 1 1 1 1 1 1 1 1 1 1 1 1 1 1 1 1 1 1 1 1 1 1 1 1 1 1 1 1 1 1 1 1 1 1 1 1 1 1 1 1 1 1 1 1 1 1 1 1 1 1 1 1 1 1 1 0.996078 0.996078 0.996078 0.996078 0.996078 0.996078 1 1 1 1 1 1 1 1 1 1 1 1 1 1 1 1 1 1 1 1 1 1 1 1 1 1 1 1 1 1 1 1 1 1 1 1 1 1 1 1 1 1 1 1 1 0.996078 0.996078 0.996078 0.996078 0.996078 0.996078 1 1 1 1 1 1 1 1 1 1 1 1 1 1 1 1 1 1 1 1 1 1 1 1 1 1 1 1 1 1 1 1 1 1 1 1 1 1 1 1 1 1 1 1 1 1 1 1 1 1 1 1 1 1 1 1 1 1 1 1 1 1 1 1 1 1 1 1 1 1 1 1 1 1 1 1 1 1 1 1 1 1 1 1 1 1 1 1 1 1 1 1 1 1 1 1 1 1 1 1 1 1 1 1 1 1 1 1 1 1 1 1 1 1 1 1 1 1 1 1 1 1 1 1 1 1 1 1 1 1 1 1 1 1 1 1 1 1 1 1 1 1 1 1 1 1 1 1 1 1 1 1 1 1 1 1 1 1 1 1 1 1 1 1 1 1 1 1 1 1 1 1 1 1 1 1 1 1 1 1 1 1 1 1 1 1 1 1 1 1 1 1 1 1 1 1 1 1 1 1 1 1 1 1 1 1 1 1 1 1 1 1 1 1 1 1 1 1 1 1 1 1 1 1 1 1 1 1 1 1 1 1 1 1 1 1 1 1 1 1 1 1 1 1 1 1 1 1 1 1 1 1 1 1 1 1 1 1 1 1 1 1 1 1 1 1 1 1 1 1 1 1 1 1 1 1 1 1 1 1 1 1 1 1 1 1 1 1 1 1 1 1 1 1 1 1 1 1 1 1 1 1 1 1 1 1 1 1 1 1 1 1 1 1 1 1 1 1 1 1 1 1 1 1 1 1 1 1 1 1 1 1 1 1 1 1 1 1 1 1 1 1 1 1 1 1 1 1 1 1 1 1 1 1 1 1 1 1 1 1 1 1 1 1 1 1 1 1 1 1 1 1 1 1 1 1 1 1 1 1 1 1 1 1 1 1 1 1 1 1 1 1 1 1 1 1 1 1 1 1 1 1 1 1 1 1 1 1 1 1 1 1 1 1 1 1 1 1 1 1 1 1 1 1 1 1 1 1 1 1 1 1 1 1 1 1 1 1 1 1 1 1 1 1 1 1 1 1 1 1 1 1 1 1 1 1 1 1 1 1 1 1 1 1 1 1 1 1 1 1 1 1 1 1 1 1 1 1 1 1 1 1 1 1 1 1 1 1 1 1 1 1 1 1 1 1 1 1 1 1 1 1 1 1 1 1 1 1 1 1 1 1 1 1 1 1 1 1 1 1 1 1 1 1 1 1 1 1 1 1 1 1 1 1 1 1 1 1 1 1 1 1 1 1 1 1 1 1 1 1 1 1 1 1 1 1 1 1 1 1 1 1 1 1 1 1 1 1 1 1 1 1 1 1 1 1 1 1 1 1 1 1 1 1 1 1 1 1 1 1 1 1 1 1 1 1 1 1 1 1 1 1 1 1 1 1 1 1 1 1 1 1 1 1 1 1 1 1 1 1 1 1 1 1 1 1 1 1 1 1 1 1 1 1 1 1 1 1 1 1 1 1 1 1 1 1 1 1 1 1 1 1 1 1 1 1 1 1 1 1 1 1 1 1 1 1 1 1 1 1 1 1 1 1 1 1 1 1 1 1 1 1 1 1 1 1 1 1 1 1 1 1 1 1 1 1 1 1 1 1 1 1 1 1 1 1 1 1 1 1 1 1 1 1 1 1 1 1 1 1 1 1 1 1 1 1 1 1 1 1 1 1 1 1 1 1 1 1 1 1 1 1 1 1 1 1 1 1 1 1 1 1 1 1 1 1 1 1 1 1 1 1 1 1 1 1 1 1 1 1 1 1 1 1 1 1 1 1 1 1 1 1 1 1 1 1 1 1 1 1 1 1 1 1 1 1 1 1 1 1 1 1 1 1 1 1 1 1 1 1 1 1 1 1 1 1 1 1 1 1 1 1 1 1 1 1 1 1 1 1 1 1 1 1 1 1 1 1 1 1 1 1 1 1 1 1 1 1 1 1 1 1 1 1 1 1 1 1 1 1 1 1 1 1 1 1 1 1 1 1 1 1 1 1 1 1 1 1 1 1 1 1 1 1 1 1 1 1 1 1 1 1 1 1 1 1 1 1 1 1 1 1 1 1 1 1 1 1 1 1 1 1 1 1 1 1 1 1 1 1 1 1 1 1 1 1 1 1 1 1 1 1 1 1 1 1 1 1 1 1 1 1 1 1 1 1 1 1 1 1 1 1 1 1 1 1 1 1 1 1 1 1 1 1 1 1 1 1 1 1 1 1 1 1 1 1 1 1 1 1 1 1 1 1 1 1 1 1 1 1 1 1 1 1 1 1 1 1 1 1 1 1 1 1 1 1 1 1 1 1 1 1 1 1 1 1 1 1 1 1 1 1 1 1 1 1 1 1 1 1 1 1 1 1 1 1 1 1 1 1 1 1 1 1 1 1 1 1 1 1 1 1 1 1 1 1 1 1 1 1 1 1 1 1 1 1 1 1 1 1 1 1 1 1 1 1 1 1 1 1 1 1 1 1 1 1 1 1 1 1 1 1 1 1 1 1 1 1 1 1 1 1 1 1 1 1 1 1 1 1 1 1 1 1 1 1 1 1 1 1 1 1 1 1 1 1 1 1 1 1 1 1 1 1 1 1 1 1 1 1 1 1 1 1 1 1 1 1 1 1 1 1 1 1 1 1 1 1 1 1 1 1 1 1 1 1 1 1 1 1 1 1 1 1 1 1 1 1 1 1 1 1 1 1 1 1 1 1 1 1 1 1 1 1 1 1 1 1 1 1 1 1 1 1 1 1 1 1 1 1 1 1 1 1 1 1 1 1 1 1 1 1 1 1 1 1 1 1 1 1 1 1 1 1 1 1 1 1 1 1 1 1 1 1 1 1 1 1 1 1 1 1 1 1 1 1 1 1 1 1 1 1 1 1 1 1 1 1 1 1 1 1 1 1 1 1 1 1 1 1 1 1 1 1 1 1 1 1 1 1 1 1 1 1 1 1 1 1 1 1 1 1 1 1 1 1 1 1 1 1 1 1 1 1 1 1 1 1 1 1 1 1 1 1 1 1 1 1 1 1 1 1 1 1 1 1 1 1 1 1 1 1 1 1 1 1 1 1 1 1 1 1 1 1 1 1 1 1 1 1 1 1 1 1 1 1 1 1 1 1 1 1 1 1 1 1 1 1 1 1 1 1 1 1 1 1 1 1 1 1 1 1 1 1 1 1 1 1 1 1 1 1 1 1 1 1 1 1 1 1 1 1 1 1 1 1 1 1 1 1 1 1 1 1 1 1 1 1 1 1 1 1 1 1 1 1 1 1 1 1 1 1 1 1 1 1 1 1 1 1 1 1 1 1 1 1 1 1 1 1 1 1 1 1 1 1 1 1 1 1 1 1 1 1 1 1 1 1 1 1 1 1 1 1 1 1 1 1 1 1 1 1 1 1 1 1 1 1 1 1 1 1 1 1 1 1 1 1 1 1 1 1 1 1 1 1 1 1 1 1 1 1 1 1 1 1 1 1 1 1 1 1 1 1 1 1 1 1 1 1 1 1 1 1 1 1 1 1 1 1 1 1 1 1 1 1 1 1 1 1 1 1 1 1 1 1 1 1 1 1 1 1 1 1 1 1 1 1 1 1 1 1 1 1 1 1 1 1 1 1 1 1 1 1 1 1 1 1 1 1 1 1 1 1 1 1 1 1 1 1 1 1 1 1 1 1 1 1 1 1 1 1 1 1 1 1 1 1 1 1 1 1 1 1 1 1 1 1 1 1 1 1 1 1 1 1 1 1 1 1 1 1 1 1 1 1 1 1 1 1 1 1 1 1 1 1 1 1 1 1 1 1 1 1 1 1 1 1 1 1 1 1 1 1 1 1 1 1 1 1 1 1 1 1 1 1 1 1 1 1 1 1 1 1 1 1 1 1 1 1 1 1 1 1 1 1 1 1 1 1 1 1 1 1 1 1 1 1 1 1 1 1 1 1 1 1 1 1 1 1 1 1 1 1 1 1 1 1 1 1 1 1 1 1 1 1 1 1 1 1 1 1 1 1 1 1 1 1 1 1 1 1 1 1 1 1 1 1 1 1 1 1 1 1 1 1 1 1 1 1 1 1 1 1 1 1 1 1 1 1 1 1 1 1 1 1 1 1 1 1 1 1 1 1 1 1 1 1 1 1 1 1 1 1 1 1 1 1 1 1 1 1 1 1 1 1 1 1 1 1 1 1 1 1 1 1 1 1 1 1 1 1 1 1 1 1 1 1 1 1 1 1 1 1 1 1 1 1 1 1 1 1 1 1 1 1 1 1 1 1 1 1 1 1 1 1 1 1 1 1 1 1 1 1 1 1 1 1 1 1 1 1 1 1 1 1 1 1 1 1 1 1 1 1 1 1 1 1 1 1 1 1 1 1 1 1 1 1 1 1 1 1 1 1 1 1 1 1 1 1 1 1 1 1 1 1 1 1 1 1 1 1 1 1 1 1 1 1 1 1 1 1 1 1 1 1 1 1 1 1 1 1 1 1 1 1 1 1 1 1 1 1 1 1 1 1 1 1 1 1 1 1 1 1 1 1 1 1 1 1 1 1 1 1 1 1 1 1 1 1 1 1 1 1 1 1 1 1 1 1 1 1 1 1 1 1 1 1 1 1 1 1 1 1 1 1 1 1 1 1 1 1 1 1 1 1 1 1 1 1 1 1 1 1 1 1 1 1 1 1 1 1 1 1 1 1 1 1 1 1 1 1 1 1 1 1 1 1 1 1 1 1 1 1 1 1 1 1 1 1 1 1 1 1 1 1 1 1 1 1 1 1 1 1 1 1 1 1 1 1 1 1 1 1 1 1 1 1 1 1 1 1 1 1 1 1 1 1 1 1 1 1 1 1 1 1 1 1 1 1 1 1 1 1 1 1 1 1 1 1 1 1 1 1 1 1 1 1 1 1 1 1 1 1 1 1 1 1 1 1 1 1 1 1 1 1 1 1 1 1 1 1 1 1 1 1 1 1 1 1 1 1 1 1 1 1 1 1 1 1 1 1 1 1 1 1 1 1 1 1 1 1 1 1 1 1 1 1 1 1 1 1 1 1 1 1 1 1 1 1 1 1 1 1 1 1 1 1 1 1 1 1 1 1 1 1 1 1 1 1 1 1 1 1 1 1 1 1 1 1 1 1 1 1 1 1 1 1 1 1 1 1 1 1 1 1 1 1 1 1 1 1 1 1 1 1 1 1 1 1 1 1 1 1 1 1 1 1 1 1 1 1 1 1 1 1 1 1 1 1 1 1 1 1 1 1 1 1 1 1 1 1 1 1 1 1 1 1 1 1 1 1 1 1 1 1 1 1 1 1 1 1 1 1 1 1 1 1 1 1 1 1 1 1 1 1 1 1 1 1 1 1 1 1 1 1 1 1 1 1 1 1 1 1 1 1 1 1 1 1 1 1 1 1 1 1 1 1 1 1 1 1 1 1 1 1 1 1 1 1 1 1 1 1 1 1 1 1 1 1 1 1 1 1 1 1 1 1 1 1 1 1 1 1 1 1 1 1 1 1 1 1 1 1 1 1 1 1 1 1 1 1 1 1 1 1 1 1 1 1 1 1 1 1 1 1 1 1 1 1 1 1 1 1 1 1 1 1 1 1 1 1 1 1 1 1 1 1 1 1 1 1 1 1 1 1 1 1 1 1 1 1 1 1 1 1 1 1 1 1 1 1 1 1 1 1 1 1 1 1 1 1 1 1 1 1 1 1 1 1 1 1 1 1 1 1 1 1 1 1 1 1 1 1 1 1 1 1 1 1 1 1 1 1 1 1 1 1 1 1 1 1 1 1 1 1 1 1 1 1 1 1 1 1 1 1 1 1 1 1 1 1 1 1 1 1 1 1 1 1 1 1 1 1 1 1 1 1 1 1 1 1 1 1 1 1 1 1 1 1 1 1 1 1 1 1 1 1 1 1 1 1 1 1 1 1 1 1 1 1 1 1 1 1 1 1 1 1 1 1 1 1 1 1 1 1 1 1 1 1 1 1 1 1 1 1 1 1 1 1 1 1 1 1 1 1 1 1 1 1 1 1 1 1 1 1 1 1 1 1 1 1 1 1 1 1 1 1 1 1 1 1 1 1 1 1 1 1 1 1 1 1 1 1 1 1 1 1 1 1 1 1 1 1 1 1 1 1 1 1 1 1 1 1 1 1 1 1 1 1 1 1 1 1 1 1 1 1 1 1 1 1 1 1 1 1 1 1 1 1 1 1 1 1 1 1 1 1 1 1 1 1 1 1 1 1 1 1 1 1 1 1 1 1 1 1 1 1 1 1 1 1 1 1 1 1 1 1 1 1 1 1 1 1 1 1 1 1 1 1 1 1 1 1 1 1 1 1 1 1 1 1 1 1 1 1 1 1 1 1 1 1 1 1 1 1 1 1 1 1 1 1 1 1 1 1 1 1 1 1 1 1 1 1 1 1 1 1 1 1 1 1 1 1 1 1 1 1 1 1 1 1 1 1 1 1 1 1 1 1 1 1 1 1 1 1 1 1 1 1 1 1 1 1 1 1 1 1 1 1 1 1 1 1 1 1 1 1 1 1 1 1 1 1 1 1 1 1 1 1 1 1 1 1 1 1 1 1 1 1 1 1 1 1 1 1 1 1 1 1 1 1 1 1 1 1 1 1 1 1 1 1 1 1 1 1 1 1 1 1 1 1 1 1 1 1 1 1 1 1 1 1 1 1 1 1 1 1 1 1 1 1 1 1 1 1 1 1 1 1 1 1 1 1 1 1 1 1 1 1 1 1 1 1 1 1 1 1 1 1 1 1 1 1 1 1 1 1 1 1 1 1 1 1 1 1 1 1 1 1 1 1 1 1 1 1 1 1 1 1 1 1 1 1 1 1 1 1 1 1 1 1 1 1 1 1 1 1 1 1 1 1 1 1 1 1 1 1 1 1 1 1 1 1 1 1 1 1 1 1 1 1 1 1 1 1 1 1 1 1 1 1 1 1 1 1 1 1 1 1 1 1 1 1 1 1 1 1 1 1 1 1 1 1 1 1 1 1 1 1 1 1 1 1 1 1 1 1 1 1 1 1 1 1 1 1 1 1 1 1 1 1 1 1 1 1 1 1 1 1 1 1 1 1 1 1 1 1 1 1 1 1 1 1 1 1 1 1 1 1 1 1 1 1 1 1 1 1 1 1 1 1 1 1 1 1 1 1 1 1 1 1 1 1 1 1 1 1 1 1 1 1 1 1 1 1 1 1 1 1 1 1 1 1 1 1 1 1 1 1 1 1 1 1 1 1 1 1 1 1 1 1 1 1 1 1 1 1 1 1 1 1 1 1 1 1 1 1 1 1 1 1 1 1 1 1 1 1 1 1 1 1 1 1 1 1 1 1 1 1 1 1 1 1 1 1 1 1 1 1 1 1 1 1 1 1 1 1 1 1 1 1 1 1 1 1 1 1 1 1 1 1 1 1 1 1 1 1 1 1 1 1 1 1 1 1 1 1 1 1 1 1 1 1 1 1 1 1 1 1 1 1 1 1 1 1 1 1 1 1 1 1 1 1 1 1 1 1 1 1 1 1 1 1 1 1 1 1 1 1 1 1 1 1 1 1 1 1 1 1 1 1 1 1 1 1 1 1 1 1 1 1 1 1 1 1 1 1 1 1 1 1 1 1 1 1 1 1 1 1 1 1 1 1 1 1 1 1 1 1 1 1 1 1 1 1 1 1 1 1 1 1 1 1 1 1 1 1 1 1 1 1 1 1 1 1 1 1 1 1 1 1 1 1 1 1 1 1 1 1 1 1 1 1 1 1 1 1 1 1 1 1 1 1 1 1 1 1 1 1 1 1 1 1 1 1 1 1 1 1 1 1 1 1 1 1 1 1 1 1 1 1 1 1 1 1 1 1 1 1 1 1 1 1 1 1 1 1 1 1 1 1 1 1 1 1 1 1 1 1 1 1 1 1 1 1 1 1 1 1 1 1 1 1 1 1 1 1 1 1 1 1 1 1 1 1 1 1 1 1 1 1 1 1 1 1 1 1 1 1 1 1 1 1 1 1 1 1 1 1 1 1 1 1 1 1 1 1 1 1 1 1 1 1 1 1 1 1 1 1 1 1 1 1 1 1 1 1 1 1 1 1 1 1 1 1 1 1 1 1 1 1 1 1 1 1 1 1 1 1 1 1 1 1 1 1 1 1 1 1 1 1 1 1 1 1 1 1 1 1 1 1 1 1 1 1 1 1 1 1 1 1 1 1 1 1 1 1 1 1 1 1 1 1 1 1 1 1 1 1 1 1 1 1 1 1 1 1 1 1 1 1 1 1 1 1 1 1 1 1 1 1 1 1 1 1 1 1 1 1 1 1 1 1 1 1 1 1 1 1 1 1 1 1 1 1 1 1 1 1 1 1 1 1 1 1 1 1 1 1 1 1 1 1 1 1 1 1 1 1 1 1 1 1 1 1 1 1 1 1 1 1 1 1 1 1 1 1 1 1 1 1 1 1 1 1 1 1 1 1 1 1 1 1 1 1 1 1 1 1 1 1 1 1 1 1 1 1 1 1 1 1 1 1 1 1 1 1 1 1 1 1 1 1 1 1 1 1 1 1 1 1 1 1 1 1 1 1 1 1 1 1 1 1 1 1 1 1 1 1 1 1 1 1 1 1 1 1 1 1 1 1 1 1 1 1 1 1 1 1 1 1 1 1 1 1 1 1 1 1 1 1 1 1 1 1 1 1 1 1 1 1 1 1 1 1 1 1 1 1 1 1 1 1 1 1 1 1 1 1 1 1 1 1 1 1 1 1 1 1 1 1 1 1 1 1 1 1 1 1 1 1 1 1 1 1 1 1 1 1 1 1 1 1 1 1 1 1 1 1 1 1 1 1 1 1 1 1 1 1 1 1 1 1 1 1 1 1 1 1 1 1 1 1 1 1 1 1 1 1 1 1 1 1 1 1 1 1 1 1 1 1 1 1 1 1 1 1 1 1 1 1 1 1 1 1 1 1 1 1 1 1 1 1 1 1 1 1 1 1 1 1 1 1 1 1 1 1 1 1 1 1 1 1 1 1 1 1 1 1 1 1 1 1 1 1 1 1 1 1 1 1 1 1 1 1 1 1 1 1 1 1 1 1 1 1 1 1 1 1 1 1 1 1 1 1 1 1 1 1 1 1 1 1 1 1 1 1 1 1 1 1 1 1 1 1 1 1 1 1 1 1 1 1 1 1 1 1 1 1 1 1 1 1 1 1 1 1 1 1 1 1 1 1 1 1 1 1 1 1 1 1 1 1 1 1 1 1 1 1 1 1 1 1 1 1 1 1 1 1 1 1 1 1 1 1 1 1 1 1 1 1 1 1 1 1 1 1 1 1 1 1 1 1 1 1 1 1 1 1 1 1 1 1 1 1 1 1 1 1 1 1 1 1 1 1 1 1 1 1 1 1 1 1 1 1 1 1 1 1 1 1 1 1 1 1 1 1 1 1 1 1 1 1 1 1 1 1 1 1 1 1 1 1 1 1 1 1 1 1 1 1 1 1 1 1 1 1 1 1 1 1 1 1 1 1 1 1 1 1 1 1 1 1 1 1 1 1 1 1 1 1 1 1 1 1 1 1 1 1 1 1 1 1 1 1 1 1 1 1 1 1 1 1 1 1 1 1 1 1 1 1 1 1 1 1 1 1 1 1 1 1 1 1 1 1 1 1 1 1 1 1 1 1 1 1 1 1 1 1 1 1 1 1 1 1 1 1 1 1 1 1 1 1 1 1 1 1 1 1 1 1 1 1 1 1 1 1 1 1 1 1 1 1 1 1 1 1 1 1 1 1 1 1 1 1 1 1 1 1 1 1 1 1 1 1 1 1 1 1 1 1 1 1 1 1 1 1 1 1 1 1 1 1 1 1 1 1 1 1 1 1 1 1 1 1 1 1 1 1 1 1 1 1 1 1 1 1 1 1 1 1 1 1 1 1 1 1 1 1 1 1 1 1 1 1 1 1 1 1 1 1 1 1 1 1 1 1 1 1 1 1 1 1 1 1 1 1 1 1 1 1 1 1 1 1 1 1 1 1 1 1 1 1 1 1 1 1 1 1 1 1 1 1 1 1 1 1 1 1 1 1 1 1 1 1 1 1 1 1 1 1 1 1 1 1 1 1 1 1 1 1 1 1 1 1 1 1 1 1 1 1 1 1 1 1 1 1 1 1 1 1 1 1 1 1 1 1 1 1 1 1 1 1 1 0.996078 0.996078 0.996078 1 1 1 1 1 1 1 1 1 1 1 1 1 1 1 1 1 1 1 1 1 1 1 1 1 1 1 1 1 1 0.996078 0.996078 0.996078 1 1 1 1 1 1 1 1 1 1 1 1 1 1 1 1 1 1 1 1 1 1 1 1 1 1 1 1 1 1 1 1 1 0.996078 0.996078 0.996078 1 1 1 1 1 1 1 1 1 1 1 1 1 1 1 0.996078 0.996078 0.996078 1 1 1 1 1 1 1 1 1 1 1 1 1 1 1 1 1 1 1 1 1 1 1 1 1 1 1 </float_array>
          <technique_common>
            <accessor count="2672" offset="0" source="#meshId0-color0-array" stride="3">
              <param name="R" type="float" />
              <param name="G" type="float" />
              <param name="B" type="float" />
            </accessor>
          </technique_common>
        </source>
        <vertices id="meshId0-vertices">
          <input semantic="POSITION" source="#meshId0-positions" />
          <input semantic="NORMAL" source="#meshId0-normals" />
          <input semantic="TANGENT" source="#meshId0-tangents" />
          <input semantic="BINORMAL" source="#meshId0-bitangents" />
          <input semantic="TEXCOORD" source="#meshId0-tex0"  />
          <input semantic="COLOR" source="#meshId0-color0"  />
        </vertices>
        <polylist count="3284" material="defaultMaterial">
          <input offset="0" semantic="VERTEX" source="#meshId0-vertices" />
          <vcount>3 3 3 3 3 3 3 3 3 3 3 3 3 3 3 3 3 3 3 3 3 3 3 3 3 3 3 3 3 3 3 3 3 3 3 3 3 3 3 3 3 3 3 3 3 3 3 3 3 3 3 3 3 3 3 3 3 3 3 3 3 3 3 3 3 3 3 3 3 3 3 3 3 3 3 3 3 3 3 3 3 3 3 3 3 3 3 3 3 3 3 3 3 3 3 3 3 3 3 3 3 3 3 3 3 3 3 3 3 3 3 3 3 3 3 3 3 3 3 3 3 3 3 3 3 3 3 3 3 3 3 3 3 3 3 3 3 3 3 3 3 3 3 3 3 3 3 3 3 3 3 3 3 3 3 3 3 3 3 3 3 3 3 3 3 3 3 3 3 3 3 3 3 3 3 3 3 3 3 3 3 3 3 3 3 3 3 3 3 3 3 3 3 3 3 3 3 3 3 3 3 3 3 3 3 3 3 3 3 3 3 3 3 3 3 3 3 3 3 3 3 3 3 3 3 3 3 3 3 3 3 3 3 3 3 3 3 3 3 3 3 3 3 3 3 3 3 3 3 3 3 3 3 3 3 3 3 3 3 3 3 3 3 3 3 3 3 3 3 3 3 3 3 3 3 3 3 3 3 3 3 3 3 3 3 3 3 3 3 3 3 3 3 3 3 3 3 3 3 3 3 3 3 3 3 3 3 3 3 3 3 3 3 3 3 3 3 3 3 3 3 3 3 3 3 3 3 3 3 3 3 3 3 3 3 3 3 3 3 3 3 3 3 3 3 3 3 3 3 3 3 3 3 3 3 3 3 3 3 3 3 3 3 3 3 3 3 3 3 3 3 3 3 3 3 3 3 3 3 3 3 3 3 3 3 3 3 3 3 3 3 3 3 3 3 3 3 3 3 3 3 3 3 3 3 3 3 3 3 3 3 3 3 3 3 3 3 3 3 3 3 3 3 3 3 3 3 3 3 3 3 3 3 3 3 3 3 3 3 3 3 3 3 3 3 3 3 3 3 3 3 3 3 3 3 3 3 3 3 3 3 3 3 3 3 3 3 3 3 3 3 3 3 3 3 3 3 3 3 3 3 3 3 3 3 3 3 3 3 3 3 3 3 3 3 3 3 3 3 3 3 3 3 3 3 3 3 3 3 3 3 3 3 3 3 3 3 3 3 3 3 3 3 3 3 3 3 3 3 3 3 3 3 3 3 3 3 3 3 3 3 3 3 3 3 3 3 3 3 3 3 3 3 3 3 3 3 3 3 3 3 3 3 3 3 3 3 3 3 3 3 3 3 3 3 3 3 3 3 3 3 3 3 3 3 3 3 3 3 3 3 3 3 3 3 3 3 3 3 3 3 3 3 3 3 3 3 3 3 3 3 3 3 3 3 3 3 3 3 3 3 3 3 3 3 3 3 3 3 3 3 3 3 3 3 3 3 3 3 3 3 3 3 3 3 3 3 3 3 3 3 3 3 3 3 3 3 3 3 3 3 3 3 3 3 3 3 3 3 3 3 3 3 3 3 3 3 3 3 3 3 3 3 3 3 3 3 3 3 3 3 3 3 3 3 3 3 3 3 3 3 3 3 3 3 3 3 3 3 3 3 3 3 3 3 3 3 3 3 3 3 3 3 3 3 3 3 3 3 3 3 3 3 3 3 3 3 3 3 3 3 3 3 3 3 3 3 3 3 3 3 3 3 3 3 3 3 3 3 3 3 3 3 3 3 3 3 3 3 3 3 3 3 3 3 3 3 3 3 3 3 3 3 3 3 3 3 3 3 3 3 3 3 3 3 3 3 3 3 3 3 3 3 3 3 3 3 3 3 3 3 3 3 3 3 3 3 3 3 3 3 3 3 3 3 3 3 3 3 3 3 3 3 3 3 3 3 3 3 3 3 3 3 3 3 3 3 3 3 3 3 3 3 3 3 3 3 3 3 3 3 3 3 3 3 3 3 3 3 3 3 3 3 3 3 3 3 3 3 3 3 3 3 3 3 3 3 3 3 3 3 3 3 3 3 3 3 3 3 3 3 3 3 3 3 3 3 3 3 3 3 3 3 3 3 3 3 3 3 3 3 3 3 3 3 3 3 3 3 3 3 3 3 3 3 3 3 3 3 3 3 3 3 3 3 3 3 3 3 3 3 3 3 3 3 3 3 3 3 3 3 3 3 3 3 3 3 3 3 3 3 3 3 3 3 3 3 3 3 3 3 3 3 3 3 3 3 3 3 3 3 3 3 3 3 3 3 3 3 3 3 3 3 3 3 3 3 3 3 3 3 3 3 3 3 3 3 3 3 3 3 3 3 3 3 3 3 3 3 3 3 3 3 3 3 3 3 3 3 3 3 3 3 3 3 3 3 3 3 3 3 3 3 3 3 3 3 3 3 3 3 3 3 3 3 3 3 3 3 3 3 3 3 3 3 3 3 3 3 3 3 3 3 3 3 3 3 3 3 3 3 3 3 3 3 3 3 3 3 3 3 3 3 3 3 3 3 3 3 3 3 3 3 3 3 3 3 3 3 3 3 3 3 3 3 3 3 3 3 3 3 3 3 3 3 3 3 3 3 3 3 3 3 3 3 3 3 3 3 3 3 3 3 3 3 3 3 3 3 3 3 3 3 3 3 3 3 3 3 3 3 3 3 3 3 3 3 3 3 3 3 3 3 3 3 3 3 3 3 3 3 3 3 3 3 3 3 3 3 3 3 3 3 3 3 3 3 3 3 3 3 3 3 3 3 3 3 3 3 3 3 3 3 3 3 3 3 3 3 3 3 3 3 3 3 3 3 3 3 3 3 3 3 3 3 3 3 3 3 3 3 3 3 3 3 3 3 3 3 3 3 3 3 3 3 3 3 3 3 3 3 3 3 3 3 3 3 3 3 3 3 3 3 3 3 3 3 3 3 3 3 3 3 3 3 3 3 3 3 3 3 3 3 3 3 3 3 3 3 3 3 3 3 3 3 3 3 3 3 3 3 3 3 3 3 3 3 3 3 3 3 3 3 3 3 3 3 3 3 3 3 3 3 3 3 3 3 3 3 3 3 3 3 3 3 3 3 3 3 3 3 3 3 3 3 3 3 3 3 3 3 3 3 3 3 3 3 3 3 3 3 3 3 3 3 3 3 3 3 3 3 3 3 3 3 3 3 3 3 3 3 3 3 3 3 3 3 3 3 3 3 3 3 3 3 3 3 3 3 3 3 3 3 3 3 3 3 3 3 3 3 3 3 3 3 3 3 3 3 3 3 3 3 3 3 3 3 3 3 3 3 3 3 3 3 3 3 3 3 3 3 3 3 3 3 3 3 3 3 3 3 3 3 3 3 3 3 3 3 3 3 3 3 3 3 3 3 3 3 3 3 3 3 3 3 3 3 3 3 3 3 3 3 3 3 3 3 3 3 3 3 3 3 3 3 3 3 3 3 3 3 3 3 3 3 3 3 3 3 3 3 3 3 3 3 3 3 3 3 3 3 3 3 3 3 3 3 3 3 3 3 3 3 3 3 3 3 3 3 3 3 3 3 3 3 3 3 3 3 3 3 3 3 3 3 3 3 3 3 3 3 3 3 3 3 3 3 3 3 3 3 3 3 3 3 3 3 3 3 3 3 3 3 3 3 3 3 3 3 3 3 3 3 3 3 3 3 3 3 3 3 3 3 3 3 3 3 3 3 3 3 3 3 3 3 3 3 3 3 3 3 3 3 3 3 3 3 3 3 3 3 3 3 3 3 3 3 3 3 3 3 3 3 3 3 3 3 3 3 3 3 3 3 3 3 3 3 3 3 3 3 3 3 3 3 3 3 3 3 3 3 3 3 3 3 3 3 3 3 3 3 3 3 3 3 3 3 3 3 3 3 3 3 3 3 3 3 3 3 3 3 3 3 3 3 3 3 3 3 3 3 3 3 3 3 3 3 3 3 3 3 3 3 3 3 3 3 3 3 3 3 3 3 3 3 3 3 3 3 3 3 3 3 3 3 3 3 3 3 3 3 3 3 3 3 3 3 3 3 3 3 3 3 3 3 3 3 3 3 3 3 3 3 3 3 3 3 3 3 3 3 3 3 3 3 3 3 3 3 3 3 3 3 3 3 3 3 3 3 3 3 3 3 3 3 3 3 3 3 3 3 3 3 3 3 3 3 3 3 3 3 3 3 3 3 3 3 3 3 3 3 3 3 3 3 3 3 3 3 3 3 3 3 3 3 3 3 3 3 3 3 3 3 3 3 3 3 3 3 3 3 3 3 3 3 3 3 3 3 3 3 3 3 3 3 3 3 3 3 3 3 3 3 3 3 3 3 3 3 3 3 3 3 3 3 3 3 3 3 3 3 3 3 3 3 3 3 3 3 3 3 3 3 3 3 3 3 3 3 3 3 3 3 3 3 3 3 3 3 3 3 3 3 3 3 3 3 3 3 3 3 3 3 3 3 3 3 3 3 3 3 3 3 3 3 3 3 3 3 3 3 3 3 3 3 3 3 3 3 3 3 3 3 3 3 3 3 3 3 3 3 3 3 3 3 3 3 3 3 3 3 3 3 3 3 3 3 3 3 3 3 3 3 3 3 3 3 3 3 3 3 3 3 3 3 3 3 3 3 3 3 3 3 3 3 3 3 3 3 3 3 3 3 3 3 3 3 3 3 3 3 3 3 3 3 3 3 3 3 3 3 3 3 3 3 3 3 3 3 3 3 3 3 3 3 3 3 3 3 3 3 3 3 3 3 3 3 3 3 3 3 3 3 3 3 3 3 3 3 3 3 3 3 3 3 3 3 3 3 3 3 3 3 3 3 3 3 3 3 3 3 3 3 3 3 3 3 3 3 3 3 3 3 3 3 3 3 3 3 3 3 3 3 3 3 3 3 3 3 3 3 3 3 3 3 3 3 3 3 3 3 3 3 3 3 3 3 3 3 3 3 3 3 3 3 3 3 3 3 3 3 3 3 3 3 3 3 3 3 3 3 3 3 3 3 3 3 3 3 3 3 3 3 3 3 3 3 3 3 3 3 3 3 3 3 3 3 3 3 3 3 3 3 3 3 3 3 3 3 3 3 3 3 3 3 3 3 3 3 3 3 3 3 3 3 3 3 3 3 3 3 3 3 3 3 3 3 3 3 3 3 3 3 3 3 3 3 3 3 3 3 3 3 3 3 3 3 3 3 3 3 3 3 3 3 3 3 3 3 3 3 3 3 3 3 3 3 3 3 3 3 3 3 3 3 3 3 3 3 3 3 3 3 3 3 3 3 3 3 3 3 3 3 3 3 3 3 3 3 3 3 3 3 3 3 3 3 3 3 3 3 3 3 3 3 3 3 3 3 3 3 3 3 3 3 3 3 3 3 3 3 3 3 3 3 3 3 3 3 3 3 3 3 3 3 3 3 3 3 3 3 3 3 3 3 3 3 3 3 3 3 3 3 3 3 3 3 3 3 3 3 3 3 3 3 3 3 3 3 3 3 3 3 3 3 3 3 3 3 3 3 3 3 3 3 3 3 3 3 3 3 3 3 3 3 3 3 3 3 3 3 3 3 3 3 3 3 3 3 3 3 3 3 3 3 3 3 3 3 3 3 3 3 3 3 3 3 3 3 3 3 3 3 3 3 3 3 3 3 3 3 3 3 3 3 3 3 3 3 3 3 3 3 3 3 3 3 3 3 3 3 3 3 3 3 3 3 3 3 3 3 3 3 3 3 3 3 3 3 3 3 3 3 3 3 3 3 3 3 3 3 3 3 3 3 3 3 3 3 3 3 3 3 3 3 3 3 3 3 3 3 3 3 3 3 3 3 3 3 3 3 3 3 3 3 3 3 3 3 3 3 3 3 3 3 3 3 3 3 3 3 3 3 3 3 3 3 3 3 3 3 3 3 3 3 3 3 3 3 3 3 3 3 3 3 3 3 3 3 3 3 3 3 3 3 3 3 3 3 3 3 3 3 3 3 3 3 3 3 3 3 3 3 3 3 3 3 3 3 3 3 3 3 3 3 3 3 3 3 3 3 3 3 3 3 3 3 3 3 3 3 3 3 3 3 3 3 3 3 3 3 3 3 3 3 3 3 3 3 3 3 3 3 3 3 3 3 3 3 3 3 3 3 3 3 3 3 3 3 3 3 3 3 3 3 3 3 3 3 3 3 3 3 3 3 3 3 3 3 3 3 3 3 3 3 3 3 3 3 3 3 3 3 3 3 3 3 3 3 3 3 3 3 3 3 3 3 3 3 3 3 3 3 3 3 3 3 3 3 3 3 3 3 3 3 3 3 3 3 3 3 3 3 3 3 3 3 3 3 3 3 3 3 3 3 3 3 3 3 3 3 3 3 3 3 3 3 3 3 3 3 3 3 3 3 3 3 3 3 3 3 3 3 3 3 3 3 3 3 3 3 3 3 3 3 3 3 3 3 3 3 3 3 3 3 3 3 3 3 3 3 3 3 3 3 3 3 3 3 3 3 3 3 3 3 3 3 3 3 3 3 3 3 3 3 3 3 3 3 3 3 3 3 3 3 3 3 3 3 3 3 3 3 3 3 3 3 3 3 3 3 3 3 3 3 3 3 3 3 3 3 3 3 3 3 3 3 3 3 3 3 3 3 3 3 3 3 3 3 3 3 3 3 3 3 3 3 3 3 3 3 3 3 3 3 3 3 3 3 3 3 3 3 3 3 3 3 3 3 3 3 3 3 3 3 3 3 3 3 3 3 3 3 3 3 3 3 3 3 3 3 3 3 3 3 3 3 3 3 3 3 3 3 3 3 3 3 3 3 3 3 3 3 3 3 3 3 3 3 3 3 3 3 3 3 3 3 3 3 3 3 3 3 3 3 3 3 3 3 3 3 3 3 3 3 3 3 3 3 3 3 3 3 3 3 3 3 3 3 3 3 3 3 3 3 3 3 3 3 3 3 3 3 3 3 3 3 3 3 3 3 3 3 3 3 3 3 3 3 3 3 3 3 3 3 3 3 3 3 3 3 3 3 3 3 3 3 3 3 3 3 3 3 3 3 3 3 3 3 3 3 3 3 3 3 3 3 3 3 3 3 3 3 3 3 3 3 3 3 3 3 3 3 3 3 3 3 3 3 3 3 3 3 3 3 3 3 3 3 3 3 3 3 3 3 3 3 3 3 3 3 3 3 3 3 3 3 3 3 3 3 3 3 3 3 3 3 3 3 3 3 3 3 3 3 3 3 3 3 3 3 3 3 3 3 3 3 3 3 3 3 3 3 3 3 3 3 3 3 3 3 3 3 3 3 3 3 3 3 3 3 3 3 3 3 3 3 3 3 3 3 3 3 3 3 3 3 3 3 3 3 3 3 3 3 3 3 3 3 3 3 3 3 3 3 3 3 3 3 3 3 3 3 3 3 3 3 3 3 3 3 3 3 3 3 3 3 3 3 3 3 3 3 3 </vcount>
          <p>3 0 1 1 2 3 7 4 5 5 6 7 11 8 9 9 10 11 13 12 7 7 6 13 17 14 15 15 16 17 21 18 19 19 20 21 24 22 23 23 20 24 27 25 26 26 10 27 31 28 29 29 30 31 32 33 34 35 36 37 32 38 39 40 41 42 43 44 45 46 47 48 29 49 50 10 9 27 20 19 24 46 48 51 51 52 46 53 54 55 28 24 19 19 56 28 58 42 41 41 57 58 44 52 51 51 45 44 23 59 21 21 20 23 28 56 49 49 29 28 47 58 57 57 48 47 1 60 61 61 62 1 66 63 64 64 65 66 43 45 67 67 68 43 54 53 69 32 70 71 73 25 27 27 72 73 54 74 75 75 55 54 77 12 13 13 76 77 50 78 79 83 80 81 81 82 83 32 34 38 35 84 36 85 86 87 32 71 33 91 88 89 89 90 91 35 37 92 96 93 94 94 95 96 98 97 87 87 65 98 66 65 87 87 86 66 100 53 55 55 99 100 55 75 101 101 99 55 103 95 94 94 102 103 105 82 93 93 104 105 109 106 107 107 108 109 88 69 109 109 108 88 111 110 83 83 85 111 91 112 74 74 54 91 105 85 83 83 82 105 116 113 114 114 115 116 119 17 117 117 118 119 100 120 106 106 109 100 53 100 109 109 69 53 62 121 2 2 1 62 93 82 81 81 94 93 83 110 122 122 80 83 123 120 100 100 99 123 78 50 49 49 124 78 104 125 63 63 66 104 105 104 66 66 86 105 87 97 111 111 85 87 127 77 76 76 126 127 130 128 129 129 14 130 12 131 132 132 7 12 7 132 133 133 4 7 77 134 131 131 12 77 127 135 134 134 77 127 136 15 14 14 129 136 13 6 137 137 138 13 6 5 139 139 137 6 76 13 138 138 140 76 126 76 140 140 141 126 107 142 143 143 108 107 117 17 16 16 144 117 69 88 91 91 54 69 108 143 89 89 88 108 91 90 145 145 112 91 41 40 146 146 147 41 151 148 149 149 150 151 113 152 153 153 114 113 0 154 155 155 60 0 152 156 157 157 153 152 159 116 115 115 158 159 161 3 2 2 160 161 164 160 162 162 163 164 30 29 50 50 165 30 167 166 164 164 163 167 171 168 169 169 170 171 32 172 173 35 92 174 35 175 176 45 51 177 177 67 45 146 178 147 68 67 179 180 181 182 168 183 184 60 1 0 160 164 161 180 185 177 177 181 180 186 60 155 187 188 189 164 166 190 190 161 164 178 191 192 192 147 178 179 67 177 177 185 179 162 160 2 2 121 162 184 193 169 169 168 184 182 181 192 192 191 182 194 183 168 168 171 194 198 195 196 196 197 198 187 199 188 201 200 187 187 189 201 205 202 203 203 204 205 183 206 207 35 176 208 35 174 175 209 210 211 32 173 70 51 48 181 181 177 51 213 212 26 26 61 213 57 41 147 147 192 57 48 57 192 192 181 48 211 214 215 215 196 211 195 209 211 211 196 195 148 151 189 189 188 148 216 201 189 189 151 216 94 81 217 217 102 94 142 218 219 219 143 142 219 199 89 89 143 219 80 122 220 220 210 80 200 145 90 90 187 200 210 217 81 81 80 210 115 114 221 221 222 115 218 149 148 148 219 218 219 148 188 188 199 219 183 207 223 223 184 183 198 103 102 102 195 198 195 102 217 217 209 195 220 214 211 211 210 220 225 224 203 203 202 225 227 226 113 113 116 227 229 228 156 156 152 229 226 229 152 152 113 226 231 230 202 202 205 231 230 232 225 225 202 230 116 159 233 233 227 116 153 157 234 234 235 153 114 153 235 235 221 114 204 203 236 236 237 204 203 224 238 238 236 203 239 158 115 115 222 239 90 89 199 199 187 90 93 96 125 125 104 93 183 194 240 240 206 183 24 28 31 31 22 24 79 241 165 165 50 79 61 60 186 186 213 61 194 165 241 241 240 194 10 26 212 212 242 10 10 242 11 119 130 14 14 17 119 86 85 105 210 209 217 27 9 243 243 72 27 247 244 245 245 246 247 251 248 249 249 250 251 255 252 253 253 254 255 257 256 251 251 250 257 261 258 259 259 260 261 265 262 263 263 264 265 268 266 267 267 264 268 271 269 270 270 254 271 275 272 273 273 274 275 276 277 278 279 280 281 276 282 283 284 285 286 287 288 289 290 291 292 273 293 294 254 253 271 264 263 268 290 292 295 295 296 290 297 298 299 272 268 263 263 300 272 302 286 285 285 301 302 288 296 295 295 289 288 267 303 265 265 264 267 272 300 293 293 273 272 291 302 301 301 292 291 245 304 305 305 306 245 310 307 308 308 309 310 287 289 311 311 312 287 298 297 313 276 314 315 317 269 271 271 316 317 298 318 319 319 299 298 321 256 257 257 320 321 294 322 323 327 324 325 325 326 327 276 278 282 279 328 280 329 330 331 276 315 277 335 332 333 333 334 335 279 281 336 340 337 338 338 339 340 342 341 331 331 309 342 310 309 331 331 330 310 344 297 299 299 343 344 299 319 345 345 343 299 347 339 338 338 346 347 349 326 337 337 348 349 353 350 351 351 352 353 332 313 353 353 352 332 355 354 327 327 329 355 335 356 318 318 298 335 349 329 327 327 326 349 360 357 358 358 359 360 363 261 361 361 362 363 344 364 350 350 353 344 297 344 353 353 313 297 306 365 246 246 245 306 337 326 325 325 338 337 327 354 366 366 324 327 367 364 344 344 343 367 322 294 293 293 368 322 348 369 307 307 310 348 349 348 310 310 330 349 331 341 355 355 329 331 371 321 320 320 370 371 374 372 373 373 258 374 256 375 376 376 251 256 251 376 377 377 248 251 321 378 375 375 256 321 371 379 378 378 321 371 380 259 258 258 373 380 257 250 381 381 382 257 250 249 383 383 381 250 320 257 382 382 384 320 370 320 384 384 385 370 351 386 387 387 352 351 361 261 260 260 388 361 313 332 335 335 298 313 352 387 333 333 332 352 335 334 389 389 356 335 285 284 390 390 391 285 395 392 393 393 394 395 357 396 397 397 358 357 244 398 399 399 304 244 396 400 401 401 397 396 403 360 359 359 402 403 405 247 246 246 404 405 408 404 406 406 407 408 274 273 294 294 409 274 411 410 408 408 407 411 415 412 413 413 414 415 276 416 417 279 336 418 279 419 420 289 295 421 421 311 289 390 422 391 312 311 423 424 425 426 412 427 428 304 245 244 404 408 405 424 429 421 421 425 424 430 304 399 431 432 433 408 410 434 434 405 408 422 435 436 436 391 422 423 311 421 421 429 423 406 404 246 246 365 406 428 437 413 413 412 428 426 425 436 436 435 426 438 427 412 412 415 438 442 439 440 440 441 442 431 443 432 445 444 431 431 433 445 449 446 447 447 448 449 427 450 451 279 420 452 279 418 419 453 454 455 276 417 314 295 292 425 425 421 295 457 456 270 270 305 457 301 285 391 391 436 301 292 301 436 436 425 292 455 458 459 459 440 455 439 453 455 455 440 439 392 395 433 433 432 392 460 445 433 433 395 460 338 325 461 461 346 338 386 462 463 463 387 386 463 443 333 333 387 463 324 366 464 464 454 324 444 389 334 334 431 444 454 461 325 325 324 454 359 358 465 465 466 359 462 393 392 392 463 462 463 392 432 432 443 463 427 451 467 467 428 427 442 347 346 346 439 442 439 346 461 461 453 439 464 458 455 455 454 464 469 468 447 447 446 469 471 470 357 357 360 471 473 472 400 400 396 473 470 473 396 396 357 470 475 474 446 446 449 475 474 476 469 469 446 474 360 403 477 477 471 360 397 401 478 478 479 397 358 397 479 479 465 358 448 447 480 480 481 448 447 468 482 482 480 447 483 402 359 359 466 483 334 333 443 443 431 334 337 340 369 369 348 337 427 438 484 484 450 427 268 272 275 275 266 268 323 485 409 409 294 323 305 304 430 430 457 305 438 409 485 485 484 438 254 270 456 456 486 254 254 486 255 363 374 258 258 261 363 330 329 349 454 453 461 271 253 487 487 316 271 491 488 489 489 490 491 495 492 493 493 494 495 496 493 492 500 497 498 498 499 500 501 502 503 507 504 505 505 506 507 501 508 509 509 510 501 514 511 512 512 513 514 502 501 510 510 515 502 489 488 494 494 516 489 520 517 518 518 519 520 515 521 522 524 523 518 518 517 524 526 525 488 488 491 526 527 528 529 533 530 531 531 532 533 531 530 534 534 535 531 534 536 537 537 535 534 517 520 533 533 532 517 539 538 510 510 509 539 522 540 502 502 515 522 542 503 502 502 541 542 544 526 491 491 543 544 529 495 494 494 488 529 521 515 510 510 538 521 495 529 528 528 545 495 488 525 527 527 529 488 545 546 492 492 495 545 547 539 509 509 496 547 546 547 496 496 492 546 493 524 516 516 494 493 508 493 496 496 509 508 551 548 549 549 550 551 555 552 553 553 554 555 554 553 556 556 557 554 561 558 559 559 560 561 563 557 556 556 562 563 502 540 564 564 541 502 568 565 566 566 567 568 551 550 504 504 507 551 563 562 569 569 570 563 514 513 566 566 565 514 572 499 498 498 571 572 576 573 574 574 575 576 570 569 512 512 511 570 506 505 573 573 576 506 531 489 516 516 532 531 580 577 578 578 579 580 584 581 582 582 583 584 586 585 581 581 584 586 588 587 585 585 586 588 592 589 590 590 591 592 594 593 589 589 592 594 543 491 490 490 595 543 580 579 552 552 555 580 535 490 489 489 531 535 537 595 490 490 535 537 516 524 517 517 532 516 599 596 597 597 598 599 603 600 601 601 602 603 604 600 603 608 605 606 606 607 608 609 610 611 613 612 558 558 561 613 616 614 609 609 615 616 575 574 617 617 618 575 615 609 611 611 619 615 602 596 599 599 620 602 624 621 622 622 623 624 619 625 626 624 627 628 628 621 624 596 629 630 630 597 596 631 632 633 637 634 635 635 636 637 639 634 637 637 638 639 641 640 639 639 638 641 635 622 621 621 636 635 615 642 643 643 616 615 611 644 625 625 619 611 611 610 645 645 646 611 597 630 647 647 648 597 602 601 632 632 596 602 615 619 626 626 642 615 633 632 601 601 649 633 631 629 596 596 632 631 600 650 649 649 601 600 616 643 651 651 604 616 604 651 650 650 600 604 620 628 603 603 602 620 604 603 614 614 616 604 652 653 654 606 655 656 656 607 606 656 655 657 657 658 656 662 659 660 660 661 662 663 664 665 666 644 611 611 646 666 669 667 668 668 608 669 605 608 668 668 670 605 657 544 543 543 658 657 664 663 671 671 672 664 663 673 674 674 671 663 678 675 676 676 677 678 682 679 680 680 681 682 683 660 659 620 599 637 637 636 620 559 558 661 661 684 559 598 597 648 648 685 598 672 686 687 599 598 638 638 637 599 598 685 641 641 638 598 621 628 620 620 636 621 577 572 571 571 578 577 689 688 671 671 674 689 687 690 664 664 672 687 692 665 664 664 691 692 536 613 561 561 537 536 654 662 661 661 558 654 686 672 671 671 688 686 662 654 653 653 693 662 558 612 652 652 654 558 693 694 659 659 662 693 695 689 674 674 683 695 694 695 683 683 659 694 660 669 684 684 661 660 673 660 683 683 674 673 699 696 697 697 698 699 703 700 701 701 702 703 702 701 704 704 705 702 707 705 704 704 706 707 664 690 708 708 691 664 712 709 710 710 711 712 699 698 675 675 678 699 707 706 713 713 714 707 682 681 710 710 709 682 716 618 617 617 715 716 718 717 497 497 500 718 714 713 680 680 679 714 677 676 717 717 718 677 656 559 684 684 607 656 722 719 720 720 721 722 726 723 724 724 725 726 728 727 723 723 726 728 730 729 727 727 728 730 734 731 732 732 733 734 736 735 731 731 734 736 537 561 560 560 595 537 722 721 700 700 703 722 658 560 559 559 656 658 543 595 560 560 658 543 684 669 608 608 607 684 740 737 738 738 739 740 744 741 742 742 743 744 745 741 744 746 747 748 751 749 746 746 750 751 750 746 748 748 752 750 743 737 740 740 753 743 757 754 755 755 756 757 752 758 759 757 760 761 761 754 757 737 762 763 763 738 737 764 765 766 770 767 768 768 769 770 772 767 770 770 771 772 648 647 772 772 771 648 768 755 754 754 769 768 750 773 774 774 751 750 748 775 758 758 752 748 748 747 776 776 777 748 738 763 640 640 641 738 743 742 765 765 737 743 750 752 759 759 773 750 766 765 742 742 778 766 764 762 737 737 765 764 741 779 778 778 742 741 751 774 780 780 745 751 745 780 779 779 741 745 753 761 744 744 743 753 745 744 749 749 751 745 781 775 748 748 777 781 753 740 770 770 769 753 739 738 641 641 685 739 740 739 771 771 770 740 739 685 648 648 771 739 754 761 753 753 769 754 719 716 715 715 720 719 725 724 735 735 736 725 583 582 593 593 594 583 785 782 783 783 784 785 789 786 787 787 788 789 793 790 791 791 792 793 797 794 795 795 796 797 801 798 799 799 800 801 805 802 803 803 804 805 809 806 807 807 808 809 813 810 811 811 812 813 817 814 815 815 816 817 821 818 819 819 820 821 798 801 788 788 787 798 825 822 823 823 824 825 813 812 826 826 827 813 786 789 828 828 829 786 831 830 808 808 807 831 833 832 800 800 799 833 821 796 795 795 818 821 830 831 829 829 828 830 802 805 792 792 791 802 806 809 804 804 803 806 807 806 834 834 835 807 834 806 803 803 836 834 838 837 798 798 787 838 840 820 819 819 839 840 797 827 826 826 794 797 840 839 823 823 822 840 825 824 841 841 842 825 844 843 786 786 829 844 835 845 831 831 807 835 803 802 846 846 836 803 829 831 845 845 844 829 847 846 802 802 791 847 799 798 837 837 848 799 787 786 843 843 838 787 817 816 811 811 810 817 791 790 849 849 847 791 848 850 833 833 799 848 854 851 852 852 853 854 858 855 856 856 857 858 782 859 860 860 783 782 862 785 784 784 861 862 864 854 853 853 863 864 868 865 866 866 867 868 869 870 871 873 862 861 861 872 873 875 864 863 863 874 875 851 868 867 867 852 851 855 873 872 872 856 855 859 875 874 874 860 859 871 876 877 871 878 879 871 880 881 871 882 876 871 883 878 871 884 880 871 870 882 871 877 883 871 879 885 871 886 869 871 881 886 890 887 888 888 889 890 892 888 887 887 891 892 896 893 894 894 895 896 900 897 898 898 899 900 904 901 902 902 903 904 908 905 906 906 907 908 912 909 910 910 911 912 911 913 914 914 912 911 899 915 916 916 900 899 920 917 918 918 919 920 922 918 917 917 921 922 894 898 897 897 895 894 903 923 924 924 904 903 891 902 901 901 892 891 889 925 926 926 890 889 907 927 928 928 908 907 931 923 929 929 930 931 933 910 909 909 932 933 937 934 935 935 936 937 936 938 939 939 937 936 932 939 938 938 933 932 903 902 940 940 941 903 940 902 891 891 942 940 944 943 898 898 894 944 931 893 896 896 945 931 919 928 927 927 920 919 930 946 893 893 931 930 941 929 923 923 903 941 922 921 935 935 934 922 948 947 887 887 890 948 899 898 943 943 949 899 894 893 946 946 944 894 891 887 947 947 942 891 890 926 950 950 948 890 954 951 952 952 953 954 958 955 956 956 957 958 962 959 960 960 961 962 966 963 964 964 965 966 970 967 968 968 969 970 974 971 972 972 973 974 978 975 976 976 977 978 957 956 971 971 974 957 973 972 979 979 980 973 961 960 981 981 982 961 986 983 984 984 985 986 963 986 985 985 964 963 983 987 988 988 984 983 992 989 990 990 991 992 977 976 959 959 962 977 987 954 953 953 988 987 996 993 994 994 995 996 969 968 997 997 998 969 989 999 1000 1000 990 989 951 992 991 991 952 951 1002 996 995 995 1001 1002 980 979 967 967 970 980 957 983 986 986 958 957 961 966 993 993 962 961 962 993 996 996 977 962 969 989 992 992 970 969 973 954 987 987 974 973 998 999 989 989 969 998 977 996 1002 1002 978 977 974 987 983 983 957 974 970 992 951 951 980 970 958 986 963 963 982 958 982 963 966 966 961 982 980 951 954 954 973 980 982 981 955 955 958 982 1006 1003 1004 1004 1005 1006 1010 1007 1008 1008 1009 1010 1014 1011 1012 1012 1013 1014 1018 1015 1016 1016 1017 1018 1022 1019 1020 1020 1021 1022 1026 1023 1024 1024 1025 1026 1030 1027 1028 1028 1029 1030 1034 1031 1032 1032 1033 1034 1009 1008 1023 1023 1026 1009 1025 1024 1035 1035 1036 1025 1013 1012 1037 1037 1038 1013 1042 1039 1040 1040 1041 1042 1046 1043 1044 1044 1045 1046 991 1047 1048 1048 952 991 1050 1017 1042 1042 1049 1050 1041 1040 1051 1051 1052 1041 1000 1053 1054 1054 990 1000 1056 1055 1015 1015 1018 1056 1058 1056 1018 1018 1057 1058 1029 1028 1011 1011 1014 1029 994 1059 1060 1060 995 994 1052 1051 1031 1031 1034 1052 1062 1006 1005 1005 1061 1062 1064 1063 1055 1055 1056 1064 964 1065 1066 1066 965 964 1021 1020 1067 1067 1068 1021 1070 1046 1045 1045 1069 1070 1045 1044 1003 1003 1006 1045 995 1060 1071 1071 1001 995 1033 1032 1043 1043 1046 1033 985 1072 1065 1065 964 985 1017 1016 1039 1039 1042 1017 1036 1035 1019 1019 1022 1036 1076 1073 1074 1074 1075 1076 1009 1051 1040 1040 1010 1009 1013 1016 1015 1015 1014 1013 1014 1015 1055 1055 1029 1014 1021 1003 1044 1044 1022 1021 1025 1032 1031 1031 1026 1025 1068 1004 1003 1003 1021 1068 1029 1055 1063 1063 1030 1029 1026 1031 1051 1051 1009 1026 1022 1044 1043 1043 1036 1022 1010 1040 1039 1039 1038 1010 1038 1039 1016 1016 1013 1038 1036 1043 1032 1032 1025 1036 1038 1037 1007 1007 1010 1038 993 966 965 965 994 993 949 1077 915 915 899 949 1081 1078 1079 1079 1080 1081 1085 1082 1083 1083 1084 1085 1089 1086 1087 1087 1088 1089 1093 1090 1091 1091 1092 1093 1095 1081 1080 1080 1094 1095 1099 1096 1097 1097 1098 1099 1103 1100 1101 1101 1102 1103 1105 1093 1092 1092 1104 1105 1107 1095 1094 1094 1106 1107 1078 1099 1098 1098 1079 1078 1082 1105 1104 1104 1083 1082 1086 1107 1106 1106 1087 1086 1111 1108 1109 1109 1110 1111 1115 1112 1113 1113 1114 1115 1119 1116 1117 1117 1118 1119 1102 1101 1120 1120 1121 1102 1110 1109 1112 1112 1115 1110 1114 1113 1122 1122 1123 1114 1118 1117 1124 1124 1125 1118 1121 1120 1126 1126 1127 1121 1123 1122 1100 1100 1103 1123 1125 1124 1108 1108 1111 1125 1127 1126 1128 1128 1129 1127 1131 1034 1033 1033 1130 1131 1132 1052 1034 1034 1131 1132 1133 1041 1052 1052 1132 1133 1049 1042 1041 1041 1133 1049 1130 1033 1046 1046 1070 1130 984 1134 1072 1072 985 984 1069 1045 1006 1006 1062 1069 988 1135 1134 1134 984 988 1136 1064 1056 1056 1058 1136 965 1066 1059 1059 994 965 1057 1018 1017 1017 1050 1057 990 1054 1047 1047 991 990 952 1048 1137 1137 953 952 1141 1138 1139 1139 1140 1141 1140 1139 1142 1142 1143 1140 1143 1142 1144 1144 1145 1143 1145 1144 1073 1073 1076 1145 1147 1146 1138 1138 1141 1147 1151 1148 1149 1149 1150 1151 1155 1152 1153 1153 1154 1155 1159 1156 1157 1157 1158 1159 1163 1160 1161 1161 1162 1163 1167 1164 1165 1165 1166 1167 1075 1074 1168 1168 1169 1075 953 1137 1135 1135 988 953 1173 1170 1171 1171 1172 1173 1169 1168 1164 1164 1167 1169 1162 1161 1174 1174 1175 1162 1177 1176 1156 1156 1159 1177 1154 1153 1178 1178 1179 1154 1179 1178 1146 1146 1147 1179 1158 1157 1148 1148 1151 1158 1181 1180 1170 1170 1173 1181 1183 1182 1180 1180 1181 1183 1185 1184 1182 1182 1183 1185 1150 1149 1184 1184 1185 1150 1143 1182 1184 1184 1140 1143 1141 1149 1148 1148 1147 1141 1179 1157 1156 1156 1154 1179 1169 1160 1171 1171 1075 1169 1140 1184 1149 1149 1141 1140 1145 1180 1182 1182 1143 1145 1154 1156 1176 1176 1155 1154 1167 1161 1160 1160 1169 1167 1166 1174 1161 1161 1167 1166 1075 1171 1170 1170 1076 1075 1076 1170 1180 1180 1145 1076 1147 1148 1157 1157 1179 1147 1138 1065 1072 1072 1139 1138 1185 1131 1130 1130 1150 1185 1139 1072 1134 1134 1142 1139 1183 1132 1131 1131 1185 1183 1142 1134 1135 1135 1144 1142 1181 1133 1132 1132 1183 1181 1144 1135 1137 1137 1073 1144 1173 1049 1133 1133 1181 1173 1178 1059 1066 1066 1146 1178 1151 1070 1069 1069 1158 1151 1146 1066 1065 1065 1138 1146 1150 1130 1070 1070 1151 1150 1152 1071 1060 1060 1153 1152 1159 1062 1061 1061 1177 1159 1153 1060 1059 1059 1178 1153 1158 1069 1062 1062 1159 1158 1168 1047 1054 1054 1164 1168 1162 1058 1057 1057 1163 1162 1164 1054 1053 1053 1165 1164 1175 1136 1058 1058 1162 1175 1073 1137 1048 1048 1074 1073 1172 1050 1049 1049 1173 1172 1074 1048 1047 1047 1168 1074 1163 1057 1050 1050 1172 1163 1172 1171 1160 1160 1163 1172 945 924 923 923 931 945 1090 1089 1088 1088 1091 1090 1189 1186 1187 1187 1188 1189 1193 1190 1191 1191 1192 1193 1197 1194 1195 1195 1196 1197 1186 1198 1199 1199 1187 1186 1190 1200 1201 1201 1191 1190 1194 1202 1203 1203 1195 1194 1198 1204 1205 1205 1199 1198 1200 1206 1207 1207 1201 1200 1209 1189 1188 1188 1208 1209 1202 1193 1192 1192 1203 1202 1204 1210 1211 1211 1205 1204 1215 1212 1213 1213 1214 1215 1219 1216 1217 1217 1218 1219 1223 1220 1221 1221 1222 1223 1227 1224 1225 1225 1226 1227 1231 1228 1229 1229 1230 1231 1235 1232 1233 1233 1234 1235 1239 1236 1237 1237 1238 1239 1243 1240 1241 1241 1242 1243 1247 1244 1245 1245 1246 1247 1251 1248 1249 1249 1250 1251 1235 1234 1252 1252 1253 1235 1226 1225 1254 1254 1255 1226 1222 1221 1216 1216 1219 1222 1243 1256 1257 1257 1240 1243 1259 1258 1257 1257 1256 1259 1255 1254 1260 1260 1261 1255 1263 1242 1241 1241 1262 1263 1259 1253 1252 1252 1258 1259 1218 1217 1212 1212 1215 1218 1263 1262 1249 1249 1248 1263 1251 1250 1264 1264 1265 1251 1239 1238 1233 1233 1232 1239 1206 1209 1208 1208 1207 1206 1266 1267 1268 1269 1270 1268 1271 1272 1268 1273 1274 1268 1275 1271 1268 1276 1273 1268 1277 1269 1268 1270 1275 1268 1272 1276 1268 1278 1266 1268 1274 1278 1268 1267 1277 1268 1282 1279 1280 1280 1281 1282 1261 1260 1244 1244 1247 1261 1246 1245 1283 1283 1284 1246 1288 1285 1286 1286 1287 1288 1230 1229 1289 1289 1290 1230 1280 1279 1291 1291 1292 1280 1296 1293 1294 1294 1295 1296 1214 1213 1224 1224 1227 1214 1300 1297 1298 1298 1299 1300 1302 1301 1297 1297 1300 1302 1304 1303 1301 1301 1302 1304 1292 1291 1285 1285 1288 1292 1306 1299 1298 1298 1305 1306 1282 1281 1290 1290 1289 1282 1306 1305 1228 1228 1231 1306 1310 1307 1308 1308 1309 1310 1314 1311 1312 1312 1313 1314 1293 1315 1316 1316 1294 1293 1318 1296 1295 1295 1317 1318 1320 1310 1309 1309 1319 1320 1324 1321 1322 1322 1323 1324 1328 1325 1326 1326 1327 1328 1330 1318 1317 1317 1329 1330 1332 1320 1319 1319 1331 1332 1307 1324 1323 1323 1308 1307 1311 1330 1329 1329 1312 1311 1315 1332 1331 1331 1316 1315 1336 1333 1334 1334 1335 1336 1340 1337 1338 1338 1339 1340 1344 1341 1342 1342 1343 1344 1335 1334 1345 1345 1346 1335 1339 1338 1347 1347 1348 1339 1343 1342 1349 1349 1350 1343 1346 1345 1327 1327 1326 1346 1354 1351 1352 1352 1353 1354 1348 1347 1333 1333 1336 1348 1356 1355 1337 1337 1340 1356 1325 1328 1357 1357 1358 1325 1358 1357 1341 1341 1344 1358 1362 1359 1360 1360 1361 1362 1361 1360 1351 1351 1354 1361 1353 1352 1363 1363 1364 1353 1364 1363 1365 1365 1366 1364 1366 1365 1367 1367 1368 1366 1368 1367 1369 1369 1370 1368 1370 1369 1371 1371 1372 1370 1372 1371 1373 1373 1374 1372 1374 1373 1375 1375 1376 1374 1380 1377 1378 1378 1379 1380 1379 1378 1359 1359 1362 1379 1381 1382 1383 1384 1381 1383 1385 1384 1383 1386 1385 1383 1387 1386 1383 1388 1389 1383 1390 1388 1383 1391 1390 1383 1392 1391 1383 1393 1392 1383 1394 1393 1383 1382 1394 1383 1398 1395 1396 1396 1397 1398 1402 1399 1400 1400 1401 1402 1406 1403 1404 1404 1405 1406 1399 1407 1408 1408 1400 1399 1412 1409 1410 1410 1411 1412 1416 1413 1414 1414 1415 1416 1413 1417 1418 1418 1419 1413 1423 1420 1421 1421 1422 1423 1427 1424 1425 1425 1426 1427 1431 1428 1429 1429 1430 1431 1435 1432 1433 1433 1434 1435 1437 1432 1435 1435 1436 1437 1432 1438 1439 1439 1433 1432 1443 1440 1441 1441 1442 1443 1440 1444 1445 1445 1446 1440 1441 1440 1446 1446 1447 1441 1430 1429 1448 1448 1449 1430 1448 1429 1450 1450 1451 1448 1429 1428 1452 1452 1450 1429 1457 1453 1454 1457 1454 1455 1455 1456 1457 1460 1434 1458 1458 1459 1460 1461 1438 1432 1432 1437 1461 1453 1462 1463 1463 1443 1453 1422 1421 1464 1464 1465 1422 1421 1420 1466 1466 1416 1421 1463 1444 1440 1440 1443 1463 1464 1421 1416 1416 1415 1464 1419 1467 1426 1426 1425 1419 1470 1468 1454 1454 1469 1470 1474 1471 1472 1472 1473 1474 1477 1475 1471 1471 1476 1477 1418 1478 1467 1467 1419 1418 1481 1479 1424 1424 1480 1481 1483 1479 1481 1481 1482 1483 1460 1459 1484 1484 1485 1460 1489 1486 1487 1487 1488 1489 1414 1479 1483 1483 1415 1414 1467 1478 1431 1431 1430 1467 1466 1417 1413 1413 1416 1466 1426 1467 1430 1430 1449 1426 1493 1490 1491 1491 1492 1493 1398 1494 1495 1495 1395 1398 1414 1413 1419 1419 1425 1414 1497 1496 1412 1412 1411 1497 1495 1494 1498 1498 1499 1495 1409 1500 1501 1501 1410 1409 1502 1503 1504 1407 1496 1497 1497 1408 1407 1508 1505 1506 1506 1507 1508 1509 1510 1511 1514 1427 1512 1512 1513 1514 1512 1427 1426 1426 1449 1512 1515 1516 1511 1517 1518 1519 1523 1520 1521 1521 1522 1523 1466 1401 1400 1400 1417 1466 1524 1503 1525 1417 1400 1408 1408 1418 1417 1491 1420 1423 1423 1492 1491 1404 1403 1526 1526 1527 1404 1503 1524 1528 1529 1515 1511 1518 1530 1519 1462 1495 1499 1499 1463 1462 1490 1402 1401 1401 1491 1490 1499 1498 1531 1531 1532 1499 1452 1428 1410 1410 1501 1452 1435 1533 1534 1534 1436 1435 1536 1513 1512 1512 1535 1536 1449 1448 1537 1537 1538 1449 1533 1435 1434 1434 1539 1533 1540 1503 1541 1451 1542 1537 1537 1448 1451 1535 1512 1449 1449 1538 1535 1544 1543 1505 1505 1508 1544 1503 1502 1525 1546 1396 1395 1395 1545 1546 1404 1438 1461 1461 1405 1404 1503 1540 1547 1551 1548 1549 1549 1550 1551 1552 1503 1553 1444 1532 1554 1554 1445 1444 1554 1532 1531 1531 1555 1554 1462 1545 1395 1395 1495 1462 1552 1556 1503 1557 1503 1528 1503 1557 1541 1420 1491 1401 1401 1466 1420 1532 1444 1463 1463 1499 1532 1478 1497 1411 1411 1431 1478 1497 1478 1418 1418 1408 1497 1558 1503 1559 1438 1404 1527 1527 1439 1438 1428 1431 1411 1411 1410 1428 1546 1439 1527 1527 1396 1546 1560 1503 1547 1503 1558 1553 1503 1560 1559 1561 1503 1556 1526 1397 1396 1396 1527 1526 1565 1562 1563 1563 1564 1565 1503 1561 1504 1566 1517 1519 1570 1567 1568 1568 1569 1570 1570 1571 1572 1572 1567 1570 1576 1573 1574 1574 1575 1576 1473 1472 1577 1577 1578 1473 1582 1579 1580 1580 1581 1582 1586 1583 1584 1584 1585 1586 1590 1587 1588 1588 1589 1590 1582 1581 1591 1595 1592 1593 1593 1594 1595 1464 1415 1596 1596 1597 1464 1601 1598 1599 1599 1600 1601 1601 1602 1603 1603 1598 1601 1441 1447 1604 1604 1605 1441 1608 1589 1606 1606 1607 1608 1465 1464 1597 1597 1609 1465 1612 1610 1611 1611 1588 1612 1613 1590 1589 1589 1608 1613 1612 1588 1587 1587 1614 1612 1573 1587 1590 1618 1615 1616 1616 1617 1618 1622 1619 1620 1620 1621 1622 1615 1623 1624 1624 1616 1615 1628 1625 1626 1626 1627 1628 1632 1629 1630 1630 1631 1632 1634 1633 1626 1626 1625 1634 1628 1627 1584 1584 1583 1628 1638 1635 1636 1636 1637 1638 1634 1639 1640 1640 1633 1634 1644 1641 1642 1642 1643 1644 1646 1645 1640 1640 1639 1646 1650 1647 1648 1648 1649 1650 1654 1651 1652 1652 1653 1654 1656 1600 1599 1599 1655 1656 1656 1655 1611 1611 1610 1656 1576 1614 1587 1587 1573 1576 1658 1586 1585 1585 1657 1658 1414 1425 1424 1424 1479 1414 1427 1514 1480 1480 1424 1427 1485 1659 1660 1660 1460 1485 1579 1582 1661 1662 1663 1582 1591 1664 1665 1665 1666 1591 1670 1667 1668 1668 1669 1670 1672 1669 1668 1668 1671 1672 1670 1673 1674 1674 1667 1670 1678 1675 1676 1676 1677 1678 1582 1591 1666 1666 1662 1582 1680 1679 1521 1521 1520 1680 1684 1681 1682 1682 1683 1684 1681 1685 1686 1686 1682 1681 1690 1687 1688 1688 1689 1690 1692 1691 1543 1543 1544 1692 1696 1693 1694 1694 1695 1696 1700 1697 1698 1698 1699 1700 1704 1701 1702 1702 1703 1704 1543 1705 1706 1706 1505 1543 1707 1705 1543 1543 1691 1707 1705 1708 1709 1709 1706 1705 1713 1710 1711 1711 1712 1713 1710 1714 1715 1715 1716 1710 1720 1717 1718 1718 1719 1720 1711 1710 1716 1716 1721 1711 1703 1702 1693 1693 1550 1703 1693 1702 1722 1722 1694 1693 1702 1701 1723 1723 1722 1702 1727 1724 1725 1725 1726 1727 1706 1728 1727 1727 1505 1706 1728 1729 1720 1720 1719 1728 1730 1708 1705 1705 1707 1730 1731 1718 1713 1713 1712 1731 1732 1725 1724 1724 1731 1732 1718 1717 1733 1733 1713 1718 1699 1698 1734 1734 1735 1699 1698 1697 1736 1736 1737 1698 1733 1714 1710 1710 1713 1733 1734 1698 1737 1737 1738 1734 1719 1724 1727 1727 1728 1719 1739 1732 1731 1731 1712 1739 1481 1732 1739 1739 1482 1481 1725 1732 1481 1481 1480 1725 1696 1551 1550 1550 1693 1696 1443 1442 1475 1475 1469 1443 1506 1726 1514 1514 1513 1506 1727 1726 1506 1506 1505 1727 1514 1726 1725 1725 1480 1514 1744 1740 1741 1741 1742 1743 1741 1743 1744 1745 1746 1747 1680 1748 1749 1749 1679 1680 1750 1740 1744 1749 1748 1751 1751 1752 1749 1753 1754 1755 1757 1756 1690 1690 1689 1757 1758 1746 1759 1685 1756 1757 1757 1686 1685 1548 1659 1485 1485 1549 1548 1760 1761 1511 1761 1509 1511 1764 1737 1762 1762 1763 1764 1766 1765 1740 1740 1762 1766 1767 1768 1519 1769 1770 1519 1736 1683 1682 1682 1766 1736 1774 1771 1772 1772 1773 1774 1766 1682 1686 1686 1765 1766 1776 1697 1700 1700 1775 1776 1772 1771 1523 1523 1522 1772 1746 1745 1777 1530 1778 1519 1770 1767 1519 1510 1779 1511 1717 1749 1752 1752 1733 1717 1781 1780 1776 1776 1775 1781 1780 1684 1683 1683 1776 1780 1723 1701 1688 1688 1782 1723 1507 1506 1513 1513 1536 1507 1783 1754 1784 1516 1760 1511 1746 1758 1747 1729 1521 1679 1679 1720 1729 1772 1708 1730 1730 1773 1772 1754 1783 1785 1786 1529 1511 1787 1754 1788 1714 1789 1790 1790 1715 1714 1790 1789 1791 1791 1792 1790 1717 1720 1679 1679 1749 1717 1787 1793 1754 1794 1746 1777 1746 1794 1795 1697 1776 1683 1683 1736 1697 1789 1714 1733 1733 1752 1789 1796 1757 1689 1689 1704 1796 1757 1796 1765 1765 1686 1757 1752 1751 1791 1791 1789 1752 1708 1772 1522 1522 1709 1708 1704 1689 1688 1688 1701 1704 1729 1709 1522 1522 1521 1729 1797 1754 1785 1754 1753 1788 1754 1797 1755 1798 1746 1799 1746 1798 1759 1687 1800 1782 1782 1688 1687 1768 1566 1519 1803 1801 1802 1802 1573 1803 1567 1804 1805 1805 1806 1567 1709 1729 1728 1728 1706 1709 1810 1807 1808 1808 1809 1810 1564 1811 1568 1568 1567 1564 1810 1809 1812 1816 1813 1814 1814 1815 1816 1820 1817 1818 1818 1819 1820 1739 1712 1821 1821 1822 1739 1711 1721 1823 1823 1824 1711 1712 1711 1824 1824 1821 1712 1734 1738 1825 1825 1826 1734 1735 1734 1826 1826 1827 1735 1590 1613 1828 1828 1573 1590 1811 1564 1563 1563 1829 1811 1831 1562 1565 1565 1830 1831 1828 1832 1803 1803 1573 1828 1836 1833 1834 1834 1835 1836 1840 1837 1838 1838 1839 1840 1844 1841 1842 1842 1843 1844 1818 1845 1846 1846 1819 1818 1850 1847 1848 1848 1849 1850 1854 1851 1852 1852 1853 1854 1482 1739 1822 1822 1855 1482 1845 1856 1857 1857 1846 1845 1861 1858 1859 1859 1860 1861 1865 1862 1863 1863 1864 1865 1869 1866 1867 1867 1868 1869 1873 1870 1871 1871 1872 1873 1836 1835 1874 1874 1875 1836 1877 1875 1874 1874 1876 1877 1877 1876 1878 1878 1879 1877 1806 1830 1565 1565 1567 1806 1883 1880 1881 1881 1882 1883 1887 1884 1885 1885 1886 1887 1567 1565 1564 1889 1817 1820 1820 1888 1889 1476 1471 1474 1474 1890 1476 1741 1740 1765 1765 1796 1741 1807 1810 1891 1892 1893 1810 1812 1894 1895 1895 1896 1812 1900 1897 1898 1898 1899 1900 1904 1901 1902 1902 1903 1904 1908 1905 1906 1906 1907 1908 1910 1899 1898 1898 1909 1910 1810 1812 1896 1896 1892 1810 1741 1796 1704 1704 1703 1741 1476 1911 1912 1912 1477 1476 1914 1459 1458 1458 1913 1914 1918 1915 1916 1916 1917 1918 1742 1741 1703 1703 1919 1742 1923 1920 1921 1921 1922 1923 1927 1924 1925 1925 1926 1927 1919 1703 1550 1550 1928 1919 1931 1911 1929 1929 1930 1931 1742 1932 1933 1933 1743 1742 1936 1926 1934 1934 1935 1936 1913 1937 1925 1925 1914 1913 1932 1938 1939 1939 1933 1932 1940 1484 1459 1459 1914 1940 1943 1935 1941 1941 1942 1943 1471 1475 1442 1442 1472 1471 1470 1944 1945 1945 1468 1470 1941 1935 1934 1934 1946 1941 1948 1917 1916 1916 1947 1948 1948 1947 1949 1949 1935 1948 1952 1950 1951 1951 1763 1952 1926 1925 1937 1937 1934 1926 1946 1953 1954 1954 1941 1946 1890 1929 1911 1911 1476 1890 1958 1955 1956 1956 1957 1958 1962 1959 1960 1960 1961 1962 1966 1963 1964 1964 1965 1966 1914 1925 1924 1924 1940 1914 1968 1939 1938 1938 1967 1968 1972 1969 1970 1970 1971 1972 1950 1973 1974 1974 1951 1950 1975 1912 1911 1911 1931 1975 1943 1942 1970 1970 1969 1943 1921 1974 1973 1973 1976 1921 1936 1931 1930 1930 1977 1936 1975 1931 1936 1936 1935 1975 1927 1926 1936 1936 1977 1927 1957 1750 1744 1744 1958 1957 1928 1960 1959 1959 1919 1928 1764 1966 1965 1965 1978 1764 1980 1962 1961 1961 1979 1980 1923 1964 1963 1963 1920 1923 1955 1981 1982 1982 1956 1955 1922 1982 1981 1489 1488 1954 1954 1953 1489 1972 1971 1983 1983 1984 1972 1918 1456 1455 1455 1915 1918 1974 1921 1920 1920 1963 1974 1952 1750 1957 1957 1950 1952 1719 1718 1731 1731 1724 1719 1743 1933 1958 1958 1744 1743 1938 1932 1959 1959 1962 1938 1986 1985 1927 1927 1977 1986 1986 1987 1923 1923 1922 1986 1930 1987 1986 1986 1977 1930 1988 1949 1945 1945 1944 1988 1939 1968 1981 1981 1955 1939 1989 1964 1923 1923 1987 1989 1939 1955 1958 1958 1933 1939 1924 1990 1991 1991 1940 1924 1989 1929 1890 1890 1992 1989 1938 1962 1980 1980 1967 1938 1961 1990 1985 1985 1979 1961 1921 1976 1982 1982 1922 1921 1973 1956 1982 1982 1976 1973 1935 1943 1948 1948 1943 1969 1969 1917 1948 1944 1912 1975 1975 1988 1944 1979 1922 1967 1967 1980 1979 1974 1963 1966 1966 1951 1974 1738 1978 1993 1993 1994 1738 1937 1953 1946 1946 1934 1937 1477 1470 1469 1469 1475 1477 1967 1922 1981 1981 1968 1967 1995 1484 1940 1940 1991 1995 1489 1913 1458 1458 1486 1489 1984 1456 1918 1918 1972 1984 1990 1961 1960 1960 1991 1990 1916 1945 1949 1949 1947 1916 1945 1916 1915 1915 1468 1945 1954 1970 1942 1942 1941 1954 1912 1944 1470 1470 1477 1912 1913 1489 1953 1953 1937 1913 1979 1985 1986 1986 1922 1979 1929 1989 1987 1987 1930 1929 1990 1924 1927 1927 1985 1990 1917 1969 1972 1972 1918 1917 1973 1950 1957 1957 1956 1973 1928 1995 1991 1991 1960 1928 1468 1915 1455 1455 1454 1468 1970 1954 1488 1488 1971 1970 1971 1488 1487 1487 1983 1971 1964 1989 1992 1992 1965 1964 1474 1993 1992 1992 1890 1474 1978 1738 1737 1737 1764 1978 1742 1919 1959 1959 1932 1742 1484 1995 1549 1549 1485 1484 1993 1978 1965 1965 1992 1993 1994 1993 1474 1474 1473 1994 1763 1951 1966 1966 1764 1763 1736 1766 1762 1762 1737 1736 1928 1550 1549 1549 1995 1928 1434 1433 1486 1486 1458 1434 1949 1988 1975 1975 1935 1949 1763 1762 1740 1740 1750 1952 1740 1952 1763 1433 1996 1487 1487 1486 1433 1439 1546 1996 1996 1433 1439 1545 1457 1996 1996 1546 1545 1457 1545 1462 1462 1453 1457 1453 1443 1469 1469 1454 1453 1456 1984 1457 1996 1457 1984 1996 1984 1983 1983 1487 1996 1910 1909 1906 1906 1905 1910 1837 1997 1998 1998 1838 1837 1841 1854 1853 1853 1842 1841 1866 1865 1864 1864 1867 1866 1908 1907 1902 1902 1901 1908 1998 1997 1834 1834 1833 1998 1851 1883 1882 1882 1852 1851 1884 1869 1868 1868 1885 1884 1904 1903 1895 1895 1894 1904 1873 1999 2000 2000 1870 1873 1856 1887 1886 1886 1857 1856 1880 1872 1871 1871 1881 1880 1900 2001 2002 2002 1897 1900 1847 1844 1843 1843 1848 1847 1831 1879 1878 1878 1562 1831 1999 2003 2004 2004 2000 1999 1809 1808 2002 2002 2001 1809 1839 2005 2006 2006 1840 1839 1829 1563 2006 2006 2005 1829 1814 1813 1859 1859 1858 1814 1862 1861 1860 1860 1863 1862 1672 1671 1665 1665 1664 1672 2008 2007 1636 1636 1635 2008 1472 1442 2009 2009 1577 1472 1650 1649 2010 2010 2011 1650 1619 2011 2010 2010 1620 1619 2013 2012 1676 1676 1675 2013 2017 2014 2015 2015 2016 2017 1647 1632 1631 1631 1648 1647 1678 1677 1674 1674 1673 1678 1592 2018 2019 2019 1593 1592 1623 2017 2016 2016 1624 1623 1442 1441 1605 1605 2009 1442 1644 1653 1652 1652 1641 1644 2013 2020 2021 2021 2012 2013 2019 2018 1603 1603 1602 2019 2014 1622 1621 1621 2015 2014 1646 1643 1642 1642 1645 1646 1581 1580 2021 2021 2020 1581 1594 1607 1606 1606 1595 1594 1654 1638 1637 1637 1651 1654 1460 1660 1539 1539 1434 1460 2025 2022 2023 2023 2024 2025 2029 2026 2027 2027 2028 2029 2024 2023 2030 2030 2031 2024 2033 2032 2026 2026 2029 2033 2035 2034 2032 2032 2033 2035 2036 2037 2038 2039 2040 2038 2041 2036 2038 2042 2039 2038 2037 2042 2038 2046 2043 2044 2044 2045 2046 2050 2047 2048 2048 2049 2050 2045 2044 2051 2051 2052 2045 2049 2048 2053 2053 2054 2049 2054 2053 2055 2055 2056 2054 2056 2055 2043 2043 2046 2056 2060 2057 2058 2058 2059 2060 2064 2061 2062 2062 2063 2064 2059 2058 2065 2065 2066 2059 2068 2067 2061 2061 2064 2068 2070 2069 2067 2067 2068 2070 2071 2072 2073 2074 2075 2073 2076 2071 2073 2077 2074 2073 2078 2079 2080 2081 2078 2080 2082 2081 2080 2083 2082 2080 2084 2083 2080 2079 2084 2080 2072 2077 2073 2088 2085 2086 2086 2087 2088 2092 2089 2090 2090 2091 2092 2087 2086 2093 2093 2094 2087 2091 2090 2095 2095 2096 2091 2096 2095 2097 2097 2098 2096 2098 2097 2085 2085 2088 2098 2066 2065 2069 2069 2070 2066 2075 2076 2073 2099 2100 2101 2100 2102 2101 2102 2103 2101 2103 2104 2101 2104 2105 2101 2105 2099 2101 2040 2041 2038 2031 2030 2034 2034 2035 2031 2109 2106 2107 2107 2108 2109 2111 2110 2109 2109 2108 2111 2115 2112 2113 2113 2114 2115 2119 2116 2117 2117 2118 2119 2122 2120 2121 2121 2119 2122 2126 2123 2124 2124 2125 2126 2128 2127 2111 2111 2108 2128 2129 2116 2119 2119 2121 2129 2133 2130 2131 2131 2132 2133 2118 2134 2135 2135 2136 2118 2137 2128 2108 2108 2107 2137 2125 2138 2139 2139 2126 2125 2121 2120 2140 2140 2141 2121 2145 2142 2143 2143 2144 2145 2149 2146 2147 2147 2148 2149 2131 2150 2151 2151 2132 2131 2130 2137 2107 2107 2131 2130 2123 2133 2132 2132 2124 2123 2132 2151 2152 2152 2124 2132 2141 2153 2129 2129 2121 2141 2157 2154 2155 2155 2156 2157 2161 2158 2159 2159 2160 2161 2165 2162 2163 2163 2164 2165 2169 2166 2167 2167 2168 2169 2173 2170 2171 2171 2172 2173 2177 2174 2175 2175 2176 2177 2181 2178 2179 2179 2180 2181 2149 2162 2165 2165 2146 2149 2183 2182 2142 2142 2145 2183 2156 2172 2171 2171 2184 2156 2188 2185 2186 2186 2187 2188 2192 2189 2190 2190 2191 2192 2196 2193 2194 2194 2195 2196 2200 2197 2198 2198 2199 2200 2204 2201 2202 2202 2203 2204 2156 2155 2205 2205 2172 2156 2207 2206 2161 2161 2160 2207 2209 2166 2169 2169 2208 2209 2163 2210 2211 2211 2164 2163 2215 2212 2213 2213 2214 2215 2187 2186 2193 2193 2196 2187 2176 2175 2216 2216 2217 2176 2212 2206 2207 2207 2213 2212 2219 2218 2154 2154 2157 2219 2221 2215 2214 2214 2220 2221 2107 2106 2150 2150 2131 2107 2225 2222 2223 2223 2224 2225 2124 2152 2226 2226 2125 2124 2230 2227 2228 2228 2229 2230 2195 2194 2174 2174 2177 2195 2234 2231 2232 2232 2233 2234 2118 2136 2122 2122 2119 2118 2141 2140 2139 2139 2138 2141 2236 2227 2223 2223 2235 2236 2240 2237 2238 2238 2239 2240 2125 2226 2241 2241 2138 2125 2118 2117 2242 2242 2134 2118 2246 2243 2244 2244 2245 2246 2209 2208 2247 2247 2248 2209 2249 2228 2227 2227 2236 2249 2253 2250 2251 2251 2252 2253 2211 2210 2245 2245 2244 2211 2237 2240 2254 2254 2255 2237 2257 2256 2178 2178 2181 2257 2259 2258 2201 2201 2204 2259 2141 2138 2241 2241 2153 2141 2246 2221 2220 2220 2243 2246 2184 2260 2157 2157 2156 2184 2173 2172 2205 2205 2261 2173 2192 2191 2262 2262 2263 2192 2233 2232 2112 2112 2115 2233 2115 2264 2265 2265 2233 2115 2267 2266 2228 2228 2249 2267 2268 2235 2223 2223 2222 2268 2272 2269 2270 2270 2271 2272 2217 2216 2248 2248 2247 2217 2261 2197 2200 2200 2173 2261 2273 2170 2173 2173 2200 2273 2199 2274 2273 2273 2200 2199 2167 2250 2253 2253 2168 2167 2198 2189 2192 2192 2199 2198 2263 2274 2199 2199 2192 2263 2260 2275 2219 2219 2157 2260 2275 2276 2114 2114 2219 2275 2276 2264 2115 2115 2114 2276 2265 2277 2234 2234 2233 2265 2281 2278 2279 2279 2280 2281 2229 2228 2266 2266 2282 2229 2224 2230 2283 2283 2225 2224 2282 2283 2230 2230 2229 2282 2287 2284 2285 2285 2286 2287 2224 2223 2227 2227 2230 2224 2291 2288 2289 2289 2290 2291 2295 2292 2293 2293 2294 2295 2286 2295 2294 2294 2287 2286 2299 2296 2297 2297 2298 2299 2281 2300 2301 2301 2278 2281 2291 2290 2302 2302 2303 2291 2303 2304 2288 2288 2291 2303 2158 2305 2306 2306 2159 2158 2298 2302 2290 2290 2299 2298 2308 2185 2188 2188 2307 2308 2310 2231 2234 2234 2309 2310 2314 2311 2312 2312 2313 2314 2318 2315 2316 2316 2317 2318 2290 2289 2296 2296 2299 2290 2281 2297 2319 2319 2300 2281 2309 2234 2277 2277 2320 2309 2111 2127 2296 2296 2289 2111 2279 2285 2284 2284 2280 2279 2110 2111 2289 2289 2288 2110 2287 2303 2302 2302 2284 2287 2297 2281 2280 2280 2298 2297 2294 2304 2303 2303 2287 2294 2293 2321 2304 2304 2294 2293 2314 2310 2309 2309 2311 2314 2284 2302 2298 2298 2280 2284 2311 2309 2320 2320 2322 2311 2269 2306 2305 2305 2270 2269 2318 2308 2307 2307 2315 2318 2296 2127 2319 2319 2297 2296 2288 2304 2321 2321 2110 2288 2222 2278 2301 2301 2268 2222 2267 2292 2295 2295 2266 2267 2203 2313 2312 2312 2204 2203 2316 2144 2143 2143 2317 2316 2204 2312 2323 2323 2259 2204 2257 2272 2271 2271 2256 2257 2285 2283 2282 2282 2286 2285 2278 2222 2225 2225 2279 2278 2266 2295 2286 2286 2282 2266 2279 2225 2283 2283 2285 2279 2114 2113 2218 2218 2219 2114 2311 2322 2323 2323 2312 2311 2327 2324 2325 2325 2326 2327 2331 2328 2329 2329 2330 2331 2335 2332 2333 2333 2334 2335 2339 2336 2337 2337 2338 2339 2343 2340 2341 2341 2342 2343 2347 2344 2345 2345 2346 2347 2351 2348 2349 2349 2350 2351 2355 2352 2353 2353 2354 2355 2359 2356 2357 2357 2358 2359 2363 2360 2361 2361 2362 2363 2367 2364 2365 2365 2366 2367 2371 2368 2369 2369 2370 2371 2375 2372 2373 2373 2374 2375 2379 2376 2377 2377 2378 2379 2383 2380 2381 2381 2382 2383 2387 2384 2385 2385 2386 2387 2391 2388 2389 2389 2390 2391 2385 2376 2379 2379 2386 2385 2392 2393 2384 2349 2348 2394 2389 2388 2394 2381 2380 2394 2373 2372 2394 2365 2364 2394 2357 2356 2394 2324 2339 2338 2338 2325 2324 2365 2372 2375 2375 2366 2365 2349 2356 2359 2359 2350 2349 2377 2368 2371 2371 2378 2377 2373 2380 2383 2383 2374 2373 2394 2380 2373 2336 2335 2334 2334 2337 2336 2394 2388 2381 2332 2331 2330 2330 2333 2332 2392 2384 2387 2387 2395 2392 2361 2352 2355 2355 2362 2361 2357 2364 2367 2367 2358 2357 2394 2348 2389 2397 2327 2326 2326 2396 2397 2393 2385 2384 2393 2377 2376 2393 2369 2368 2393 2361 2360 2352 2393 2353 2394 2356 2349 2340 2347 2346 2346 2341 2340 2381 2388 2391 2391 2382 2381 2369 2360 2363 2363 2370 2369 2389 2348 2351 2351 2390 2389 2353 2398 2399 2399 2354 2353 2394 2364 2357 2328 2343 2342 2342 2329 2328 2394 2372 2365 2393 2352 2361 2393 2360 2369 2393 2368 2377 2393 2376 2385 2392 2398 2393 2353 2393 2398 2399 2398 2392 2392 2395 2399 2400 2401 2402 2400 2402 2403 2402 2404 2403 2408 2405 2406 2406 2407 2408 2407 2406 2409 2409 2410 2407 2410 2409 2411 2411 2412 2410 2402 2413 2404 2417 2414 2415 2415 2416 2417 2412 2411 2418 2418 2419 2412 2402 2420 2413 2421 2415 2422 2424 2423 2408 2408 2407 2424 2419 2418 2425 2425 2426 2419 2426 2427 2428 2428 2419 2426 2428 2424 2407 2407 2410 2428 2414 2417 2429 2429 2430 2414 2419 2428 2410 2410 2412 2419 2432 2431 2423 2423 2424 2432 2427 2432 2424 2424 2428 2427 2432 2427 2433 2433 2434 2432 2427 2426 2435 2435 2433 2427 2431 2432 2434 2434 2436 2431 2437 2425 2438 2435 2426 2425 2425 2437 2435 2425 2439 2440 2440 2438 2425 2402 2441 2420 2409 2442 2443 2443 2411 2409 2411 2443 2444 2444 2418 2411 2425 2445 2446 2446 2439 2425 2406 2447 2442 2442 2409 2406 2418 2444 2445 2445 2425 2418 2420 2441 2448 2448 2449 2420 2401 2400 2450 2450 2451 2401 2413 2420 2449 2449 2452 2413 2400 2403 2453 2453 2450 2400 2404 2413 2452 2452 2454 2404 2405 2455 2447 2447 2406 2405 2403 2404 2454 2454 2453 2403 2415 2456 2416 2456 2415 2457 2457 2415 2421 2458 2459 2460 2458 2461 2459 2459 2461 2462 2466 2463 2464 2464 2465 2466 2468 2466 2465 2465 2467 2468 2470 2468 2467 2467 2469 2470 2459 2462 2471 2475 2472 2473 2473 2474 2475 2477 2470 2469 2469 2476 2477 2459 2471 2478 2479 2480 2475 2464 2481 2482 2482 2465 2464 2484 2477 2476 2476 2483 2484 2486 2485 2483 2483 2476 2486 2465 2482 2486 2486 2467 2465 2488 2473 2472 2472 2487 2488 2467 2486 2476 2476 2469 2467 2481 2489 2490 2490 2482 2481 2482 2490 2485 2485 2486 2482 2492 2485 2490 2490 2491 2492 2493 2483 2485 2485 2492 2493 2491 2490 2489 2489 2494 2491 2495 2496 2484 2484 2483 2493 2493 2495 2484 2498 2497 2484 2484 2496 2498 2459 2478 2499 2501 2500 2468 2468 2470 2501 2502 2501 2470 2470 2477 2502 2504 2503 2484 2484 2497 2504 2500 2505 2466 2466 2468 2500 2503 2502 2477 2477 2484 2503 2507 2499 2478 2478 2506 2507 2509 2458 2460 2460 2508 2509 2506 2478 2471 2471 2510 2506 2511 2461 2458 2458 2509 2511 2510 2471 2462 2462 2512 2510 2505 2513 2463 2463 2466 2505 2512 2462 2461 2461 2511 2512 2475 2474 2514 2514 2515 2475 2515 2479 2475 2516 2517 2518 2516 2519 2517 2517 2519 2520 2524 2521 2522 2522 2523 2524 2526 2524 2523 2523 2525 2526 2528 2526 2525 2525 2527 2528 2517 2520 2529 2533 2530 2531 2531 2532 2533 2535 2528 2527 2527 2534 2535 2517 2529 2536 2537 2538 2533 2522 2539 2540 2540 2523 2522 2542 2535 2534 2534 2541 2542 2544 2543 2541 2541 2534 2544 2523 2540 2544 2544 2525 2523 2546 2531 2530 2530 2545 2546 2525 2544 2534 2534 2527 2525 2539 2547 2548 2548 2540 2539 2540 2548 2543 2543 2544 2540 2550 2543 2548 2548 2549 2550 2551 2541 2543 2543 2550 2551 2549 2548 2547 2547 2552 2549 2553 2554 2542 2542 2541 2551 2551 2553 2542 2556 2555 2542 2542 2554 2556 2517 2536 2557 2559 2558 2526 2526 2528 2559 2560 2559 2528 2528 2535 2560 2562 2561 2542 2542 2555 2562 2558 2563 2524 2524 2526 2558 2561 2560 2535 2535 2542 2561 2565 2557 2536 2536 2564 2565 2567 2516 2518 2518 2566 2567 2564 2536 2529 2529 2568 2564 2569 2519 2516 2516 2567 2569 2568 2529 2520 2520 2570 2568 2563 2571 2521 2521 2524 2563 2570 2520 2519 2519 2569 2570 2533 2532 2572 2572 2573 2533 2573 2537 2533 2574 2575 2576 2574 2576 2577 2576 2578 2577 2582 2579 2580 2580 2581 2582 2581 2580 2583 2583 2584 2581 2584 2583 2585 2585 2586 2584 2576 2587 2578 2591 2588 2589 2589 2590 2591 2586 2585 2592 2592 2593 2586 2576 2594 2587 2595 2589 2596 2598 2597 2582 2582 2581 2598 2593 2592 2599 2599 2600 2593 2600 2601 2602 2602 2593 2600 2602 2598 2581 2581 2584 2602 2588 2591 2603 2603 2604 2588 2593 2602 2584 2584 2586 2593 2606 2605 2597 2597 2598 2606 2601 2606 2598 2598 2602 2601 2606 2601 2607 2607 2608 2606 2601 2600 2609 2609 2607 2601 2605 2606 2608 2608 2610 2605 2611 2599 2612 2609 2600 2599 2599 2611 2609 2599 2613 2614 2614 2612 2599 2576 2615 2594 2583 2616 2617 2617 2585 2583 2585 2617 2618 2618 2592 2585 2599 2619 2620 2620 2613 2599 2580 2621 2616 2616 2583 2580 2592 2618 2619 2619 2599 2592 2594 2615 2622 2622 2623 2594 2575 2574 2624 2624 2625 2575 2587 2594 2623 2623 2626 2587 2574 2577 2627 2627 2624 2574 2578 2587 2626 2626 2628 2578 2579 2629 2621 2621 2580 2579 2577 2578 2628 2628 2627 2577 2589 2630 2590 2630 2589 2631 2631 2589 2595 2635 2632 2633 2633 2634 2635 2634 2633 2636 2636 2637 2634 2637 2636 2638 2638 2639 2637 2639 2638 2640 2640 2641 2639 2641 2640 2642 2642 2643 2641 2643 2642 2644 2644 2645 2643 2645 2644 2646 2646 2647 2645 2647 2646 2648 2648 2649 2647 2649 2648 2650 2650 2651 2649 2651 2650 2652 2652 2653 2651 2653 2652 2654 2654 2655 2653 2655 2654 2632 2632 2635 2655 2656 2657 2658 2658 2659 2660 2658 2661 2662 2663 2664 2665 2658 2666 2659 2658 2667 2661 2663 2668 2664 2658 2657 2666 2658 2660 2667 2658 2662 2669 2658 2670 2656 2663 2665 2671 </p>
        </polylist>
      </mesh>
    </geometry>
  </library_geometries>
  <library_visual_scenes>
    <visual_scene id="root" name="root">
      <node id="PIPE_LOW_POLY" name="PIPE_LOW_POLY">
        <matrix>1 0 0 0 0 1 0 0 0 0 1 0 0 0 0 1</matrix>
        <instance_geometry url="#meshId0">
          <bind_material>
            <technique_common>
              <instance_material symbol="defaultMaterial" target="#Material" />
            </technique_common>
          </bind_material>
        </instance_geometry>
      </node>
    </visual_scene>
  </library_visual_scenes>
  <scene>
    <instance_visual_scene url="#root" />
  </scene>
</COLLADA>
